accuracy_after_ft,accuracy_before_ft,accuracy_drop,accuracy_recovery,achieved_sparsity_global,error,method,pruning_method,run_dir,seed,target_sparsity
0.7144,0.7144,0.006699999999999928,0.0,0.09990530303030302,,bp_antidecouple,magnitude,results/learning_rules/vgg16_cifar100/vgg16_cifar100_bp_antidecouple_e100_20260517_185014_13530275,42,0.1
0.0794,0.0794,0.6416999999999999,0.0,0.2999526515151515,,bp_antidecouple,magnitude,results/learning_rules/vgg16_cifar100/vgg16_cifar100_bp_antidecouple_e100_20260517_185014_13530275,42,0.3
0.0128,0.0128,0.7082999999999999,0.0,0.4815340909090909,,bp_antidecouple,magnitude,results/learning_rules/vgg16_cifar100/vgg16_cifar100_bp_antidecouple_e100_20260517_185014_13530275,42,0.5
0.01,0.01,0.7111,0.0,0.6785037878787878,,bp_antidecouple,magnitude,results/learning_rules/vgg16_cifar100/vgg16_cifar100_bp_antidecouple_e100_20260517_185014_13530275,42,0.7
0.01,0.01,0.7111,0.0,0.7767518939393939,,bp_antidecouple,magnitude,results/learning_rules/vgg16_cifar100/vgg16_cifar100_bp_antidecouple_e100_20260517_185014_13530275,42,0.8
0.01,0.01,0.7111,0.0,0.8738162878787878,,bp_antidecouple,magnitude,results/learning_rules/vgg16_cifar100/vgg16_cifar100_bp_antidecouple_e100_20260517_185014_13530275,42,0.9
0.7135,0.7135,0.00759999999999994,0.0,0.09990530303030302,,bp_antidecouple,taylor,results/learning_rules/vgg16_cifar100/vgg16_cifar100_bp_antidecouple_e100_20260517_185014_13530275,42,0.1
0.0233,0.0233,0.6978,0.0,0.29521780303030304,,bp_antidecouple,taylor,results/learning_rules/vgg16_cifar100/vgg16_cifar100_bp_antidecouple_e100_20260517_185014_13530275,42,0.3
0.0101,0.0101,0.711,0.0,0.48200757575757575,,bp_antidecouple,taylor,results/learning_rules/vgg16_cifar100/vgg16_cifar100_bp_antidecouple_e100_20260517_185014_13530275,42,0.5
0.01,0.01,0.7111,0.0,0.6808712121212122,,bp_antidecouple,taylor,results/learning_rules/vgg16_cifar100/vgg16_cifar100_bp_antidecouple_e100_20260517_185014_13530275,42,0.7
0.01,0.01,0.7111,0.0,0.7769886363636364,,bp_antidecouple,taylor,results/learning_rules/vgg16_cifar100/vgg16_cifar100_bp_antidecouple_e100_20260517_185014_13530275,42,0.8
0.01,0.01,0.7111,0.0,0.8752367424242424,,bp_antidecouple,taylor,results/learning_rules/vgg16_cifar100/vgg16_cifar100_bp_antidecouple_e100_20260517_185014_13530275,42,0.9
0.5993,0.5993,0.12179999999999991,0.0,0.09990530303030302,,bp_antidecouple,composite,results/learning_rules/vgg16_cifar100/vgg16_cifar100_bp_antidecouple_e100_20260517_185014_13530275,42,0.1
0.0327,0.0327,0.6884,0.0,0.2999526515151515,,bp_antidecouple,composite,results/learning_rules/vgg16_cifar100/vgg16_cifar100_bp_antidecouple_e100_20260517_185014_13530275,42,0.3
0.0105,0.0105,0.7106,0.0,0.49763257575757575,,bp_antidecouple,composite,results/learning_rules/vgg16_cifar100/vgg16_cifar100_bp_antidecouple_e100_20260517_185014_13530275,42,0.5
0.01,0.01,0.7111,0.0,0.6946022727272727,,bp_antidecouple,composite,results/learning_rules/vgg16_cifar100/vgg16_cifar100_bp_antidecouple_e100_20260517_185014_13530275,42,0.7
0.01,0.01,0.7111,0.0,0.7904829545454546,,bp_antidecouple,composite,results/learning_rules/vgg16_cifar100/vgg16_cifar100_bp_antidecouple_e100_20260517_185014_13530275,42,0.8
0.01,0.01,0.7111,0.0,0.8849431818181818,,bp_antidecouple,composite,results/learning_rules/vgg16_cifar100/vgg16_cifar100_bp_antidecouple_e100_20260517_185014_13530275,42,0.9
0.7134,0.7134,0.007699999999999929,0.0,0.09990530303030302,,bp_antidecouple,cap_ixy_hybrid_taylor,results/learning_rules/vgg16_cifar100/vgg16_cifar100_bp_antidecouple_e100_20260517_185014_13530275,42,0.1
0.0114,0.0114,0.7097,0.0,0.29521780303030304,,bp_antidecouple,cap_ixy_hybrid_taylor,results/learning_rules/vgg16_cifar100/vgg16_cifar100_bp_antidecouple_e100_20260517_185014_13530275,42,0.3
0.01,0.01,0.7111,0.0,0.48200757575757575,,bp_antidecouple,cap_ixy_hybrid_taylor,results/learning_rules/vgg16_cifar100/vgg16_cifar100_bp_antidecouple_e100_20260517_185014_13530275,42,0.5
0.01,0.01,0.7111,0.0,0.6808712121212122,,bp_antidecouple,cap_ixy_hybrid_taylor,results/learning_rules/vgg16_cifar100/vgg16_cifar100_bp_antidecouple_e100_20260517_185014_13530275,42,0.7
0.01,0.01,0.7111,0.0,0.7769886363636364,,bp_antidecouple,cap_ixy_hybrid_taylor,results/learning_rules/vgg16_cifar100/vgg16_cifar100_bp_antidecouple_e100_20260517_185014_13530275,42,0.8
0.01,0.01,0.7111,0.0,0.8752367424242424,,bp_antidecouple,cap_ixy_hybrid_taylor,results/learning_rules/vgg16_cifar100/vgg16_cifar100_bp_antidecouple_e100_20260517_185014_13530275,42,0.9
0.7172,0.7172,0.0039000000000000146,0.0,0.09990530303030302,,bp_antidecouple,composite_twoaxis_ixy_hybrid_taylor,results/learning_rules/vgg16_cifar100/vgg16_cifar100_bp_antidecouple_e100_20260517_185014_13530275,42,0.1
0.0638,0.0638,0.6573,0.0,0.29521780303030304,,bp_antidecouple,composite_twoaxis_ixy_hybrid_taylor,results/learning_rules/vgg16_cifar100/vgg16_cifar100_bp_antidecouple_e100_20260517_185014_13530275,42,0.3
0.015,0.015,0.7061,0.0,0.48200757575757575,,bp_antidecouple,composite_twoaxis_ixy_hybrid_taylor,results/learning_rules/vgg16_cifar100/vgg16_cifar100_bp_antidecouple_e100_20260517_185014_13530275,42,0.5
0.01,0.01,0.7111,0.0,0.6808712121212122,,bp_antidecouple,composite_twoaxis_ixy_hybrid_taylor,results/learning_rules/vgg16_cifar100/vgg16_cifar100_bp_antidecouple_e100_20260517_185014_13530275,42,0.7
0.01,0.01,0.7111,0.0,0.7769886363636364,,bp_antidecouple,composite_twoaxis_ixy_hybrid_taylor,results/learning_rules/vgg16_cifar100/vgg16_cifar100_bp_antidecouple_e100_20260517_185014_13530275,42,0.8
0.01,0.01,0.7111,0.0,0.8752367424242424,,bp_antidecouple,composite_twoaxis_ixy_hybrid_taylor,results/learning_rules/vgg16_cifar100/vgg16_cifar100_bp_antidecouple_e100_20260517_185014_13530275,42,0.9
0.7183,0.7183,0.006199999999999983,0.0,0.09990530303030302,,bp_antidecouple,magnitude,results/learning_rules/vgg16_cifar100/vgg16_cifar100_bp_antidecouple_e100_20260517_185800_13530276,123,0.1
0.0375,0.0375,0.687,0.0,0.2999526515151515,,bp_antidecouple,magnitude,results/learning_rules/vgg16_cifar100/vgg16_cifar100_bp_antidecouple_e100_20260517_185800_13530276,123,0.3
0.0175,0.0175,0.7070000000000001,0.0,0.4815340909090909,,bp_antidecouple,magnitude,results/learning_rules/vgg16_cifar100/vgg16_cifar100_bp_antidecouple_e100_20260517_185800_13530276,123,0.5
0.01,0.01,0.7145,0.0,0.6777935606060606,,bp_antidecouple,magnitude,results/learning_rules/vgg16_cifar100/vgg16_cifar100_bp_antidecouple_e100_20260517_185800_13530276,123,0.7
0.01,0.01,0.7145,0.0,0.7760416666666666,,bp_antidecouple,magnitude,results/learning_rules/vgg16_cifar100/vgg16_cifar100_bp_antidecouple_e100_20260517_185800_13530276,123,0.8
0.01,0.01,0.7145,0.0,0.8719223484848485,,bp_antidecouple,magnitude,results/learning_rules/vgg16_cifar100/vgg16_cifar100_bp_antidecouple_e100_20260517_185800_13530276,123,0.9
0.7167,0.7167,0.007800000000000029,0.0,0.09990530303030302,,bp_antidecouple,taylor,results/learning_rules/vgg16_cifar100/vgg16_cifar100_bp_antidecouple_e100_20260517_185800_13530276,123,0.1
0.0209,0.0209,0.7036,0.0,0.29640151515151514,,bp_antidecouple,taylor,results/learning_rules/vgg16_cifar100/vgg16_cifar100_bp_antidecouple_e100_20260517_185800_13530276,123,0.3
0.01,0.01,0.7145,0.0,0.48200757575757575,,bp_antidecouple,taylor,results/learning_rules/vgg16_cifar100/vgg16_cifar100_bp_antidecouple_e100_20260517_185800_13530276,123,0.5
0.01,0.01,0.7145,0.0,0.6799242424242424,,bp_antidecouple,taylor,results/learning_rules/vgg16_cifar100/vgg16_cifar100_bp_antidecouple_e100_20260517_185800_13530276,123,0.7
0.01,0.01,0.7145,0.0,0.7755681818181818,,bp_antidecouple,taylor,results/learning_rules/vgg16_cifar100/vgg16_cifar100_bp_antidecouple_e100_20260517_185800_13530276,123,0.8
0.01,0.01,0.7145,0.0,0.8752367424242424,,bp_antidecouple,taylor,results/learning_rules/vgg16_cifar100/vgg16_cifar100_bp_antidecouple_e100_20260517_185800_13530276,123,0.9
0.5158,0.5158,0.2087,0.0,0.09990530303030302,,bp_antidecouple,composite,results/learning_rules/vgg16_cifar100/vgg16_cifar100_bp_antidecouple_e100_20260517_185800_13530276,123,0.1
0.0825,0.0825,0.642,0.0,0.2999526515151515,,bp_antidecouple,composite,results/learning_rules/vgg16_cifar100/vgg16_cifar100_bp_antidecouple_e100_20260517_185800_13530276,123,0.3
0.0106,0.0106,0.7139,0.0,0.5,,bp_antidecouple,composite,results/learning_rules/vgg16_cifar100/vgg16_cifar100_bp_antidecouple_e100_20260517_185800_13530276,123,0.5
0.01,0.01,0.7145,0.0,0.6998106060606061,,bp_antidecouple,composite,results/learning_rules/vgg16_cifar100/vgg16_cifar100_bp_antidecouple_e100_20260517_185800_13530276,123,0.7
0.01,0.01,0.7145,0.0,0.7994791666666666,,bp_antidecouple,composite,results/learning_rules/vgg16_cifar100/vgg16_cifar100_bp_antidecouple_e100_20260517_185800_13530276,123,0.8
0.01,0.01,0.7145,0.0,0.8868371212121212,,bp_antidecouple,composite,results/learning_rules/vgg16_cifar100/vgg16_cifar100_bp_antidecouple_e100_20260517_185800_13530276,123,0.9
0.5465,0.5465,0.17800000000000005,0.0,0.09990530303030302,,bp_antidecouple,cap_ixy_hybrid_taylor,results/learning_rules/vgg16_cifar100/vgg16_cifar100_bp_antidecouple_e100_20260517_185800_13530276,123,0.1
0.0439,0.0439,0.6806,0.0,0.29640151515151514,,bp_antidecouple,cap_ixy_hybrid_taylor,results/learning_rules/vgg16_cifar100/vgg16_cifar100_bp_antidecouple_e100_20260517_185800_13530276,123,0.3
0.01,0.01,0.7145,0.0,0.48200757575757575,,bp_antidecouple,cap_ixy_hybrid_taylor,results/learning_rules/vgg16_cifar100/vgg16_cifar100_bp_antidecouple_e100_20260517_185800_13530276,123,0.5
0.01,0.01,0.7145,0.0,0.6799242424242424,,bp_antidecouple,cap_ixy_hybrid_taylor,results/learning_rules/vgg16_cifar100/vgg16_cifar100_bp_antidecouple_e100_20260517_185800_13530276,123,0.7
0.01,0.01,0.7145,0.0,0.7755681818181818,,bp_antidecouple,cap_ixy_hybrid_taylor,results/learning_rules/vgg16_cifar100/vgg16_cifar100_bp_antidecouple_e100_20260517_185800_13530276,123,0.8
0.01,0.01,0.7145,0.0,0.8752367424242424,,bp_antidecouple,cap_ixy_hybrid_taylor,results/learning_rules/vgg16_cifar100/vgg16_cifar100_bp_antidecouple_e100_20260517_185800_13530276,123,0.9
0.7158,0.7158,0.008700000000000041,0.0,0.09990530303030302,,bp_antidecouple,composite_twoaxis_ixy_hybrid_taylor,results/learning_rules/vgg16_cifar100/vgg16_cifar100_bp_antidecouple_e100_20260517_185800_13530276,123,0.1
0.0268,0.0268,0.6977,0.0,0.29640151515151514,,bp_antidecouple,composite_twoaxis_ixy_hybrid_taylor,results/learning_rules/vgg16_cifar100/vgg16_cifar100_bp_antidecouple_e100_20260517_185800_13530276,123,0.3
0.0132,0.0132,0.7113,0.0,0.48200757575757575,,bp_antidecouple,composite_twoaxis_ixy_hybrid_taylor,results/learning_rules/vgg16_cifar100/vgg16_cifar100_bp_antidecouple_e100_20260517_185800_13530276,123,0.5
0.01,0.01,0.7145,0.0,0.6799242424242424,,bp_antidecouple,composite_twoaxis_ixy_hybrid_taylor,results/learning_rules/vgg16_cifar100/vgg16_cifar100_bp_antidecouple_e100_20260517_185800_13530276,123,0.7
0.01,0.01,0.7145,0.0,0.7755681818181818,,bp_antidecouple,composite_twoaxis_ixy_hybrid_taylor,results/learning_rules/vgg16_cifar100/vgg16_cifar100_bp_antidecouple_e100_20260517_185800_13530276,123,0.8
0.01,0.01,0.7145,0.0,0.8752367424242424,,bp_antidecouple,composite_twoaxis_ixy_hybrid_taylor,results/learning_rules/vgg16_cifar100/vgg16_cifar100_bp_antidecouple_e100_20260517_185800_13530276,123,0.9
0.7185,0.7185,0.0040000000000000036,0.0,0.09990530303030302,,bp_antidecouple,magnitude,results/learning_rules/vgg16_cifar100/vgg16_cifar100_bp_antidecouple_e100_20260517_190043_13530278,789,0.1
0.0375,0.0375,0.685,0.0,0.2999526515151515,,bp_antidecouple,magnitude,results/learning_rules/vgg16_cifar100/vgg16_cifar100_bp_antidecouple_e100_20260517_190043_13530278,789,0.3
0.01,0.01,0.7125,0.0,0.4815340909090909,,bp_antidecouple,magnitude,results/learning_rules/vgg16_cifar100/vgg16_cifar100_bp_antidecouple_e100_20260517_190043_13530278,789,0.5
0.01,0.01,0.7125,0.0,0.6787405303030303,,bp_antidecouple,magnitude,results/learning_rules/vgg16_cifar100/vgg16_cifar100_bp_antidecouple_e100_20260517_190043_13530278,789,0.7
0.01,0.01,0.7125,0.0,0.7762784090909091,,bp_antidecouple,magnitude,results/learning_rules/vgg16_cifar100/vgg16_cifar100_bp_antidecouple_e100_20260517_190043_13530278,789,0.8
0.01,0.01,0.7125,0.0,0.8709753787878788,,bp_antidecouple,magnitude,results/learning_rules/vgg16_cifar100/vgg16_cifar100_bp_antidecouple_e100_20260517_190043_13530278,789,0.9
0.7182,0.7182,0.0043000000000000815,0.0,0.09990530303030302,,bp_antidecouple,taylor,results/learning_rules/vgg16_cifar100/vgg16_cifar100_bp_antidecouple_e100_20260517_190043_13530278,789,0.1
0.0295,0.0295,0.6930000000000001,0.0,0.2961647727272727,,bp_antidecouple,taylor,results/learning_rules/vgg16_cifar100/vgg16_cifar100_bp_antidecouple_e100_20260517_190043_13530278,789,0.3
0.01,0.01,0.7125,0.0,0.4817708333333333,,bp_antidecouple,taylor,results/learning_rules/vgg16_cifar100/vgg16_cifar100_bp_antidecouple_e100_20260517_190043_13530278,789,0.5
0.01,0.01,0.7125,0.0,0.6801609848484849,,bp_antidecouple,taylor,results/learning_rules/vgg16_cifar100/vgg16_cifar100_bp_antidecouple_e100_20260517_190043_13530278,789,0.7
0.01,0.01,0.7125,0.0,0.7765151515151515,,bp_antidecouple,taylor,results/learning_rules/vgg16_cifar100/vgg16_cifar100_bp_antidecouple_e100_20260517_190043_13530278,789,0.8
0.01,0.01,0.7125,0.0,0.875,,bp_antidecouple,taylor,results/learning_rules/vgg16_cifar100/vgg16_cifar100_bp_antidecouple_e100_20260517_190043_13530278,789,0.9
0.39,0.39,0.3325,0.0,0.09990530303030302,,bp_antidecouple,composite,results/learning_rules/vgg16_cifar100/vgg16_cifar100_bp_antidecouple_e100_20260517_190043_13530278,789,0.1
0.0451,0.0451,0.6774,0.0,0.2999526515151515,,bp_antidecouple,composite,results/learning_rules/vgg16_cifar100/vgg16_cifar100_bp_antidecouple_e100_20260517_190043_13530278,789,0.3
0.01,0.01,0.7125,0.0,0.5,,bp_antidecouple,composite,results/learning_rules/vgg16_cifar100/vgg16_cifar100_bp_antidecouple_e100_20260517_190043_13530278,789,0.5
0.01,0.01,0.7125,0.0,0.6998106060606061,,bp_antidecouple,composite,results/learning_rules/vgg16_cifar100/vgg16_cifar100_bp_antidecouple_e100_20260517_190043_13530278,789,0.7
0.01,0.01,0.7125,0.0,0.7999526515151515,,bp_antidecouple,composite,results/learning_rules/vgg16_cifar100/vgg16_cifar100_bp_antidecouple_e100_20260517_190043_13530278,789,0.8
0.01,0.01,0.7125,0.0,0.8946496212121212,,bp_antidecouple,composite,results/learning_rules/vgg16_cifar100/vgg16_cifar100_bp_antidecouple_e100_20260517_190043_13530278,789,0.9
0.6564,0.6564,0.06610000000000005,0.0,0.09990530303030302,,bp_antidecouple,cap_ixy_hybrid_taylor,results/learning_rules/vgg16_cifar100/vgg16_cifar100_bp_antidecouple_e100_20260517_190043_13530278,789,0.1
0.0119,0.0119,0.7106,0.0,0.2961647727272727,,bp_antidecouple,cap_ixy_hybrid_taylor,results/learning_rules/vgg16_cifar100/vgg16_cifar100_bp_antidecouple_e100_20260517_190043_13530278,789,0.3
0.01,0.01,0.7125,0.0,0.4817708333333333,,bp_antidecouple,cap_ixy_hybrid_taylor,results/learning_rules/vgg16_cifar100/vgg16_cifar100_bp_antidecouple_e100_20260517_190043_13530278,789,0.5
0.01,0.01,0.7125,0.0,0.6801609848484849,,bp_antidecouple,cap_ixy_hybrid_taylor,results/learning_rules/vgg16_cifar100/vgg16_cifar100_bp_antidecouple_e100_20260517_190043_13530278,789,0.7
0.01,0.01,0.7125,0.0,0.7765151515151515,,bp_antidecouple,cap_ixy_hybrid_taylor,results/learning_rules/vgg16_cifar100/vgg16_cifar100_bp_antidecouple_e100_20260517_190043_13530278,789,0.8
0.01,0.01,0.7125,0.0,0.875,,bp_antidecouple,cap_ixy_hybrid_taylor,results/learning_rules/vgg16_cifar100/vgg16_cifar100_bp_antidecouple_e100_20260517_190043_13530278,789,0.9
0.7166,0.7166,0.005900000000000016,0.0,0.09990530303030302,,bp_antidecouple,composite_twoaxis_ixy_hybrid_taylor,results/learning_rules/vgg16_cifar100/vgg16_cifar100_bp_antidecouple_e100_20260517_190043_13530278,789,0.1
0.0314,0.0314,0.6911,0.0,0.2961647727272727,,bp_antidecouple,composite_twoaxis_ixy_hybrid_taylor,results/learning_rules/vgg16_cifar100/vgg16_cifar100_bp_antidecouple_e100_20260517_190043_13530278,789,0.3
0.0145,0.0145,0.7080000000000001,0.0,0.4817708333333333,,bp_antidecouple,composite_twoaxis_ixy_hybrid_taylor,results/learning_rules/vgg16_cifar100/vgg16_cifar100_bp_antidecouple_e100_20260517_190043_13530278,789,0.5
0.01,0.01,0.7125,0.0,0.6801609848484849,,bp_antidecouple,composite_twoaxis_ixy_hybrid_taylor,results/learning_rules/vgg16_cifar100/vgg16_cifar100_bp_antidecouple_e100_20260517_190043_13530278,789,0.7
0.01,0.01,0.7125,0.0,0.7765151515151515,,bp_antidecouple,composite_twoaxis_ixy_hybrid_taylor,results/learning_rules/vgg16_cifar100/vgg16_cifar100_bp_antidecouple_e100_20260517_190043_13530278,789,0.8
0.01,0.01,0.7125,0.0,0.875,,bp_antidecouple,composite_twoaxis_ixy_hybrid_taylor,results/learning_rules/vgg16_cifar100/vgg16_cifar100_bp_antidecouple_e100_20260517_190043_13530278,789,0.9
0.7202,0.7202,0.005900000000000016,0.0,0.09990530303030302,,bp_antidecouple,magnitude,results/learning_rules/vgg16_cifar100/vgg16_cifar100_bp_antidecouple_e100_20260517_190044_13530277,456,0.1
0.0489,0.0489,0.6772,0.0,0.2999526515151515,,bp_antidecouple,magnitude,results/learning_rules/vgg16_cifar100/vgg16_cifar100_bp_antidecouple_e100_20260517_190044_13530277,456,0.3
0.011,0.011,0.7151,0.0,0.4817708333333333,,bp_antidecouple,magnitude,results/learning_rules/vgg16_cifar100/vgg16_cifar100_bp_antidecouple_e100_20260517_190044_13530277,456,0.5
0.01,0.01,0.7161,0.0,0.6775568181818182,,bp_antidecouple,magnitude,results/learning_rules/vgg16_cifar100/vgg16_cifar100_bp_antidecouple_e100_20260517_190044_13530277,456,0.7
0.01,0.01,0.7161,0.0,0.7755681818181818,,bp_antidecouple,magnitude,results/learning_rules/vgg16_cifar100/vgg16_cifar100_bp_antidecouple_e100_20260517_190044_13530277,456,0.8
0.01,0.01,0.7161,0.0,0.8714488636363636,,bp_antidecouple,magnitude,results/learning_rules/vgg16_cifar100/vgg16_cifar100_bp_antidecouple_e100_20260517_190044_13530277,456,0.9
0.7154,0.7154,0.010699999999999932,0.0,0.09990530303030302,,bp_antidecouple,taylor,results/learning_rules/vgg16_cifar100/vgg16_cifar100_bp_antidecouple_e100_20260517_190044_13530277,456,0.1
0.0139,0.0139,0.7121999999999999,0.0,0.2980587121212121,,bp_antidecouple,taylor,results/learning_rules/vgg16_cifar100/vgg16_cifar100_bp_antidecouple_e100_20260517_190044_13530277,456,0.3
0.01,0.01,0.7161,0.0,0.48200757575757575,,bp_antidecouple,taylor,results/learning_rules/vgg16_cifar100/vgg16_cifar100_bp_antidecouple_e100_20260517_190044_13530277,456,0.5
0.01,0.01,0.7161,0.0,0.6803977272727273,,bp_antidecouple,taylor,results/learning_rules/vgg16_cifar100/vgg16_cifar100_bp_antidecouple_e100_20260517_190044_13530277,456,0.7
0.01,0.01,0.7161,0.0,0.7760416666666666,,bp_antidecouple,taylor,results/learning_rules/vgg16_cifar100/vgg16_cifar100_bp_antidecouple_e100_20260517_190044_13530277,456,0.8
0.01,0.01,0.7161,0.0,0.8752367424242424,,bp_antidecouple,taylor,results/learning_rules/vgg16_cifar100/vgg16_cifar100_bp_antidecouple_e100_20260517_190044_13530277,456,0.9
0.4243,0.4243,0.30179999999999996,0.0,0.09990530303030302,,bp_antidecouple,composite,results/learning_rules/vgg16_cifar100/vgg16_cifar100_bp_antidecouple_e100_20260517_190044_13530277,456,0.1
0.0654,0.0654,0.6607,0.0,0.2999526515151515,,bp_antidecouple,composite,results/learning_rules/vgg16_cifar100/vgg16_cifar100_bp_antidecouple_e100_20260517_190044_13530277,456,0.3
0.01,0.01,0.7161,0.0,0.5,,bp_antidecouple,composite,results/learning_rules/vgg16_cifar100/vgg16_cifar100_bp_antidecouple_e100_20260517_190044_13530277,456,0.5
0.01,0.01,0.7161,0.0,0.6998106060606061,,bp_antidecouple,composite,results/learning_rules/vgg16_cifar100/vgg16_cifar100_bp_antidecouple_e100_20260517_190044_13530277,456,0.7
0.01,0.01,0.7161,0.0,0.7956912878787878,,bp_antidecouple,composite,results/learning_rules/vgg16_cifar100/vgg16_cifar100_bp_antidecouple_e100_20260517_190044_13530277,456,0.8
0.01,0.01,0.7161,0.0,0.8908617424242424,,bp_antidecouple,composite,results/learning_rules/vgg16_cifar100/vgg16_cifar100_bp_antidecouple_e100_20260517_190044_13530277,456,0.9
0.5859,0.5859,0.1402,0.0,0.09990530303030302,,bp_antidecouple,cap_ixy_hybrid_taylor,results/learning_rules/vgg16_cifar100/vgg16_cifar100_bp_antidecouple_e100_20260517_190044_13530277,456,0.1
0.0148,0.0148,0.7112999999999999,0.0,0.2980587121212121,,bp_antidecouple,cap_ixy_hybrid_taylor,results/learning_rules/vgg16_cifar100/vgg16_cifar100_bp_antidecouple_e100_20260517_190044_13530277,456,0.3
0.01,0.01,0.7161,0.0,0.48200757575757575,,bp_antidecouple,cap_ixy_hybrid_taylor,results/learning_rules/vgg16_cifar100/vgg16_cifar100_bp_antidecouple_e100_20260517_190044_13530277,456,0.5
0.01,0.01,0.7161,0.0,0.6803977272727273,,bp_antidecouple,cap_ixy_hybrid_taylor,results/learning_rules/vgg16_cifar100/vgg16_cifar100_bp_antidecouple_e100_20260517_190044_13530277,456,0.7
0.01,0.01,0.7161,0.0,0.7760416666666666,,bp_antidecouple,cap_ixy_hybrid_taylor,results/learning_rules/vgg16_cifar100/vgg16_cifar100_bp_antidecouple_e100_20260517_190044_13530277,456,0.8
0.01,0.01,0.7161,0.0,0.8752367424242424,,bp_antidecouple,cap_ixy_hybrid_taylor,results/learning_rules/vgg16_cifar100/vgg16_cifar100_bp_antidecouple_e100_20260517_190044_13530277,456,0.9
0.721,0.721,0.005099999999999993,0.0,0.09990530303030302,,bp_antidecouple,composite_twoaxis_ixy_hybrid_taylor,results/learning_rules/vgg16_cifar100/vgg16_cifar100_bp_antidecouple_e100_20260517_190044_13530277,456,0.1
0.0252,0.0252,0.7009,0.0,0.2980587121212121,,bp_antidecouple,composite_twoaxis_ixy_hybrid_taylor,results/learning_rules/vgg16_cifar100/vgg16_cifar100_bp_antidecouple_e100_20260517_190044_13530277,456,0.3
0.01,0.01,0.7161,0.0,0.48200757575757575,,bp_antidecouple,composite_twoaxis_ixy_hybrid_taylor,results/learning_rules/vgg16_cifar100/vgg16_cifar100_bp_antidecouple_e100_20260517_190044_13530277,456,0.5
0.01,0.01,0.7161,0.0,0.6803977272727273,,bp_antidecouple,composite_twoaxis_ixy_hybrid_taylor,results/learning_rules/vgg16_cifar100/vgg16_cifar100_bp_antidecouple_e100_20260517_190044_13530277,456,0.7
0.01,0.01,0.7161,0.0,0.7760416666666666,,bp_antidecouple,composite_twoaxis_ixy_hybrid_taylor,results/learning_rules/vgg16_cifar100/vgg16_cifar100_bp_antidecouple_e100_20260517_190044_13530277,456,0.8
0.01,0.01,0.7161,0.0,0.8752367424242424,,bp_antidecouple,composite_twoaxis_ixy_hybrid_taylor,results/learning_rules/vgg16_cifar100/vgg16_cifar100_bp_antidecouple_e100_20260517_190044_13530277,456,0.9
0.7182,0.7182,0.0038000000000000256,0.0,0.09990530303030302,,bp_antidecouple,magnitude,results/learning_rules/vgg16_cifar100/vgg16_cifar100_bp_antidecouple_e100_20260517_190045_13530279,1011,0.1
0.0769,0.0769,0.6451,0.0,0.2999526515151515,,bp_antidecouple,magnitude,results/learning_rules/vgg16_cifar100/vgg16_cifar100_bp_antidecouple_e100_20260517_190045_13530279,1011,0.3
0.01,0.01,0.712,0.0,0.4815340909090909,,bp_antidecouple,magnitude,results/learning_rules/vgg16_cifar100/vgg16_cifar100_bp_antidecouple_e100_20260517_190045_13530279,1011,0.5
0.01,0.01,0.712,0.0,0.6782670454545454,,bp_antidecouple,magnitude,results/learning_rules/vgg16_cifar100/vgg16_cifar100_bp_antidecouple_e100_20260517_190045_13530279,1011,0.7
0.01,0.01,0.712,0.0,0.7760416666666666,,bp_antidecouple,magnitude,results/learning_rules/vgg16_cifar100/vgg16_cifar100_bp_antidecouple_e100_20260517_190045_13530279,1011,0.8
0.01,0.01,0.712,0.0,0.8707386363636364,,bp_antidecouple,magnitude,results/learning_rules/vgg16_cifar100/vgg16_cifar100_bp_antidecouple_e100_20260517_190045_13530279,1011,0.9
0.7139,0.7139,0.008099999999999996,0.0,0.09990530303030302,,bp_antidecouple,taylor,results/learning_rules/vgg16_cifar100/vgg16_cifar100_bp_antidecouple_e100_20260517_190045_13530279,1011,0.1
0.022,0.022,0.7,0.0,0.296875,,bp_antidecouple,taylor,results/learning_rules/vgg16_cifar100/vgg16_cifar100_bp_antidecouple_e100_20260517_190045_13530279,1011,0.3
0.0126,0.0126,0.7094,0.0,0.4817708333333333,,bp_antidecouple,taylor,results/learning_rules/vgg16_cifar100/vgg16_cifar100_bp_antidecouple_e100_20260517_190045_13530279,1011,0.5
0.0103,0.0103,0.7117,0.0,0.6796875,,bp_antidecouple,taylor,results/learning_rules/vgg16_cifar100/vgg16_cifar100_bp_antidecouple_e100_20260517_190045_13530279,1011,0.7
0.0105,0.0105,0.7115,0.0,0.7765151515151515,,bp_antidecouple,taylor,results/learning_rules/vgg16_cifar100/vgg16_cifar100_bp_antidecouple_e100_20260517_190045_13530279,1011,0.8
0.01,0.01,0.712,0.0,0.8752367424242424,,bp_antidecouple,taylor,results/learning_rules/vgg16_cifar100/vgg16_cifar100_bp_antidecouple_e100_20260517_190045_13530279,1011,0.9
0.3739,0.3739,0.34809999999999997,0.0,0.09990530303030302,,bp_antidecouple,composite,results/learning_rules/vgg16_cifar100/vgg16_cifar100_bp_antidecouple_e100_20260517_190045_13530279,1011,0.1
0.0776,0.0776,0.6444,0.0,0.2999526515151515,,bp_antidecouple,composite,results/learning_rules/vgg16_cifar100/vgg16_cifar100_bp_antidecouple_e100_20260517_190045_13530279,1011,0.3
0.0114,0.0114,0.7106,0.0,0.5,,bp_antidecouple,composite,results/learning_rules/vgg16_cifar100/vgg16_cifar100_bp_antidecouple_e100_20260517_190045_13530279,1011,0.5
0.01,0.01,0.712,0.0,0.6998106060606061,,bp_antidecouple,composite,results/learning_rules/vgg16_cifar100/vgg16_cifar100_bp_antidecouple_e100_20260517_190045_13530279,1011,0.7
0.01,0.01,0.712,0.0,0.7999526515151515,,bp_antidecouple,composite,results/learning_rules/vgg16_cifar100/vgg16_cifar100_bp_antidecouple_e100_20260517_190045_13530279,1011,0.8
0.01,0.01,0.712,0.0,0.8963068181818182,,bp_antidecouple,composite,results/learning_rules/vgg16_cifar100/vgg16_cifar100_bp_antidecouple_e100_20260517_190045_13530279,1011,0.9
0.3757,0.3757,0.3463,0.0,0.09990530303030302,,bp_antidecouple,cap_ixy_hybrid_taylor,results/learning_rules/vgg16_cifar100/vgg16_cifar100_bp_antidecouple_e100_20260517_190045_13530279,1011,0.1
0.0121,0.0121,0.7099,0.0,0.296875,,bp_antidecouple,cap_ixy_hybrid_taylor,results/learning_rules/vgg16_cifar100/vgg16_cifar100_bp_antidecouple_e100_20260517_190045_13530279,1011,0.3
0.01,0.01,0.712,0.0,0.4817708333333333,,bp_antidecouple,cap_ixy_hybrid_taylor,results/learning_rules/vgg16_cifar100/vgg16_cifar100_bp_antidecouple_e100_20260517_190045_13530279,1011,0.5
0.01,0.01,0.712,0.0,0.6796875,,bp_antidecouple,cap_ixy_hybrid_taylor,results/learning_rules/vgg16_cifar100/vgg16_cifar100_bp_antidecouple_e100_20260517_190045_13530279,1011,0.7
0.01,0.01,0.712,0.0,0.7765151515151515,,bp_antidecouple,cap_ixy_hybrid_taylor,results/learning_rules/vgg16_cifar100/vgg16_cifar100_bp_antidecouple_e100_20260517_190045_13530279,1011,0.8
0.01,0.01,0.712,0.0,0.8752367424242424,,bp_antidecouple,cap_ixy_hybrid_taylor,results/learning_rules/vgg16_cifar100/vgg16_cifar100_bp_antidecouple_e100_20260517_190045_13530279,1011,0.9
0.7182,0.7182,0.0038000000000000256,0.0,0.09990530303030302,,bp_antidecouple,composite_twoaxis_ixy_hybrid_taylor,results/learning_rules/vgg16_cifar100/vgg16_cifar100_bp_antidecouple_e100_20260517_190045_13530279,1011,0.1
0.0314,0.0314,0.6906,0.0,0.296875,,bp_antidecouple,composite_twoaxis_ixy_hybrid_taylor,results/learning_rules/vgg16_cifar100/vgg16_cifar100_bp_antidecouple_e100_20260517_190045_13530279,1011,0.3
0.0105,0.0105,0.7115,0.0,0.4817708333333333,,bp_antidecouple,composite_twoaxis_ixy_hybrid_taylor,results/learning_rules/vgg16_cifar100/vgg16_cifar100_bp_antidecouple_e100_20260517_190045_13530279,1011,0.5
0.01,0.01,0.712,0.0,0.6796875,,bp_antidecouple,composite_twoaxis_ixy_hybrid_taylor,results/learning_rules/vgg16_cifar100/vgg16_cifar100_bp_antidecouple_e100_20260517_190045_13530279,1011,0.7
0.01,0.01,0.712,0.0,0.7765151515151515,,bp_antidecouple,composite_twoaxis_ixy_hybrid_taylor,results/learning_rules/vgg16_cifar100/vgg16_cifar100_bp_antidecouple_e100_20260517_190045_13530279,1011,0.8
0.01,0.01,0.712,0.0,0.8752367424242424,,bp_antidecouple,composite_twoaxis_ixy_hybrid_taylor,results/learning_rules/vgg16_cifar100/vgg16_cifar100_bp_antidecouple_e100_20260517_190045_13530279,1011,0.9
0.7178,0.7178,0.0015000000000000568,0.0,0.09990530303030302,,bp,magnitude,results/learning_rules/vgg16_cifar100/vgg16_cifar100_bp_baseline_e100_20260516_162944_13306395,42,0.1
0.0464,0.0464,0.6729,0.0,0.2999526515151515,,bp,magnitude,results/learning_rules/vgg16_cifar100/vgg16_cifar100_bp_baseline_e100_20260516_162944_13306395,42,0.3
0.01,0.01,0.7093,0.0,0.4815340909090909,,bp,magnitude,results/learning_rules/vgg16_cifar100/vgg16_cifar100_bp_baseline_e100_20260516_162944_13306395,42,0.5
0.01,0.01,0.7093,0.0,0.6777935606060606,,bp,magnitude,results/learning_rules/vgg16_cifar100/vgg16_cifar100_bp_baseline_e100_20260516_162944_13306395,42,0.7
0.01,0.01,0.7093,0.0,0.7758049242424242,,bp,magnitude,results/learning_rules/vgg16_cifar100/vgg16_cifar100_bp_baseline_e100_20260516_162944_13306395,42,0.8
0.01,0.01,0.7093,0.0,0.8695549242424242,,bp,magnitude,results/learning_rules/vgg16_cifar100/vgg16_cifar100_bp_baseline_e100_20260516_162944_13306395,42,0.9
0.7152,0.7152,0.0041000000000001036,0.0,0.09990530303030302,,bp,taylor,results/learning_rules/vgg16_cifar100/vgg16_cifar100_bp_baseline_e100_20260516_162944_13306395,42,0.1
0.0868,0.0868,0.6325000000000001,0.0,0.29663825757575757,,bp,taylor,results/learning_rules/vgg16_cifar100/vgg16_cifar100_bp_baseline_e100_20260516_162944_13306395,42,0.3
0.01,0.01,0.7093,0.0,0.4817708333333333,,bp,taylor,results/learning_rules/vgg16_cifar100/vgg16_cifar100_bp_baseline_e100_20260516_162944_13306395,42,0.5
0.01,0.01,0.7093,0.0,0.6799242424242424,,bp,taylor,results/learning_rules/vgg16_cifar100/vgg16_cifar100_bp_baseline_e100_20260516_162944_13306395,42,0.7
0.01,0.01,0.7093,0.0,0.7772253787878788,,bp,taylor,results/learning_rules/vgg16_cifar100/vgg16_cifar100_bp_baseline_e100_20260516_162944_13306395,42,0.8
0.01,0.01,0.7093,0.0,0.8752367424242424,,bp,taylor,results/learning_rules/vgg16_cifar100/vgg16_cifar100_bp_baseline_e100_20260516_162944_13306395,42,0.9
0.4113,0.4113,0.30800000000000005,0.0,0.09990530303030302,,bp,composite,results/learning_rules/vgg16_cifar100/vgg16_cifar100_bp_baseline_e100_20260516_162944_13306395,42,0.1
0.0622,0.0622,0.6571,0.0,0.2999526515151515,,bp,composite,results/learning_rules/vgg16_cifar100/vgg16_cifar100_bp_baseline_e100_20260516_162944_13306395,42,0.3
0.0197,0.0197,0.6996,0.0,0.5,,bp,composite,results/learning_rules/vgg16_cifar100/vgg16_cifar100_bp_baseline_e100_20260516_162944_13306395,42,0.5
0.0079,0.0079,0.7114,0.0,0.6998106060606061,,bp,composite,results/learning_rules/vgg16_cifar100/vgg16_cifar100_bp_baseline_e100_20260516_162944_13306395,42,0.7
0.01,0.01,0.7093,0.0,0.7999526515151515,,bp,composite,results/learning_rules/vgg16_cifar100/vgg16_cifar100_bp_baseline_e100_20260516_162944_13306395,42,0.8
0.01,0.01,0.7093,0.0,0.8974905303030303,,bp,composite,results/learning_rules/vgg16_cifar100/vgg16_cifar100_bp_baseline_e100_20260516_162944_13306395,42,0.9
0.698,0.698,0.021300000000000097,0.0,0.09990530303030302,,bp,cap_ixy_hybrid_taylor,results/learning_rules/vgg16_cifar100/vgg16_cifar100_bp_baseline_e100_20260516_162944_13306395,42,0.1
0.0148,0.0148,0.7045,0.0,0.29663825757575757,,bp,cap_ixy_hybrid_taylor,results/learning_rules/vgg16_cifar100/vgg16_cifar100_bp_baseline_e100_20260516_162944_13306395,42,0.3
0.01,0.01,0.7093,0.0,0.4817708333333333,,bp,cap_ixy_hybrid_taylor,results/learning_rules/vgg16_cifar100/vgg16_cifar100_bp_baseline_e100_20260516_162944_13306395,42,0.5
0.01,0.01,0.7093,0.0,0.6799242424242424,,bp,cap_ixy_hybrid_taylor,results/learning_rules/vgg16_cifar100/vgg16_cifar100_bp_baseline_e100_20260516_162944_13306395,42,0.7
0.01,0.01,0.7093,0.0,0.7772253787878788,,bp,cap_ixy_hybrid_taylor,results/learning_rules/vgg16_cifar100/vgg16_cifar100_bp_baseline_e100_20260516_162944_13306395,42,0.8
0.01,0.01,0.7093,0.0,0.8752367424242424,,bp,cap_ixy_hybrid_taylor,results/learning_rules/vgg16_cifar100/vgg16_cifar100_bp_baseline_e100_20260516_162944_13306395,42,0.9
0.7156,0.7156,0.0037000000000000366,0.0,0.09990530303030302,,bp,composite_twoaxis_ixy_hybrid_taylor,results/learning_rules/vgg16_cifar100/vgg16_cifar100_bp_baseline_e100_20260516_162944_13306395,42,0.1
0.1161,0.1161,0.6032000000000001,0.0,0.29663825757575757,,bp,composite_twoaxis_ixy_hybrid_taylor,results/learning_rules/vgg16_cifar100/vgg16_cifar100_bp_baseline_e100_20260516_162944_13306395,42,0.3
0.01,0.01,0.7093,0.0,0.4817708333333333,,bp,composite_twoaxis_ixy_hybrid_taylor,results/learning_rules/vgg16_cifar100/vgg16_cifar100_bp_baseline_e100_20260516_162944_13306395,42,0.5
0.01,0.01,0.7093,0.0,0.6799242424242424,,bp,composite_twoaxis_ixy_hybrid_taylor,results/learning_rules/vgg16_cifar100/vgg16_cifar100_bp_baseline_e100_20260516_162944_13306395,42,0.7
0.01,0.01,0.7093,0.0,0.7772253787878788,,bp,composite_twoaxis_ixy_hybrid_taylor,results/learning_rules/vgg16_cifar100/vgg16_cifar100_bp_baseline_e100_20260516_162944_13306395,42,0.8
0.01,0.01,0.7093,0.0,0.8752367424242424,,bp,composite_twoaxis_ixy_hybrid_taylor,results/learning_rules/vgg16_cifar100/vgg16_cifar100_bp_baseline_e100_20260516_162944_13306395,42,0.9
0.7178,0.7178,0.0015000000000000568,0.0,0.09990530303030302,,bp,magnitude,results/learning_rules/vgg16_cifar100/vgg16_cifar100_bp_baseline_e100_20260517_092620_13469051,42,0.1
0.0464,0.0464,0.6729,0.0,0.2999526515151515,,bp,magnitude,results/learning_rules/vgg16_cifar100/vgg16_cifar100_bp_baseline_e100_20260517_092620_13469051,42,0.3
0.01,0.01,0.7093,0.0,0.4815340909090909,,bp,magnitude,results/learning_rules/vgg16_cifar100/vgg16_cifar100_bp_baseline_e100_20260517_092620_13469051,42,0.5
0.01,0.01,0.7093,0.0,0.6777935606060606,,bp,magnitude,results/learning_rules/vgg16_cifar100/vgg16_cifar100_bp_baseline_e100_20260517_092620_13469051,42,0.7
0.01,0.01,0.7093,0.0,0.7758049242424242,,bp,magnitude,results/learning_rules/vgg16_cifar100/vgg16_cifar100_bp_baseline_e100_20260517_092620_13469051,42,0.8
0.01,0.01,0.7093,0.0,0.8695549242424242,,bp,magnitude,results/learning_rules/vgg16_cifar100/vgg16_cifar100_bp_baseline_e100_20260517_092620_13469051,42,0.9
0.7152,0.7152,0.0041000000000001036,0.0,0.09990530303030302,,bp,taylor,results/learning_rules/vgg16_cifar100/vgg16_cifar100_bp_baseline_e100_20260517_092620_13469051,42,0.1
0.0868,0.0868,0.6325000000000001,0.0,0.29663825757575757,,bp,taylor,results/learning_rules/vgg16_cifar100/vgg16_cifar100_bp_baseline_e100_20260517_092620_13469051,42,0.3
0.01,0.01,0.7093,0.0,0.4817708333333333,,bp,taylor,results/learning_rules/vgg16_cifar100/vgg16_cifar100_bp_baseline_e100_20260517_092620_13469051,42,0.5
0.01,0.01,0.7093,0.0,0.6799242424242424,,bp,taylor,results/learning_rules/vgg16_cifar100/vgg16_cifar100_bp_baseline_e100_20260517_092620_13469051,42,0.7
0.01,0.01,0.7093,0.0,0.7772253787878788,,bp,taylor,results/learning_rules/vgg16_cifar100/vgg16_cifar100_bp_baseline_e100_20260517_092620_13469051,42,0.8
0.01,0.01,0.7093,0.0,0.8752367424242424,,bp,taylor,results/learning_rules/vgg16_cifar100/vgg16_cifar100_bp_baseline_e100_20260517_092620_13469051,42,0.9
0.4113,0.4113,0.30800000000000005,0.0,0.09990530303030302,,bp,composite,results/learning_rules/vgg16_cifar100/vgg16_cifar100_bp_baseline_e100_20260517_092620_13469051,42,0.1
0.0622,0.0622,0.6571,0.0,0.2999526515151515,,bp,composite,results/learning_rules/vgg16_cifar100/vgg16_cifar100_bp_baseline_e100_20260517_092620_13469051,42,0.3
0.0197,0.0197,0.6996,0.0,0.5,,bp,composite,results/learning_rules/vgg16_cifar100/vgg16_cifar100_bp_baseline_e100_20260517_092620_13469051,42,0.5
0.0079,0.0079,0.7114,0.0,0.6998106060606061,,bp,composite,results/learning_rules/vgg16_cifar100/vgg16_cifar100_bp_baseline_e100_20260517_092620_13469051,42,0.7
0.01,0.01,0.7093,0.0,0.7999526515151515,,bp,composite,results/learning_rules/vgg16_cifar100/vgg16_cifar100_bp_baseline_e100_20260517_092620_13469051,42,0.8
0.01,0.01,0.7093,0.0,0.8974905303030303,,bp,composite,results/learning_rules/vgg16_cifar100/vgg16_cifar100_bp_baseline_e100_20260517_092620_13469051,42,0.9
0.698,0.698,0.021300000000000097,0.0,0.09990530303030302,,bp,cap_ixy_hybrid_taylor,results/learning_rules/vgg16_cifar100/vgg16_cifar100_bp_baseline_e100_20260517_092620_13469051,42,0.1
0.0148,0.0148,0.7045,0.0,0.29663825757575757,,bp,cap_ixy_hybrid_taylor,results/learning_rules/vgg16_cifar100/vgg16_cifar100_bp_baseline_e100_20260517_092620_13469051,42,0.3
0.01,0.01,0.7093,0.0,0.4817708333333333,,bp,cap_ixy_hybrid_taylor,results/learning_rules/vgg16_cifar100/vgg16_cifar100_bp_baseline_e100_20260517_092620_13469051,42,0.5
0.01,0.01,0.7093,0.0,0.6799242424242424,,bp,cap_ixy_hybrid_taylor,results/learning_rules/vgg16_cifar100/vgg16_cifar100_bp_baseline_e100_20260517_092620_13469051,42,0.7
0.01,0.01,0.7093,0.0,0.7772253787878788,,bp,cap_ixy_hybrid_taylor,results/learning_rules/vgg16_cifar100/vgg16_cifar100_bp_baseline_e100_20260517_092620_13469051,42,0.8
0.01,0.01,0.7093,0.0,0.8752367424242424,,bp,cap_ixy_hybrid_taylor,results/learning_rules/vgg16_cifar100/vgg16_cifar100_bp_baseline_e100_20260517_092620_13469051,42,0.9
0.7156,0.7156,0.0037000000000000366,0.0,0.09990530303030302,,bp,composite_twoaxis_ixy_hybrid_taylor,results/learning_rules/vgg16_cifar100/vgg16_cifar100_bp_baseline_e100_20260517_092620_13469051,42,0.1
0.1161,0.1161,0.6032000000000001,0.0,0.29663825757575757,,bp,composite_twoaxis_ixy_hybrid_taylor,results/learning_rules/vgg16_cifar100/vgg16_cifar100_bp_baseline_e100_20260517_092620_13469051,42,0.3
0.01,0.01,0.7093,0.0,0.4817708333333333,,bp,composite_twoaxis_ixy_hybrid_taylor,results/learning_rules/vgg16_cifar100/vgg16_cifar100_bp_baseline_e100_20260517_092620_13469051,42,0.5
0.01,0.01,0.7093,0.0,0.6799242424242424,,bp,composite_twoaxis_ixy_hybrid_taylor,results/learning_rules/vgg16_cifar100/vgg16_cifar100_bp_baseline_e100_20260517_092620_13469051,42,0.7
0.01,0.01,0.7093,0.0,0.7772253787878788,,bp,composite_twoaxis_ixy_hybrid_taylor,results/learning_rules/vgg16_cifar100/vgg16_cifar100_bp_baseline_e100_20260517_092620_13469051,42,0.8
0.01,0.01,0.7093,0.0,0.8752367424242424,,bp,composite_twoaxis_ixy_hybrid_taylor,results/learning_rules/vgg16_cifar100/vgg16_cifar100_bp_baseline_e100_20260517_092620_13469051,42,0.9
0.7211,0.7211,0.0036000000000000476,0.0,0.09990530303030302,,bp,magnitude,results/learning_rules/vgg16_cifar100/vgg16_cifar100_bp_baseline_e100_20260517_092630_13469052,123,0.1
0.1284,0.1284,0.5963,0.0,0.2999526515151515,,bp,magnitude,results/learning_rules/vgg16_cifar100/vgg16_cifar100_bp_baseline_e100_20260517_092630_13469052,123,0.3
0.0103,0.0103,0.7144,0.0,0.4815340909090909,,bp,magnitude,results/learning_rules/vgg16_cifar100/vgg16_cifar100_bp_baseline_e100_20260517_092630_13469052,123,0.5
0.01,0.01,0.7147,0.0,0.678030303030303,,bp,magnitude,results/learning_rules/vgg16_cifar100/vgg16_cifar100_bp_baseline_e100_20260517_092630_13469052,123,0.7
0.01,0.01,0.7147,0.0,0.7762784090909091,,bp,magnitude,results/learning_rules/vgg16_cifar100/vgg16_cifar100_bp_baseline_e100_20260517_092630_13469052,123,0.8
0.01,0.01,0.7147,0.0,0.8721590909090909,,bp,magnitude,results/learning_rules/vgg16_cifar100/vgg16_cifar100_bp_baseline_e100_20260517_092630_13469052,123,0.9
0.7203,0.7203,0.0043999999999999595,0.0,0.09990530303030302,,bp,taylor,results/learning_rules/vgg16_cifar100/vgg16_cifar100_bp_baseline_e100_20260517_092630_13469052,123,0.1
0.0519,0.0519,0.6728000000000001,0.0,0.29640151515151514,,bp,taylor,results/learning_rules/vgg16_cifar100/vgg16_cifar100_bp_baseline_e100_20260517_092630_13469052,123,0.3
0.0109,0.0109,0.7138,0.0,0.4817708333333333,,bp,taylor,results/learning_rules/vgg16_cifar100/vgg16_cifar100_bp_baseline_e100_20260517_092630_13469052,123,0.5
0.01,0.01,0.7147,0.0,0.6815814393939394,,bp,taylor,results/learning_rules/vgg16_cifar100/vgg16_cifar100_bp_baseline_e100_20260517_092630_13469052,123,0.7
0.01,0.01,0.7147,0.0,0.7769886363636364,,bp,taylor,results/learning_rules/vgg16_cifar100/vgg16_cifar100_bp_baseline_e100_20260517_092630_13469052,123,0.8
0.01,0.01,0.7147,0.0,0.8754734848484849,,bp,taylor,results/learning_rules/vgg16_cifar100/vgg16_cifar100_bp_baseline_e100_20260517_092630_13469052,123,0.9
0.4293,0.4293,0.2954,0.0,0.09990530303030302,,bp,composite,results/learning_rules/vgg16_cifar100/vgg16_cifar100_bp_baseline_e100_20260517_092630_13469052,123,0.1
0.0652,0.0652,0.6595,0.0,0.2999526515151515,,bp,composite,results/learning_rules/vgg16_cifar100/vgg16_cifar100_bp_baseline_e100_20260517_092630_13469052,123,0.3
0.0129,0.0129,0.7118,0.0,0.5,,bp,composite,results/learning_rules/vgg16_cifar100/vgg16_cifar100_bp_baseline_e100_20260517_092630_13469052,123,0.5
0.01,0.01,0.7147,0.0,0.6998106060606061,,bp,composite,results/learning_rules/vgg16_cifar100/vgg16_cifar100_bp_baseline_e100_20260517_092630_13469052,123,0.7
0.01,0.01,0.7147,0.0,0.7999526515151515,,bp,composite,results/learning_rules/vgg16_cifar100/vgg16_cifar100_bp_baseline_e100_20260517_092630_13469052,123,0.8
0.01,0.01,0.7147,0.0,0.8918087121212122,,bp,composite,results/learning_rules/vgg16_cifar100/vgg16_cifar100_bp_baseline_e100_20260517_092630_13469052,123,0.9
0.7112,0.7112,0.013499999999999956,0.0,0.09990530303030302,,bp,cap_ixy_hybrid_taylor,results/learning_rules/vgg16_cifar100/vgg16_cifar100_bp_baseline_e100_20260517_092630_13469052,123,0.1
0.0583,0.0583,0.6664,0.0,0.29640151515151514,,bp,cap_ixy_hybrid_taylor,results/learning_rules/vgg16_cifar100/vgg16_cifar100_bp_baseline_e100_20260517_092630_13469052,123,0.3
0.01,0.01,0.7147,0.0,0.4817708333333333,,bp,cap_ixy_hybrid_taylor,results/learning_rules/vgg16_cifar100/vgg16_cifar100_bp_baseline_e100_20260517_092630_13469052,123,0.5
0.01,0.01,0.7147,0.0,0.6815814393939394,,bp,cap_ixy_hybrid_taylor,results/learning_rules/vgg16_cifar100/vgg16_cifar100_bp_baseline_e100_20260517_092630_13469052,123,0.7
0.01,0.01,0.7147,0.0,0.7769886363636364,,bp,cap_ixy_hybrid_taylor,results/learning_rules/vgg16_cifar100/vgg16_cifar100_bp_baseline_e100_20260517_092630_13469052,123,0.8
0.01,0.01,0.7147,0.0,0.8754734848484849,,bp,cap_ixy_hybrid_taylor,results/learning_rules/vgg16_cifar100/vgg16_cifar100_bp_baseline_e100_20260517_092630_13469052,123,0.9
0.7215,0.7215,0.0031999999999999806,0.0,0.09990530303030302,,bp,composite_twoaxis_ixy_hybrid_taylor,results/learning_rules/vgg16_cifar100/vgg16_cifar100_bp_baseline_e100_20260517_092630_13469052,123,0.1
0.0621,0.0621,0.6626,0.0,0.29640151515151514,,bp,composite_twoaxis_ixy_hybrid_taylor,results/learning_rules/vgg16_cifar100/vgg16_cifar100_bp_baseline_e100_20260517_092630_13469052,123,0.3
0.0105,0.0105,0.7142000000000001,0.0,0.4817708333333333,,bp,composite_twoaxis_ixy_hybrid_taylor,results/learning_rules/vgg16_cifar100/vgg16_cifar100_bp_baseline_e100_20260517_092630_13469052,123,0.5
0.01,0.01,0.7147,0.0,0.6815814393939394,,bp,composite_twoaxis_ixy_hybrid_taylor,results/learning_rules/vgg16_cifar100/vgg16_cifar100_bp_baseline_e100_20260517_092630_13469052,123,0.7
0.01,0.01,0.7147,0.0,0.7769886363636364,,bp,composite_twoaxis_ixy_hybrid_taylor,results/learning_rules/vgg16_cifar100/vgg16_cifar100_bp_baseline_e100_20260517_092630_13469052,123,0.8
0.01,0.01,0.7147,0.0,0.8754734848484849,,bp,composite_twoaxis_ixy_hybrid_taylor,results/learning_rules/vgg16_cifar100/vgg16_cifar100_bp_baseline_e100_20260517_092630_13469052,123,0.9
0.7193,0.7193,0.005599999999999938,0.0,0.09990530303030302,,bp,magnitude,results/learning_rules/vgg16_cifar100/vgg16_cifar100_bp_baseline_e100_20260517_092636_13469055,1011,0.1
0.1513,0.1513,0.5736,0.0,0.2999526515151515,,bp,magnitude,results/learning_rules/vgg16_cifar100/vgg16_cifar100_bp_baseline_e100_20260517_092636_13469055,1011,0.3
0.0105,0.0105,0.7144,0.0,0.4815340909090909,,bp,magnitude,results/learning_rules/vgg16_cifar100/vgg16_cifar100_bp_baseline_e100_20260517_092636_13469055,1011,0.5
0.01,0.01,0.7149,0.0,0.6792140151515151,,bp,magnitude,results/learning_rules/vgg16_cifar100/vgg16_cifar100_bp_baseline_e100_20260517_092636_13469055,1011,0.7
0.01,0.01,0.7149,0.0,0.7769886363636364,,bp,magnitude,results/learning_rules/vgg16_cifar100/vgg16_cifar100_bp_baseline_e100_20260517_092636_13469055,1011,0.8
0.01,0.01,0.7149,0.0,0.8714488636363636,,bp,magnitude,results/learning_rules/vgg16_cifar100/vgg16_cifar100_bp_baseline_e100_20260517_092636_13469055,1011,0.9
0.7187,0.7187,0.006199999999999983,0.0,0.09990530303030302,,bp,taylor,results/learning_rules/vgg16_cifar100/vgg16_cifar100_bp_baseline_e100_20260517_092636_13469055,1011,0.1
0.0747,0.0747,0.6502,0.0,0.2956912878787879,,bp,taylor,results/learning_rules/vgg16_cifar100/vgg16_cifar100_bp_baseline_e100_20260517_092636_13469055,1011,0.3
0.01,0.01,0.7149,0.0,0.4822443181818182,,bp,taylor,results/learning_rules/vgg16_cifar100/vgg16_cifar100_bp_baseline_e100_20260517_092636_13469055,1011,0.5
0.01,0.01,0.7149,0.0,0.6787405303030303,,bp,taylor,results/learning_rules/vgg16_cifar100/vgg16_cifar100_bp_baseline_e100_20260517_092636_13469055,1011,0.7
0.01,0.01,0.7149,0.0,0.7755681818181818,,bp,taylor,results/learning_rules/vgg16_cifar100/vgg16_cifar100_bp_baseline_e100_20260517_092636_13469055,1011,0.8
0.01,0.01,0.7149,0.0,0.8752367424242424,,bp,taylor,results/learning_rules/vgg16_cifar100/vgg16_cifar100_bp_baseline_e100_20260517_092636_13469055,1011,0.9
0.3592,0.3592,0.36569999999999997,0.0,0.09990530303030302,,bp,composite,results/learning_rules/vgg16_cifar100/vgg16_cifar100_bp_baseline_e100_20260517_092636_13469055,1011,0.1
0.062,0.062,0.6629,0.0,0.2999526515151515,,bp,composite,results/learning_rules/vgg16_cifar100/vgg16_cifar100_bp_baseline_e100_20260517_092636_13469055,1011,0.3
0.0111,0.0111,0.7138,0.0,0.5,,bp,composite,results/learning_rules/vgg16_cifar100/vgg16_cifar100_bp_baseline_e100_20260517_092636_13469055,1011,0.5
0.01,0.01,0.7149,0.0,0.6995738636363636,,bp,composite,results/learning_rules/vgg16_cifar100/vgg16_cifar100_bp_baseline_e100_20260517_092636_13469055,1011,0.7
0.01,0.01,0.7149,0.0,0.7959280303030303,,bp,composite,results/learning_rules/vgg16_cifar100/vgg16_cifar100_bp_baseline_e100_20260517_092636_13469055,1011,0.8
0.01,0.01,0.7149,0.0,0.8951231060606061,,bp,composite,results/learning_rules/vgg16_cifar100/vgg16_cifar100_bp_baseline_e100_20260517_092636_13469055,1011,0.9
0.5208,0.5208,0.20409999999999995,0.0,0.09990530303030302,,bp,cap_ixy_hybrid_taylor,results/learning_rules/vgg16_cifar100/vgg16_cifar100_bp_baseline_e100_20260517_092636_13469055,1011,0.1
0.0573,0.0573,0.6676,0.0,0.2956912878787879,,bp,cap_ixy_hybrid_taylor,results/learning_rules/vgg16_cifar100/vgg16_cifar100_bp_baseline_e100_20260517_092636_13469055,1011,0.3
0.01,0.01,0.7149,0.0,0.4822443181818182,,bp,cap_ixy_hybrid_taylor,results/learning_rules/vgg16_cifar100/vgg16_cifar100_bp_baseline_e100_20260517_092636_13469055,1011,0.5
0.01,0.01,0.7149,0.0,0.6787405303030303,,bp,cap_ixy_hybrid_taylor,results/learning_rules/vgg16_cifar100/vgg16_cifar100_bp_baseline_e100_20260517_092636_13469055,1011,0.7
0.01,0.01,0.7149,0.0,0.7755681818181818,,bp,cap_ixy_hybrid_taylor,results/learning_rules/vgg16_cifar100/vgg16_cifar100_bp_baseline_e100_20260517_092636_13469055,1011,0.8
0.01,0.01,0.7149,0.0,0.8752367424242424,,bp,cap_ixy_hybrid_taylor,results/learning_rules/vgg16_cifar100/vgg16_cifar100_bp_baseline_e100_20260517_092636_13469055,1011,0.9
0.7192,0.7192,0.005700000000000038,0.0,0.09990530303030302,,bp,composite_twoaxis_ixy_hybrid_taylor,results/learning_rules/vgg16_cifar100/vgg16_cifar100_bp_baseline_e100_20260517_092636_13469055,1011,0.1
0.1661,0.1661,0.5588,0.0,0.2956912878787879,,bp,composite_twoaxis_ixy_hybrid_taylor,results/learning_rules/vgg16_cifar100/vgg16_cifar100_bp_baseline_e100_20260517_092636_13469055,1011,0.3
0.0106,0.0106,0.7142999999999999,0.0,0.4822443181818182,,bp,composite_twoaxis_ixy_hybrid_taylor,results/learning_rules/vgg16_cifar100/vgg16_cifar100_bp_baseline_e100_20260517_092636_13469055,1011,0.5
0.01,0.01,0.7149,0.0,0.6787405303030303,,bp,composite_twoaxis_ixy_hybrid_taylor,results/learning_rules/vgg16_cifar100/vgg16_cifar100_bp_baseline_e100_20260517_092636_13469055,1011,0.7
0.01,0.01,0.7149,0.0,0.7755681818181818,,bp,composite_twoaxis_ixy_hybrid_taylor,results/learning_rules/vgg16_cifar100/vgg16_cifar100_bp_baseline_e100_20260517_092636_13469055,1011,0.8
0.01,0.01,0.7149,0.0,0.8752367424242424,,bp,composite_twoaxis_ixy_hybrid_taylor,results/learning_rules/vgg16_cifar100/vgg16_cifar100_bp_baseline_e100_20260517_092636_13469055,1011,0.9
0.7187,0.7187,0.0027000000000000357,0.0,0.09990530303030302,,bp,magnitude,results/learning_rules/vgg16_cifar100/vgg16_cifar100_bp_baseline_e100_20260517_092720_13469053,456,0.1
0.1184,0.1184,0.603,0.0,0.2999526515151515,,bp,magnitude,results/learning_rules/vgg16_cifar100/vgg16_cifar100_bp_baseline_e100_20260517_092720_13469053,456,0.3
0.0123,0.0123,0.7091000000000001,0.0,0.4815340909090909,,bp,magnitude,results/learning_rules/vgg16_cifar100/vgg16_cifar100_bp_baseline_e100_20260517_092720_13469053,456,0.5
0.01,0.01,0.7114,0.0,0.6777935606060606,,bp,magnitude,results/learning_rules/vgg16_cifar100/vgg16_cifar100_bp_baseline_e100_20260517_092720_13469053,456,0.7
0.01,0.01,0.7114,0.0,0.7755681818181818,,bp,magnitude,results/learning_rules/vgg16_cifar100/vgg16_cifar100_bp_baseline_e100_20260517_092720_13469053,456,0.8
0.01,0.01,0.7114,0.0,0.8716856060606061,,bp,magnitude,results/learning_rules/vgg16_cifar100/vgg16_cifar100_bp_baseline_e100_20260517_092720_13469053,456,0.9
0.7169,0.7169,0.0045000000000000595,0.0,0.09990530303030302,,bp,taylor,results/learning_rules/vgg16_cifar100/vgg16_cifar100_bp_baseline_e100_20260517_092720_13469053,456,0.1
0.1163,0.1163,0.6051000000000001,0.0,0.29711174242424243,,bp,taylor,results/learning_rules/vgg16_cifar100/vgg16_cifar100_bp_baseline_e100_20260517_092720_13469053,456,0.3
0.0186,0.0186,0.7028000000000001,0.0,0.4817708333333333,,bp,taylor,results/learning_rules/vgg16_cifar100/vgg16_cifar100_bp_baseline_e100_20260517_092720_13469053,456,0.5
0.01,0.01,0.7114,0.0,0.6801609848484849,,bp,taylor,results/learning_rules/vgg16_cifar100/vgg16_cifar100_bp_baseline_e100_20260517_092720_13469053,456,0.7
0.01,0.01,0.7114,0.0,0.7755681818181818,,bp,taylor,results/learning_rules/vgg16_cifar100/vgg16_cifar100_bp_baseline_e100_20260517_092720_13469053,456,0.8
0.01,0.01,0.7114,0.0,0.8752367424242424,,bp,taylor,results/learning_rules/vgg16_cifar100/vgg16_cifar100_bp_baseline_e100_20260517_092720_13469053,456,0.9
0.3998,0.3998,0.32160000000000005,0.0,0.09990530303030302,,bp,composite,results/learning_rules/vgg16_cifar100/vgg16_cifar100_bp_baseline_e100_20260517_092720_13469053,456,0.1
0.0633,0.0633,0.6581,0.0,0.2999526515151515,,bp,composite,results/learning_rules/vgg16_cifar100/vgg16_cifar100_bp_baseline_e100_20260517_092720_13469053,456,0.3
0.0117,0.0117,0.7097,0.0,0.5,,bp,composite,results/learning_rules/vgg16_cifar100/vgg16_cifar100_bp_baseline_e100_20260517_092720_13469053,456,0.5
0.01,0.01,0.7114,0.0,0.6998106060606061,,bp,composite,results/learning_rules/vgg16_cifar100/vgg16_cifar100_bp_baseline_e100_20260517_092720_13469053,456,0.7
0.01,0.01,0.7114,0.0,0.7999526515151515,,bp,composite,results/learning_rules/vgg16_cifar100/vgg16_cifar100_bp_baseline_e100_20260517_092720_13469053,456,0.8
0.01,0.01,0.7114,0.0,0.8989109848484849,,bp,composite,results/learning_rules/vgg16_cifar100/vgg16_cifar100_bp_baseline_e100_20260517_092720_13469053,456,0.9
0.6342,0.6342,0.08720000000000006,0.0,0.09990530303030302,,bp,cap_ixy_hybrid_taylor,results/learning_rules/vgg16_cifar100/vgg16_cifar100_bp_baseline_e100_20260517_092720_13469053,456,0.1
0.0671,0.0671,0.6543,0.0,0.29711174242424243,,bp,cap_ixy_hybrid_taylor,results/learning_rules/vgg16_cifar100/vgg16_cifar100_bp_baseline_e100_20260517_092720_13469053,456,0.3
0.012,0.012,0.7094,0.0,0.4817708333333333,,bp,cap_ixy_hybrid_taylor,results/learning_rules/vgg16_cifar100/vgg16_cifar100_bp_baseline_e100_20260517_092720_13469053,456,0.5
0.01,0.01,0.7114,0.0,0.6801609848484849,,bp,cap_ixy_hybrid_taylor,results/learning_rules/vgg16_cifar100/vgg16_cifar100_bp_baseline_e100_20260517_092720_13469053,456,0.7
0.01,0.01,0.7114,0.0,0.7755681818181818,,bp,cap_ixy_hybrid_taylor,results/learning_rules/vgg16_cifar100/vgg16_cifar100_bp_baseline_e100_20260517_092720_13469053,456,0.8
0.01,0.01,0.7114,0.0,0.8752367424242424,,bp,cap_ixy_hybrid_taylor,results/learning_rules/vgg16_cifar100/vgg16_cifar100_bp_baseline_e100_20260517_092720_13469053,456,0.9
0.7193,0.7193,0.0020999999999999908,0.0,0.09990530303030302,,bp,composite_twoaxis_ixy_hybrid_taylor,results/learning_rules/vgg16_cifar100/vgg16_cifar100_bp_baseline_e100_20260517_092720_13469053,456,0.1
0.0892,0.0892,0.6322000000000001,0.0,0.29711174242424243,,bp,composite_twoaxis_ixy_hybrid_taylor,results/learning_rules/vgg16_cifar100/vgg16_cifar100_bp_baseline_e100_20260517_092720_13469053,456,0.3
0.0147,0.0147,0.7067,0.0,0.4817708333333333,,bp,composite_twoaxis_ixy_hybrid_taylor,results/learning_rules/vgg16_cifar100/vgg16_cifar100_bp_baseline_e100_20260517_092720_13469053,456,0.5
0.01,0.01,0.7114,0.0,0.6801609848484849,,bp,composite_twoaxis_ixy_hybrid_taylor,results/learning_rules/vgg16_cifar100/vgg16_cifar100_bp_baseline_e100_20260517_092720_13469053,456,0.7
0.01,0.01,0.7114,0.0,0.7755681818181818,,bp,composite_twoaxis_ixy_hybrid_taylor,results/learning_rules/vgg16_cifar100/vgg16_cifar100_bp_baseline_e100_20260517_092720_13469053,456,0.8
0.01,0.01,0.7114,0.0,0.8752367424242424,,bp,composite_twoaxis_ixy_hybrid_taylor,results/learning_rules/vgg16_cifar100/vgg16_cifar100_bp_baseline_e100_20260517_092720_13469053,456,0.9
0.7198,0.7198,0.0030000000000000027,0.0,0.09990530303030302,,bp,magnitude,results/learning_rules/vgg16_cifar100/vgg16_cifar100_bp_baseline_e100_20260517_092721_13469054,789,0.1
0.2322,0.2322,0.49060000000000004,0.0,0.2999526515151515,,bp,magnitude,results/learning_rules/vgg16_cifar100/vgg16_cifar100_bp_baseline_e100_20260517_092721_13469054,789,0.3
0.0185,0.0185,0.7043,0.0,0.4815340909090909,,bp,magnitude,results/learning_rules/vgg16_cifar100/vgg16_cifar100_bp_baseline_e100_20260517_092721_13469054,789,0.5
0.0101,0.0101,0.7127,0.0,0.6782670454545454,,bp,magnitude,results/learning_rules/vgg16_cifar100/vgg16_cifar100_bp_baseline_e100_20260517_092721_13469054,789,0.7
0.01,0.01,0.7128,0.0,0.7758049242424242,,bp,magnitude,results/learning_rules/vgg16_cifar100/vgg16_cifar100_bp_baseline_e100_20260517_092721_13469054,789,0.8
0.01,0.01,0.7128,0.0,0.8726325757575758,,bp,magnitude,results/learning_rules/vgg16_cifar100/vgg16_cifar100_bp_baseline_e100_20260517_092721_13469054,789,0.9
0.7189,0.7189,0.0039000000000000146,0.0,0.09990530303030302,,bp,taylor,results/learning_rules/vgg16_cifar100/vgg16_cifar100_bp_baseline_e100_20260517_092721_13469054,789,0.1
0.1157,0.1157,0.6071,0.0,0.29711174242424243,,bp,taylor,results/learning_rules/vgg16_cifar100/vgg16_cifar100_bp_baseline_e100_20260517_092721_13469054,789,0.3
0.01,0.01,0.7128,0.0,0.4817708333333333,,bp,taylor,results/learning_rules/vgg16_cifar100/vgg16_cifar100_bp_baseline_e100_20260517_092721_13469054,789,0.5
0.01,0.01,0.7128,0.0,0.6789772727272727,,bp,taylor,results/learning_rules/vgg16_cifar100/vgg16_cifar100_bp_baseline_e100_20260517_092721_13469054,789,0.7
0.01,0.01,0.7128,0.0,0.7758049242424242,,bp,taylor,results/learning_rules/vgg16_cifar100/vgg16_cifar100_bp_baseline_e100_20260517_092721_13469054,789,0.8
0.01,0.01,0.7128,0.0,0.8752367424242424,,bp,taylor,results/learning_rules/vgg16_cifar100/vgg16_cifar100_bp_baseline_e100_20260517_092721_13469054,789,0.9
0.3914,0.3914,0.3314,0.0,0.09990530303030302,,bp,composite,results/learning_rules/vgg16_cifar100/vgg16_cifar100_bp_baseline_e100_20260517_092721_13469054,789,0.1
0.0444,0.0444,0.6784,0.0,0.2999526515151515,,bp,composite,results/learning_rules/vgg16_cifar100/vgg16_cifar100_bp_baseline_e100_20260517_092721_13469054,789,0.3
0.0189,0.0189,0.7039,0.0,0.5,,bp,composite,results/learning_rules/vgg16_cifar100/vgg16_cifar100_bp_baseline_e100_20260517_092721_13469054,789,0.5
0.0172,0.0172,0.7056,0.0,0.6998106060606061,,bp,composite,results/learning_rules/vgg16_cifar100/vgg16_cifar100_bp_baseline_e100_20260517_092721_13469054,789,0.7
0.01,0.01,0.7128,0.0,0.7999526515151515,,bp,composite,results/learning_rules/vgg16_cifar100/vgg16_cifar100_bp_baseline_e100_20260517_092721_13469054,789,0.8
0.01,0.01,0.7128,0.0,0.8963068181818182,,bp,composite,results/learning_rules/vgg16_cifar100/vgg16_cifar100_bp_baseline_e100_20260517_092721_13469054,789,0.9
0.6541,0.6541,0.06869999999999998,0.0,0.09990530303030302,,bp,cap_ixy_hybrid_taylor,results/learning_rules/vgg16_cifar100/vgg16_cifar100_bp_baseline_e100_20260517_092721_13469054,789,0.1
0.0569,0.0569,0.6659,0.0,0.29711174242424243,,bp,cap_ixy_hybrid_taylor,results/learning_rules/vgg16_cifar100/vgg16_cifar100_bp_baseline_e100_20260517_092721_13469054,789,0.3
0.01,0.01,0.7128,0.0,0.4817708333333333,,bp,cap_ixy_hybrid_taylor,results/learning_rules/vgg16_cifar100/vgg16_cifar100_bp_baseline_e100_20260517_092721_13469054,789,0.5
0.01,0.01,0.7128,0.0,0.6789772727272727,,bp,cap_ixy_hybrid_taylor,results/learning_rules/vgg16_cifar100/vgg16_cifar100_bp_baseline_e100_20260517_092721_13469054,789,0.7
0.01,0.01,0.7128,0.0,0.7758049242424242,,bp,cap_ixy_hybrid_taylor,results/learning_rules/vgg16_cifar100/vgg16_cifar100_bp_baseline_e100_20260517_092721_13469054,789,0.8
0.01,0.01,0.7128,0.0,0.8752367424242424,,bp,cap_ixy_hybrid_taylor,results/learning_rules/vgg16_cifar100/vgg16_cifar100_bp_baseline_e100_20260517_092721_13469054,789,0.9
0.7189,0.7189,0.0039000000000000146,0.0,0.09990530303030302,,bp,composite_twoaxis_ixy_hybrid_taylor,results/learning_rules/vgg16_cifar100/vgg16_cifar100_bp_baseline_e100_20260517_092721_13469054,789,0.1
0.1942,0.1942,0.5286,0.0,0.29711174242424243,,bp,composite_twoaxis_ixy_hybrid_taylor,results/learning_rules/vgg16_cifar100/vgg16_cifar100_bp_baseline_e100_20260517_092721_13469054,789,0.3
0.0139,0.0139,0.7089,0.0,0.4817708333333333,,bp,composite_twoaxis_ixy_hybrid_taylor,results/learning_rules/vgg16_cifar100/vgg16_cifar100_bp_baseline_e100_20260517_092721_13469054,789,0.5
0.01,0.01,0.7128,0.0,0.6789772727272727,,bp,composite_twoaxis_ixy_hybrid_taylor,results/learning_rules/vgg16_cifar100/vgg16_cifar100_bp_baseline_e100_20260517_092721_13469054,789,0.7
0.01,0.01,0.7128,0.0,0.7758049242424242,,bp,composite_twoaxis_ixy_hybrid_taylor,results/learning_rules/vgg16_cifar100/vgg16_cifar100_bp_baseline_e100_20260517_092721_13469054,789,0.8
0.01,0.01,0.7128,0.0,0.8752367424242424,,bp,composite_twoaxis_ixy_hybrid_taylor,results/learning_rules/vgg16_cifar100/vgg16_cifar100_bp_baseline_e100_20260517_092721_13469054,789,0.9
0.7169,0.7169,0.005099999999999993,0.0,0.09990530303030302,,bp_synergy,magnitude,results/learning_rules/vgg16_cifar100/vgg16_cifar100_bp_synergy_e100_20260517_182830_13530254,42,0.1
0.1133,0.1133,0.6087,0.0,0.2999526515151515,,bp_synergy,magnitude,results/learning_rules/vgg16_cifar100/vgg16_cifar100_bp_synergy_e100_20260517_182830_13530254,42,0.3
0.01,0.01,0.712,0.0,0.4815340909090909,,bp_synergy,magnitude,results/learning_rules/vgg16_cifar100/vgg16_cifar100_bp_synergy_e100_20260517_182830_13530254,42,0.5
0.01,0.01,0.712,0.0,0.6794507575757576,,bp_synergy,magnitude,results/learning_rules/vgg16_cifar100/vgg16_cifar100_bp_synergy_e100_20260517_182830_13530254,42,0.7
0.01,0.01,0.712,0.0,0.7758049242424242,,bp_synergy,magnitude,results/learning_rules/vgg16_cifar100/vgg16_cifar100_bp_synergy_e100_20260517_182830_13530254,42,0.8
0.01,0.01,0.712,0.0,0.8731060606060606,,bp_synergy,magnitude,results/learning_rules/vgg16_cifar100/vgg16_cifar100_bp_synergy_e100_20260517_182830_13530254,42,0.9
0.7172,0.7172,0.0048000000000000265,0.0,0.09990530303030302,,bp_synergy,taylor,results/learning_rules/vgg16_cifar100/vgg16_cifar100_bp_synergy_e100_20260517_182830_13530254,42,0.1
0.0424,0.0424,0.6796,0.0,0.29521780303030304,,bp_synergy,taylor,results/learning_rules/vgg16_cifar100/vgg16_cifar100_bp_synergy_e100_20260517_182830_13530254,42,0.3
0.01,0.01,0.712,0.0,0.48200757575757575,,bp_synergy,taylor,results/learning_rules/vgg16_cifar100/vgg16_cifar100_bp_synergy_e100_20260517_182830_13530254,42,0.5
0.01,0.01,0.712,0.0,0.681344696969697,,bp_synergy,taylor,results/learning_rules/vgg16_cifar100/vgg16_cifar100_bp_synergy_e100_20260517_182830_13530254,42,0.7
0.01,0.01,0.712,0.0,0.7772253787878788,,bp_synergy,taylor,results/learning_rules/vgg16_cifar100/vgg16_cifar100_bp_synergy_e100_20260517_182830_13530254,42,0.8
0.01,0.01,0.712,0.0,0.8752367424242424,,bp_synergy,taylor,results/learning_rules/vgg16_cifar100/vgg16_cifar100_bp_synergy_e100_20260517_182830_13530254,42,0.9
0.4473,0.4473,0.2747,0.0,0.09990530303030302,,bp_synergy,composite,results/learning_rules/vgg16_cifar100/vgg16_cifar100_bp_synergy_e100_20260517_182830_13530254,42,0.1
0.0574,0.0574,0.6646,0.0,0.2999526515151515,,bp_synergy,composite,results/learning_rules/vgg16_cifar100/vgg16_cifar100_bp_synergy_e100_20260517_182830_13530254,42,0.3
0.0134,0.0134,0.7086,0.0,0.5,,bp_synergy,composite,results/learning_rules/vgg16_cifar100/vgg16_cifar100_bp_synergy_e100_20260517_182830_13530254,42,0.5
0.01,0.01,0.712,0.0,0.6998106060606061,,bp_synergy,composite,results/learning_rules/vgg16_cifar100/vgg16_cifar100_bp_synergy_e100_20260517_182830_13530254,42,0.7
0.01,0.01,0.712,0.0,0.7990056818181818,,bp_synergy,composite,results/learning_rules/vgg16_cifar100/vgg16_cifar100_bp_synergy_e100_20260517_182830_13530254,42,0.8
0.01,0.01,0.712,0.0,0.8944128787878788,,bp_synergy,composite,results/learning_rules/vgg16_cifar100/vgg16_cifar100_bp_synergy_e100_20260517_182830_13530254,42,0.9
0.5258,0.5258,0.19619999999999993,0.0,0.09990530303030302,,bp_synergy,cap_ixy_hybrid_taylor,results/learning_rules/vgg16_cifar100/vgg16_cifar100_bp_synergy_e100_20260517_182830_13530254,42,0.1
0.0368,0.0368,0.6852,0.0,0.29521780303030304,,bp_synergy,cap_ixy_hybrid_taylor,results/learning_rules/vgg16_cifar100/vgg16_cifar100_bp_synergy_e100_20260517_182830_13530254,42,0.3
0.01,0.01,0.712,0.0,0.48200757575757575,,bp_synergy,cap_ixy_hybrid_taylor,results/learning_rules/vgg16_cifar100/vgg16_cifar100_bp_synergy_e100_20260517_182830_13530254,42,0.5
0.01,0.01,0.712,0.0,0.681344696969697,,bp_synergy,cap_ixy_hybrid_taylor,results/learning_rules/vgg16_cifar100/vgg16_cifar100_bp_synergy_e100_20260517_182830_13530254,42,0.7
0.01,0.01,0.712,0.0,0.7772253787878788,,bp_synergy,cap_ixy_hybrid_taylor,results/learning_rules/vgg16_cifar100/vgg16_cifar100_bp_synergy_e100_20260517_182830_13530254,42,0.8
0.01,0.01,0.712,0.0,0.8752367424242424,,bp_synergy,cap_ixy_hybrid_taylor,results/learning_rules/vgg16_cifar100/vgg16_cifar100_bp_synergy_e100_20260517_182830_13530254,42,0.9
0.716,0.716,0.006000000000000005,0.0,0.09990530303030302,,bp_synergy,composite_twoaxis_ixy_hybrid_taylor,results/learning_rules/vgg16_cifar100/vgg16_cifar100_bp_synergy_e100_20260517_182830_13530254,42,0.1
0.1139,0.1139,0.6081,0.0,0.29521780303030304,,bp_synergy,composite_twoaxis_ixy_hybrid_taylor,results/learning_rules/vgg16_cifar100/vgg16_cifar100_bp_synergy_e100_20260517_182830_13530254,42,0.3
0.0116,0.0116,0.7103999999999999,0.0,0.48200757575757575,,bp_synergy,composite_twoaxis_ixy_hybrid_taylor,results/learning_rules/vgg16_cifar100/vgg16_cifar100_bp_synergy_e100_20260517_182830_13530254,42,0.5
0.01,0.01,0.712,0.0,0.681344696969697,,bp_synergy,composite_twoaxis_ixy_hybrid_taylor,results/learning_rules/vgg16_cifar100/vgg16_cifar100_bp_synergy_e100_20260517_182830_13530254,42,0.7
0.01,0.01,0.712,0.0,0.7772253787878788,,bp_synergy,composite_twoaxis_ixy_hybrid_taylor,results/learning_rules/vgg16_cifar100/vgg16_cifar100_bp_synergy_e100_20260517_182830_13530254,42,0.8
0.01,0.01,0.712,0.0,0.8752367424242424,,bp_synergy,composite_twoaxis_ixy_hybrid_taylor,results/learning_rules/vgg16_cifar100/vgg16_cifar100_bp_synergy_e100_20260517_182830_13530254,42,0.9
0.7202,0.7202,0.000200000000000089,0.0,0.09990530303030302,,bp_synergy,magnitude,results/learning_rules/vgg16_cifar100/vgg16_cifar100_bp_synergy_e100_20260517_184137_13530255,123,0.1
0.0955,0.0955,0.6249,0.0,0.2999526515151515,,bp_synergy,magnitude,results/learning_rules/vgg16_cifar100/vgg16_cifar100_bp_synergy_e100_20260517_184137_13530255,123,0.3
0.0172,0.0172,0.7032,0.0,0.4815340909090909,,bp_synergy,magnitude,results/learning_rules/vgg16_cifar100/vgg16_cifar100_bp_synergy_e100_20260517_184137_13530255,123,0.5
0.01,0.01,0.7104,0.0,0.6770833333333334,,bp_synergy,magnitude,results/learning_rules/vgg16_cifar100/vgg16_cifar100_bp_synergy_e100_20260517_184137_13530255,123,0.7
0.01,0.01,0.7104,0.0,0.7755681818181818,,bp_synergy,magnitude,results/learning_rules/vgg16_cifar100/vgg16_cifar100_bp_synergy_e100_20260517_184137_13530255,123,0.8
0.01,0.01,0.7104,0.0,0.8714488636363636,,bp_synergy,magnitude,results/learning_rules/vgg16_cifar100/vgg16_cifar100_bp_synergy_e100_20260517_184137_13530255,123,0.9
0.7184,0.7184,0.0020000000000000018,0.0,0.09990530303030302,,bp_synergy,taylor,results/learning_rules/vgg16_cifar100/vgg16_cifar100_bp_synergy_e100_20260517_184137_13530255,123,0.1
0.038,0.038,0.6824,0.0,0.2956912878787879,,bp_synergy,taylor,results/learning_rules/vgg16_cifar100/vgg16_cifar100_bp_synergy_e100_20260517_184137_13530255,123,0.3
0.01,0.01,0.7104,0.0,0.4817708333333333,,bp_synergy,taylor,results/learning_rules/vgg16_cifar100/vgg16_cifar100_bp_synergy_e100_20260517_184137_13530255,123,0.5
0.01,0.01,0.7104,0.0,0.6787405303030303,,bp_synergy,taylor,results/learning_rules/vgg16_cifar100/vgg16_cifar100_bp_synergy_e100_20260517_184137_13530255,123,0.7
0.01,0.01,0.7104,0.0,0.7762784090909091,,bp_synergy,taylor,results/learning_rules/vgg16_cifar100/vgg16_cifar100_bp_synergy_e100_20260517_184137_13530255,123,0.8
0.01,0.01,0.7104,0.0,0.8752367424242424,,bp_synergy,taylor,results/learning_rules/vgg16_cifar100/vgg16_cifar100_bp_synergy_e100_20260517_184137_13530255,123,0.9
0.2458,0.2458,0.4746,0.0,0.09990530303030302,,bp_synergy,composite,results/learning_rules/vgg16_cifar100/vgg16_cifar100_bp_synergy_e100_20260517_184137_13530255,123,0.1
0.041,0.041,0.6794,0.0,0.2999526515151515,,bp_synergy,composite,results/learning_rules/vgg16_cifar100/vgg16_cifar100_bp_synergy_e100_20260517_184137_13530255,123,0.3
0.0199,0.0199,0.7005,0.0,0.5,,bp_synergy,composite,results/learning_rules/vgg16_cifar100/vgg16_cifar100_bp_synergy_e100_20260517_184137_13530255,123,0.5
0.01,0.01,0.7104,0.0,0.6998106060606061,,bp_synergy,composite,results/learning_rules/vgg16_cifar100/vgg16_cifar100_bp_synergy_e100_20260517_184137_13530255,123,0.7
0.01,0.01,0.7104,0.0,0.7999526515151515,,bp_synergy,composite,results/learning_rules/vgg16_cifar100/vgg16_cifar100_bp_synergy_e100_20260517_184137_13530255,123,0.8
0.01,0.01,0.7104,0.0,0.8946496212121212,,bp_synergy,composite,results/learning_rules/vgg16_cifar100/vgg16_cifar100_bp_synergy_e100_20260517_184137_13530255,123,0.9
0.7112,0.7112,0.009199999999999986,0.0,0.09990530303030302,,bp_synergy,cap_ixy_hybrid_taylor,results/learning_rules/vgg16_cifar100/vgg16_cifar100_bp_synergy_e100_20260517_184137_13530255,123,0.1
0.0329,0.0329,0.6875,0.0,0.2956912878787879,,bp_synergy,cap_ixy_hybrid_taylor,results/learning_rules/vgg16_cifar100/vgg16_cifar100_bp_synergy_e100_20260517_184137_13530255,123,0.3
0.01,0.01,0.7104,0.0,0.4817708333333333,,bp_synergy,cap_ixy_hybrid_taylor,results/learning_rules/vgg16_cifar100/vgg16_cifar100_bp_synergy_e100_20260517_184137_13530255,123,0.5
0.01,0.01,0.7104,0.0,0.6787405303030303,,bp_synergy,cap_ixy_hybrid_taylor,results/learning_rules/vgg16_cifar100/vgg16_cifar100_bp_synergy_e100_20260517_184137_13530255,123,0.7
0.01,0.01,0.7104,0.0,0.7762784090909091,,bp_synergy,cap_ixy_hybrid_taylor,results/learning_rules/vgg16_cifar100/vgg16_cifar100_bp_synergy_e100_20260517_184137_13530255,123,0.8
0.01,0.01,0.7104,0.0,0.8752367424242424,,bp_synergy,cap_ixy_hybrid_taylor,results/learning_rules/vgg16_cifar100/vgg16_cifar100_bp_synergy_e100_20260517_184137_13530255,123,0.9
0.7191,0.7191,0.0013000000000000789,0.0,0.09990530303030302,,bp_synergy,composite_twoaxis_ixy_hybrid_taylor,results/learning_rules/vgg16_cifar100/vgg16_cifar100_bp_synergy_e100_20260517_184137_13530255,123,0.1
0.1683,0.1683,0.5521,0.0,0.2956912878787879,,bp_synergy,composite_twoaxis_ixy_hybrid_taylor,results/learning_rules/vgg16_cifar100/vgg16_cifar100_bp_synergy_e100_20260517_184137_13530255,123,0.3
0.0209,0.0209,0.6995,0.0,0.4817708333333333,,bp_synergy,composite_twoaxis_ixy_hybrid_taylor,results/learning_rules/vgg16_cifar100/vgg16_cifar100_bp_synergy_e100_20260517_184137_13530255,123,0.5
0.0107,0.0107,0.7097,0.0,0.6787405303030303,,bp_synergy,composite_twoaxis_ixy_hybrid_taylor,results/learning_rules/vgg16_cifar100/vgg16_cifar100_bp_synergy_e100_20260517_184137_13530255,123,0.7
0.01,0.01,0.7104,0.0,0.7762784090909091,,bp_synergy,composite_twoaxis_ixy_hybrid_taylor,results/learning_rules/vgg16_cifar100/vgg16_cifar100_bp_synergy_e100_20260517_184137_13530255,123,0.8
0.0084,0.0084,0.7120000000000001,0.0,0.8752367424242424,,bp_synergy,composite_twoaxis_ixy_hybrid_taylor,results/learning_rules/vgg16_cifar100/vgg16_cifar100_bp_synergy_e100_20260517_184137_13530255,123,0.9
0.7172,0.7172,0.0042000000000000925,0.0,0.09990530303030302,,bp_synergy,magnitude,results/learning_rules/vgg16_cifar100/vgg16_cifar100_bp_synergy_e100_20260517_184428_13530257,789,0.1
0.1101,0.1101,0.6113000000000001,0.0,0.2999526515151515,,bp_synergy,magnitude,results/learning_rules/vgg16_cifar100/vgg16_cifar100_bp_synergy_e100_20260517_184428_13530257,789,0.3
0.0215,0.0215,0.6999000000000001,0.0,0.4815340909090909,,bp_synergy,magnitude,results/learning_rules/vgg16_cifar100/vgg16_cifar100_bp_synergy_e100_20260517_184428_13530257,789,0.5
0.01,0.01,0.7114,0.0,0.6773200757575758,,bp_synergy,magnitude,results/learning_rules/vgg16_cifar100/vgg16_cifar100_bp_synergy_e100_20260517_184428_13530257,789,0.7
0.01,0.01,0.7114,0.0,0.7765151515151515,,bp_synergy,magnitude,results/learning_rules/vgg16_cifar100/vgg16_cifar100_bp_synergy_e100_20260517_184428_13530257,789,0.8
0.01,0.01,0.7114,0.0,0.8707386363636364,,bp_synergy,magnitude,results/learning_rules/vgg16_cifar100/vgg16_cifar100_bp_synergy_e100_20260517_184428_13530257,789,0.9
0.7191,0.7191,0.0023000000000000798,0.0,0.09990530303030302,,bp_synergy,taylor,results/learning_rules/vgg16_cifar100/vgg16_cifar100_bp_synergy_e100_20260517_184428_13530257,789,0.1
0.0527,0.0527,0.6687000000000001,0.0,0.29640151515151514,,bp_synergy,taylor,results/learning_rules/vgg16_cifar100/vgg16_cifar100_bp_synergy_e100_20260517_184428_13530257,789,0.3
0.01,0.01,0.7114,0.0,0.4817708333333333,,bp_synergy,taylor,results/learning_rules/vgg16_cifar100/vgg16_cifar100_bp_synergy_e100_20260517_184428_13530257,789,0.5
0.01,0.01,0.7114,0.0,0.6808712121212122,,bp_synergy,taylor,results/learning_rules/vgg16_cifar100/vgg16_cifar100_bp_synergy_e100_20260517_184428_13530257,789,0.7
0.01,0.01,0.7114,0.0,0.7772253787878788,,bp_synergy,taylor,results/learning_rules/vgg16_cifar100/vgg16_cifar100_bp_synergy_e100_20260517_184428_13530257,789,0.8
0.01,0.01,0.7114,0.0,0.8752367424242424,,bp_synergy,taylor,results/learning_rules/vgg16_cifar100/vgg16_cifar100_bp_synergy_e100_20260517_184428_13530257,789,0.9
0.4101,0.4101,0.3113,0.0,0.09990530303030302,,bp_synergy,composite,results/learning_rules/vgg16_cifar100/vgg16_cifar100_bp_synergy_e100_20260517_184428_13530257,789,0.1
0.058,0.058,0.6634,0.0,0.2999526515151515,,bp_synergy,composite,results/learning_rules/vgg16_cifar100/vgg16_cifar100_bp_synergy_e100_20260517_184428_13530257,789,0.3
0.0106,0.0106,0.7108,0.0,0.5,,bp_synergy,composite,results/learning_rules/vgg16_cifar100/vgg16_cifar100_bp_synergy_e100_20260517_184428_13530257,789,0.5
0.01,0.01,0.7114,0.0,0.6998106060606061,,bp_synergy,composite,results/learning_rules/vgg16_cifar100/vgg16_cifar100_bp_synergy_e100_20260517_184428_13530257,789,0.7
0.01,0.01,0.7114,0.0,0.7999526515151515,,bp_synergy,composite,results/learning_rules/vgg16_cifar100/vgg16_cifar100_bp_synergy_e100_20260517_184428_13530257,789,0.8
0.01,0.01,0.7114,0.0,0.896780303030303,,bp_synergy,composite,results/learning_rules/vgg16_cifar100/vgg16_cifar100_bp_synergy_e100_20260517_184428_13530257,789,0.9
0.6199,0.6199,0.10150000000000003,0.0,0.09990530303030302,,bp_synergy,cap_ixy_hybrid_taylor,results/learning_rules/vgg16_cifar100/vgg16_cifar100_bp_synergy_e100_20260517_184428_13530257,789,0.1
0.0175,0.0175,0.7039000000000001,0.0,0.29640151515151514,,bp_synergy,cap_ixy_hybrid_taylor,results/learning_rules/vgg16_cifar100/vgg16_cifar100_bp_synergy_e100_20260517_184428_13530257,789,0.3
0.01,0.01,0.7114,0.0,0.4817708333333333,,bp_synergy,cap_ixy_hybrid_taylor,results/learning_rules/vgg16_cifar100/vgg16_cifar100_bp_synergy_e100_20260517_184428_13530257,789,0.5
0.01,0.01,0.7114,0.0,0.6808712121212122,,bp_synergy,cap_ixy_hybrid_taylor,results/learning_rules/vgg16_cifar100/vgg16_cifar100_bp_synergy_e100_20260517_184428_13530257,789,0.7
0.01,0.01,0.7114,0.0,0.7772253787878788,,bp_synergy,cap_ixy_hybrid_taylor,results/learning_rules/vgg16_cifar100/vgg16_cifar100_bp_synergy_e100_20260517_184428_13530257,789,0.8
0.01,0.01,0.7114,0.0,0.8752367424242424,,bp_synergy,cap_ixy_hybrid_taylor,results/learning_rules/vgg16_cifar100/vgg16_cifar100_bp_synergy_e100_20260517_184428_13530257,789,0.9
0.7178,0.7178,0.0036000000000000476,0.0,0.09990530303030302,,bp_synergy,composite_twoaxis_ixy_hybrid_taylor,results/learning_rules/vgg16_cifar100/vgg16_cifar100_bp_synergy_e100_20260517_184428_13530257,789,0.1
0.0542,0.0542,0.6672,0.0,0.29640151515151514,,bp_synergy,composite_twoaxis_ixy_hybrid_taylor,results/learning_rules/vgg16_cifar100/vgg16_cifar100_bp_synergy_e100_20260517_184428_13530257,789,0.3
0.0189,0.0189,0.7025,0.0,0.4817708333333333,,bp_synergy,composite_twoaxis_ixy_hybrid_taylor,results/learning_rules/vgg16_cifar100/vgg16_cifar100_bp_synergy_e100_20260517_184428_13530257,789,0.5
0.0103,0.0103,0.7111000000000001,0.0,0.6808712121212122,,bp_synergy,composite_twoaxis_ixy_hybrid_taylor,results/learning_rules/vgg16_cifar100/vgg16_cifar100_bp_synergy_e100_20260517_184428_13530257,789,0.7
0.01,0.01,0.7114,0.0,0.7772253787878788,,bp_synergy,composite_twoaxis_ixy_hybrid_taylor,results/learning_rules/vgg16_cifar100/vgg16_cifar100_bp_synergy_e100_20260517_184428_13530257,789,0.8
0.01,0.01,0.7114,0.0,0.8752367424242424,,bp_synergy,composite_twoaxis_ixy_hybrid_taylor,results/learning_rules/vgg16_cifar100/vgg16_cifar100_bp_synergy_e100_20260517_184428_13530257,789,0.9
0.7156,0.7156,0.0038000000000000256,0.0,0.09990530303030302,,bp_synergy,magnitude,results/learning_rules/vgg16_cifar100/vgg16_cifar100_bp_synergy_e100_20260517_184435_13530256,456,0.1
0.176,0.176,0.5434000000000001,0.0,0.2999526515151515,,bp_synergy,magnitude,results/learning_rules/vgg16_cifar100/vgg16_cifar100_bp_synergy_e100_20260517_184435_13530256,456,0.3
0.0126,0.0126,0.7068000000000001,0.0,0.4817708333333333,,bp_synergy,magnitude,results/learning_rules/vgg16_cifar100/vgg16_cifar100_bp_synergy_e100_20260517_184435_13530256,456,0.5
0.01,0.01,0.7094,0.0,0.6787405303030303,,bp_synergy,magnitude,results/learning_rules/vgg16_cifar100/vgg16_cifar100_bp_synergy_e100_20260517_184435_13530256,456,0.7
0.01,0.01,0.7094,0.0,0.7760416666666666,,bp_synergy,magnitude,results/learning_rules/vgg16_cifar100/vgg16_cifar100_bp_synergy_e100_20260517_184435_13530256,456,0.8
0.01,0.01,0.7094,0.0,0.8700284090909091,,bp_synergy,magnitude,results/learning_rules/vgg16_cifar100/vgg16_cifar100_bp_synergy_e100_20260517_184435_13530256,456,0.9
0.714,0.714,0.005400000000000071,0.0,0.09990530303030302,,bp_synergy,taylor,results/learning_rules/vgg16_cifar100/vgg16_cifar100_bp_synergy_e100_20260517_184435_13530256,456,0.1
0.024,0.024,0.6954,0.0,0.29640151515151514,,bp_synergy,taylor,results/learning_rules/vgg16_cifar100/vgg16_cifar100_bp_synergy_e100_20260517_184435_13530256,456,0.3
0.0169,0.0169,0.7025,0.0,0.4817708333333333,,bp_synergy,taylor,results/learning_rules/vgg16_cifar100/vgg16_cifar100_bp_synergy_e100_20260517_184435_13530256,456,0.5
0.01,0.01,0.7094,0.0,0.6796875,,bp_synergy,taylor,results/learning_rules/vgg16_cifar100/vgg16_cifar100_bp_synergy_e100_20260517_184435_13530256,456,0.7
0.01,0.01,0.7094,0.0,0.7765151515151515,,bp_synergy,taylor,results/learning_rules/vgg16_cifar100/vgg16_cifar100_bp_synergy_e100_20260517_184435_13530256,456,0.8
0.01,0.01,0.7094,0.0,0.8752367424242424,,bp_synergy,taylor,results/learning_rules/vgg16_cifar100/vgg16_cifar100_bp_synergy_e100_20260517_184435_13530256,456,0.9
0.487,0.487,0.23240000000000005,0.0,0.09990530303030302,,bp_synergy,composite,results/learning_rules/vgg16_cifar100/vgg16_cifar100_bp_synergy_e100_20260517_184435_13530256,456,0.1
0.0779,0.0779,0.6415000000000001,0.0,0.2999526515151515,,bp_synergy,composite,results/learning_rules/vgg16_cifar100/vgg16_cifar100_bp_synergy_e100_20260517_184435_13530256,456,0.3
0.011,0.011,0.7084,0.0,0.5,,bp_synergy,composite,results/learning_rules/vgg16_cifar100/vgg16_cifar100_bp_synergy_e100_20260517_184435_13530256,456,0.5
0.01,0.01,0.7094,0.0,0.6998106060606061,,bp_synergy,composite,results/learning_rules/vgg16_cifar100/vgg16_cifar100_bp_synergy_e100_20260517_184435_13530256,456,0.7
0.01,0.01,0.7094,0.0,0.7999526515151515,,bp_synergy,composite,results/learning_rules/vgg16_cifar100/vgg16_cifar100_bp_synergy_e100_20260517_184435_13530256,456,0.8
0.01,0.01,0.7094,0.0,0.8937026515151515,,bp_synergy,composite,results/learning_rules/vgg16_cifar100/vgg16_cifar100_bp_synergy_e100_20260517_184435_13530256,456,0.9
0.7103,0.7103,0.009099999999999997,0.0,0.09990530303030302,,bp_synergy,cap_ixy_hybrid_taylor,results/learning_rules/vgg16_cifar100/vgg16_cifar100_bp_synergy_e100_20260517_184435_13530256,456,0.1
0.0283,0.0283,0.6911,0.0,0.29640151515151514,,bp_synergy,cap_ixy_hybrid_taylor,results/learning_rules/vgg16_cifar100/vgg16_cifar100_bp_synergy_e100_20260517_184435_13530256,456,0.3
0.01,0.01,0.7094,0.0,0.4817708333333333,,bp_synergy,cap_ixy_hybrid_taylor,results/learning_rules/vgg16_cifar100/vgg16_cifar100_bp_synergy_e100_20260517_184435_13530256,456,0.5
0.01,0.01,0.7094,0.0,0.6796875,,bp_synergy,cap_ixy_hybrid_taylor,results/learning_rules/vgg16_cifar100/vgg16_cifar100_bp_synergy_e100_20260517_184435_13530256,456,0.7
0.01,0.01,0.7094,0.0,0.7765151515151515,,bp_synergy,cap_ixy_hybrid_taylor,results/learning_rules/vgg16_cifar100/vgg16_cifar100_bp_synergy_e100_20260517_184435_13530256,456,0.8
0.01,0.01,0.7094,0.0,0.8752367424242424,,bp_synergy,cap_ixy_hybrid_taylor,results/learning_rules/vgg16_cifar100/vgg16_cifar100_bp_synergy_e100_20260517_184435_13530256,456,0.9
0.7123,0.7123,0.007099999999999995,0.0,0.09990530303030302,,bp_synergy,composite_twoaxis_ixy_hybrid_taylor,results/learning_rules/vgg16_cifar100/vgg16_cifar100_bp_synergy_e100_20260517_184435_13530256,456,0.1
0.0402,0.0402,0.6792,0.0,0.29640151515151514,,bp_synergy,composite_twoaxis_ixy_hybrid_taylor,results/learning_rules/vgg16_cifar100/vgg16_cifar100_bp_synergy_e100_20260517_184435_13530256,456,0.3
0.0112,0.0112,0.7082,0.0,0.4817708333333333,,bp_synergy,composite_twoaxis_ixy_hybrid_taylor,results/learning_rules/vgg16_cifar100/vgg16_cifar100_bp_synergy_e100_20260517_184435_13530256,456,0.5
0.01,0.01,0.7094,0.0,0.6796875,,bp_synergy,composite_twoaxis_ixy_hybrid_taylor,results/learning_rules/vgg16_cifar100/vgg16_cifar100_bp_synergy_e100_20260517_184435_13530256,456,0.7
0.01,0.01,0.7094,0.0,0.7765151515151515,,bp_synergy,composite_twoaxis_ixy_hybrid_taylor,results/learning_rules/vgg16_cifar100/vgg16_cifar100_bp_synergy_e100_20260517_184435_13530256,456,0.8
0.01,0.01,0.7094,0.0,0.8752367424242424,,bp_synergy,composite_twoaxis_ixy_hybrid_taylor,results/learning_rules/vgg16_cifar100/vgg16_cifar100_bp_synergy_e100_20260517_184435_13530256,456,0.9
0.7147,0.7147,0.005600000000000049,0.0,0.09990530303030302,,bp_synergy,magnitude,results/learning_rules/vgg16_cifar100/vgg16_cifar100_bp_synergy_e100_20260517_184726_13530274,1011,0.1
0.0679,0.0679,0.6524000000000001,0.0,0.2999526515151515,,bp_synergy,magnitude,results/learning_rules/vgg16_cifar100/vgg16_cifar100_bp_synergy_e100_20260517_184726_13530274,1011,0.3
0.01,0.01,0.7103,0.0,0.4815340909090909,,bp_synergy,magnitude,results/learning_rules/vgg16_cifar100/vgg16_cifar100_bp_synergy_e100_20260517_184726_13530274,1011,0.5
0.01,0.01,0.7103,0.0,0.6782670454545454,,bp_synergy,magnitude,results/learning_rules/vgg16_cifar100/vgg16_cifar100_bp_synergy_e100_20260517_184726_13530274,1011,0.7
0.01,0.01,0.7103,0.0,0.7760416666666666,,bp_synergy,magnitude,results/learning_rules/vgg16_cifar100/vgg16_cifar100_bp_synergy_e100_20260517_184726_13530274,1011,0.8
0.01,0.01,0.7103,0.0,0.8705018939393939,,bp_synergy,magnitude,results/learning_rules/vgg16_cifar100/vgg16_cifar100_bp_synergy_e100_20260517_184726_13530274,1011,0.9
0.714,0.714,0.006300000000000083,0.0,0.09990530303030302,,bp_synergy,taylor,results/learning_rules/vgg16_cifar100/vgg16_cifar100_bp_synergy_e100_20260517_184726_13530274,1011,0.1
0.0491,0.0491,0.6712,0.0,0.2980587121212121,,bp_synergy,taylor,results/learning_rules/vgg16_cifar100/vgg16_cifar100_bp_synergy_e100_20260517_184726_13530274,1011,0.3
0.0123,0.0123,0.7080000000000001,0.0,0.4817708333333333,,bp_synergy,taylor,results/learning_rules/vgg16_cifar100/vgg16_cifar100_bp_synergy_e100_20260517_184726_13530274,1011,0.5
0.01,0.01,0.7103,0.0,0.6789772727272727,,bp_synergy,taylor,results/learning_rules/vgg16_cifar100/vgg16_cifar100_bp_synergy_e100_20260517_184726_13530274,1011,0.7
0.01,0.01,0.7103,0.0,0.7760416666666666,,bp_synergy,taylor,results/learning_rules/vgg16_cifar100/vgg16_cifar100_bp_synergy_e100_20260517_184726_13530274,1011,0.8
0.01,0.01,0.7103,0.0,0.8747632575757576,,bp_synergy,taylor,results/learning_rules/vgg16_cifar100/vgg16_cifar100_bp_synergy_e100_20260517_184726_13530274,1011,0.9
0.1978,0.1978,0.5225000000000001,0.0,0.09990530303030302,,bp_synergy,composite,results/learning_rules/vgg16_cifar100/vgg16_cifar100_bp_synergy_e100_20260517_184726_13530274,1011,0.1
0.0428,0.0428,0.6775000000000001,0.0,0.2999526515151515,,bp_synergy,composite,results/learning_rules/vgg16_cifar100/vgg16_cifar100_bp_synergy_e100_20260517_184726_13530274,1011,0.3
0.0145,0.0145,0.7058000000000001,0.0,0.5,,bp_synergy,composite,results/learning_rules/vgg16_cifar100/vgg16_cifar100_bp_synergy_e100_20260517_184726_13530274,1011,0.5
0.01,0.01,0.7103,0.0,0.6998106060606061,,bp_synergy,composite,results/learning_rules/vgg16_cifar100/vgg16_cifar100_bp_synergy_e100_20260517_184726_13530274,1011,0.7
0.01,0.01,0.7103,0.0,0.7999526515151515,,bp_synergy,composite,results/learning_rules/vgg16_cifar100/vgg16_cifar100_bp_synergy_e100_20260517_184726_13530274,1011,0.8
0.01,0.01,0.7103,0.0,0.8951231060606061,,bp_synergy,composite,results/learning_rules/vgg16_cifar100/vgg16_cifar100_bp_synergy_e100_20260517_184726_13530274,1011,0.9
0.6688,0.6688,0.0515000000000001,0.0,0.09990530303030302,,bp_synergy,cap_ixy_hybrid_taylor,results/learning_rules/vgg16_cifar100/vgg16_cifar100_bp_synergy_e100_20260517_184726_13530274,1011,0.1
0.0227,0.0227,0.6976,0.0,0.2980587121212121,,bp_synergy,cap_ixy_hybrid_taylor,results/learning_rules/vgg16_cifar100/vgg16_cifar100_bp_synergy_e100_20260517_184726_13530274,1011,0.3
0.01,0.01,0.7103,0.0,0.4817708333333333,,bp_synergy,cap_ixy_hybrid_taylor,results/learning_rules/vgg16_cifar100/vgg16_cifar100_bp_synergy_e100_20260517_184726_13530274,1011,0.5
0.01,0.01,0.7103,0.0,0.6789772727272727,,bp_synergy,cap_ixy_hybrid_taylor,results/learning_rules/vgg16_cifar100/vgg16_cifar100_bp_synergy_e100_20260517_184726_13530274,1011,0.7
0.01,0.01,0.7103,0.0,0.7760416666666666,,bp_synergy,cap_ixy_hybrid_taylor,results/learning_rules/vgg16_cifar100/vgg16_cifar100_bp_synergy_e100_20260517_184726_13530274,1011,0.8
0.01,0.01,0.7103,0.0,0.8747632575757576,,bp_synergy,cap_ixy_hybrid_taylor,results/learning_rules/vgg16_cifar100/vgg16_cifar100_bp_synergy_e100_20260517_184726_13530274,1011,0.9
0.7162,0.7162,0.0041000000000001036,0.0,0.09990530303030302,,bp_synergy,composite_twoaxis_ixy_hybrid_taylor,results/learning_rules/vgg16_cifar100/vgg16_cifar100_bp_synergy_e100_20260517_184726_13530274,1011,0.1
0.0815,0.0815,0.6388,0.0,0.2980587121212121,,bp_synergy,composite_twoaxis_ixy_hybrid_taylor,results/learning_rules/vgg16_cifar100/vgg16_cifar100_bp_synergy_e100_20260517_184726_13530274,1011,0.3
0.0126,0.0126,0.7077,0.0,0.4817708333333333,,bp_synergy,composite_twoaxis_ixy_hybrid_taylor,results/learning_rules/vgg16_cifar100/vgg16_cifar100_bp_synergy_e100_20260517_184726_13530274,1011,0.5
0.01,0.01,0.7103,0.0,0.6789772727272727,,bp_synergy,composite_twoaxis_ixy_hybrid_taylor,results/learning_rules/vgg16_cifar100/vgg16_cifar100_bp_synergy_e100_20260517_184726_13530274,1011,0.7
0.01,0.01,0.7103,0.0,0.7760416666666666,,bp_synergy,composite_twoaxis_ixy_hybrid_taylor,results/learning_rules/vgg16_cifar100/vgg16_cifar100_bp_synergy_e100_20260517_184726_13530274,1011,0.8
0.01,0.01,0.7103,0.0,0.8747632575757576,,bp_synergy,composite_twoaxis_ixy_hybrid_taylor,results/learning_rules/vgg16_cifar100/vgg16_cifar100_bp_synergy_e100_20260517_184726_13530274,1011,0.9
0.713,0.713,0.011500000000000066,0.0,0.09990530303030302,,bp_tard,magnitude,results/learning_rules/vgg16_cifar100/vgg16_cifar100_bp_tard_e100_20260516_162944_13306396,42,0.1
0.0216,0.0216,0.7029000000000001,0.0,0.2999526515151515,,bp_tard,magnitude,results/learning_rules/vgg16_cifar100/vgg16_cifar100_bp_tard_e100_20260516_162944_13306396,42,0.3
0.01,0.01,0.7145,0.0,0.4815340909090909,,bp_tard,magnitude,results/learning_rules/vgg16_cifar100/vgg16_cifar100_bp_tard_e100_20260516_162944_13306396,42,0.5
0.01,0.01,0.7145,0.0,0.678030303030303,,bp_tard,magnitude,results/learning_rules/vgg16_cifar100/vgg16_cifar100_bp_tard_e100_20260516_162944_13306396,42,0.7
0.01,0.01,0.7145,0.0,0.7762784090909091,,bp_tard,magnitude,results/learning_rules/vgg16_cifar100/vgg16_cifar100_bp_tard_e100_20260516_162944_13306396,42,0.8
0.01,0.01,0.7145,0.0,0.8705018939393939,,bp_tard,magnitude,results/learning_rules/vgg16_cifar100/vgg16_cifar100_bp_tard_e100_20260516_162944_13306396,42,0.9
0.718,0.718,0.006500000000000061,0.0,0.09990530303030302,,bp_tard,taylor,results/learning_rules/vgg16_cifar100/vgg16_cifar100_bp_tard_e100_20260516_162944_13306396,42,0.1
0.0427,0.0427,0.6818000000000001,0.0,0.296875,,bp_tard,taylor,results/learning_rules/vgg16_cifar100/vgg16_cifar100_bp_tard_e100_20260516_162944_13306396,42,0.3
0.0103,0.0103,0.7142000000000001,0.0,0.48271780303030304,,bp_tard,taylor,results/learning_rules/vgg16_cifar100/vgg16_cifar100_bp_tard_e100_20260516_162944_13306396,42,0.5
0.01,0.01,0.7145,0.0,0.6811079545454546,,bp_tard,taylor,results/learning_rules/vgg16_cifar100/vgg16_cifar100_bp_tard_e100_20260516_162944_13306396,42,0.7
0.01,0.01,0.7145,0.0,0.7760416666666666,,bp_tard,taylor,results/learning_rules/vgg16_cifar100/vgg16_cifar100_bp_tard_e100_20260516_162944_13306396,42,0.8
0.01,0.01,0.7145,0.0,0.8754734848484849,,bp_tard,taylor,results/learning_rules/vgg16_cifar100/vgg16_cifar100_bp_tard_e100_20260516_162944_13306396,42,0.9
0.3208,0.3208,0.40370000000000006,0.0,0.09990530303030302,,bp_tard,composite,results/learning_rules/vgg16_cifar100/vgg16_cifar100_bp_tard_e100_20260516_162944_13306396,42,0.1
0.0736,0.0736,0.6509,0.0,0.2999526515151515,,bp_tard,composite,results/learning_rules/vgg16_cifar100/vgg16_cifar100_bp_tard_e100_20260516_162944_13306396,42,0.3
0.0146,0.0146,0.7099000000000001,0.0,0.5,,bp_tard,composite,results/learning_rules/vgg16_cifar100/vgg16_cifar100_bp_tard_e100_20260516_162944_13306396,42,0.5
0.01,0.01,0.7145,0.0,0.6998106060606061,,bp_tard,composite,results/learning_rules/vgg16_cifar100/vgg16_cifar100_bp_tard_e100_20260516_162944_13306396,42,0.7
0.01,0.01,0.7145,0.0,0.7971117424242424,,bp_tard,composite,results/learning_rules/vgg16_cifar100/vgg16_cifar100_bp_tard_e100_20260516_162944_13306396,42,0.8
0.01,0.01,0.7145,0.0,0.8915719696969697,,bp_tard,composite,results/learning_rules/vgg16_cifar100/vgg16_cifar100_bp_tard_e100_20260516_162944_13306396,42,0.9
0.7011,0.7011,0.023400000000000087,0.0,0.09990530303030302,,bp_tard,cap_ixy_hybrid_taylor,results/learning_rules/vgg16_cifar100/vgg16_cifar100_bp_tard_e100_20260516_162944_13306396,42,0.1
0.0471,0.0471,0.6774,0.0,0.296875,,bp_tard,cap_ixy_hybrid_taylor,results/learning_rules/vgg16_cifar100/vgg16_cifar100_bp_tard_e100_20260516_162944_13306396,42,0.3
0.01,0.01,0.7145,0.0,0.48271780303030304,,bp_tard,cap_ixy_hybrid_taylor,results/learning_rules/vgg16_cifar100/vgg16_cifar100_bp_tard_e100_20260516_162944_13306396,42,0.5
0.01,0.01,0.7145,0.0,0.6811079545454546,,bp_tard,cap_ixy_hybrid_taylor,results/learning_rules/vgg16_cifar100/vgg16_cifar100_bp_tard_e100_20260516_162944_13306396,42,0.7
0.01,0.01,0.7145,0.0,0.7760416666666666,,bp_tard,cap_ixy_hybrid_taylor,results/learning_rules/vgg16_cifar100/vgg16_cifar100_bp_tard_e100_20260516_162944_13306396,42,0.8
0.01,0.01,0.7145,0.0,0.8754734848484849,,bp_tard,cap_ixy_hybrid_taylor,results/learning_rules/vgg16_cifar100/vgg16_cifar100_bp_tard_e100_20260516_162944_13306396,42,0.9
0.7182,0.7182,0.006300000000000083,0.0,0.09990530303030302,,bp_tard,composite_twoaxis_ixy_hybrid_taylor,results/learning_rules/vgg16_cifar100/vgg16_cifar100_bp_tard_e100_20260516_162944_13306396,42,0.1
0.0188,0.0188,0.7057,0.0,0.296875,,bp_tard,composite_twoaxis_ixy_hybrid_taylor,results/learning_rules/vgg16_cifar100/vgg16_cifar100_bp_tard_e100_20260516_162944_13306396,42,0.3
0.0106,0.0106,0.7139,0.0,0.48271780303030304,,bp_tard,composite_twoaxis_ixy_hybrid_taylor,results/learning_rules/vgg16_cifar100/vgg16_cifar100_bp_tard_e100_20260516_162944_13306396,42,0.5
0.01,0.01,0.7145,0.0,0.6811079545454546,,bp_tard,composite_twoaxis_ixy_hybrid_taylor,results/learning_rules/vgg16_cifar100/vgg16_cifar100_bp_tard_e100_20260516_162944_13306396,42,0.7
0.01,0.01,0.7145,0.0,0.7760416666666666,,bp_tard,composite_twoaxis_ixy_hybrid_taylor,results/learning_rules/vgg16_cifar100/vgg16_cifar100_bp_tard_e100_20260516_162944_13306396,42,0.8
0.01,0.01,0.7145,0.0,0.8754734848484849,,bp_tard,composite_twoaxis_ixy_hybrid_taylor,results/learning_rules/vgg16_cifar100/vgg16_cifar100_bp_tard_e100_20260516_162944_13306396,42,0.9
0.7236,0.7236,0.0022999999999999687,0.0,0.09990530303030302,,bp_tard,magnitude,results/learning_rules/vgg16_cifar100/vgg16_cifar100_bp_tard_e100_20260517_092633_13469060,1011,0.1
0.1229,0.1229,0.603,0.0,0.2999526515151515,,bp_tard,magnitude,results/learning_rules/vgg16_cifar100/vgg16_cifar100_bp_tard_e100_20260517_092633_13469060,1011,0.3
0.014,0.014,0.7119,0.0,0.4815340909090909,,bp_tard,magnitude,results/learning_rules/vgg16_cifar100/vgg16_cifar100_bp_tard_e100_20260517_092633_13469060,1011,0.5
0.01,0.01,0.7159,0.0,0.6775568181818182,,bp_tard,magnitude,results/learning_rules/vgg16_cifar100/vgg16_cifar100_bp_tard_e100_20260517_092633_13469060,1011,0.7
0.01,0.01,0.7159,0.0,0.7760416666666666,,bp_tard,magnitude,results/learning_rules/vgg16_cifar100/vgg16_cifar100_bp_tard_e100_20260517_092633_13469060,1011,0.8
0.01,0.01,0.7159,0.0,0.8709753787878788,,bp_tard,magnitude,results/learning_rules/vgg16_cifar100/vgg16_cifar100_bp_tard_e100_20260517_092633_13469060,1011,0.9
0.7177,0.7177,0.008199999999999985,0.0,0.09990530303030302,,bp_tard,taylor,results/learning_rules/vgg16_cifar100/vgg16_cifar100_bp_tard_e100_20260517_092633_13469060,1011,0.1
0.0613,0.0613,0.6646,0.0,0.2959280303030303,,bp_tard,taylor,results/learning_rules/vgg16_cifar100/vgg16_cifar100_bp_tard_e100_20260517_092633_13469060,1011,0.3
0.0148,0.0148,0.7111,0.0,0.4824810606060606,,bp_tard,taylor,results/learning_rules/vgg16_cifar100/vgg16_cifar100_bp_tard_e100_20260517_092633_13469060,1011,0.5
0.01,0.01,0.7159,0.0,0.6796875,,bp_tard,taylor,results/learning_rules/vgg16_cifar100/vgg16_cifar100_bp_tard_e100_20260517_092633_13469060,1011,0.7
0.01,0.01,0.7159,0.0,0.7760416666666666,,bp_tard,taylor,results/learning_rules/vgg16_cifar100/vgg16_cifar100_bp_tard_e100_20260517_092633_13469060,1011,0.8
0.01,0.01,0.7159,0.0,0.8752367424242424,,bp_tard,taylor,results/learning_rules/vgg16_cifar100/vgg16_cifar100_bp_tard_e100_20260517_092633_13469060,1011,0.9
0.5434,0.5434,0.1825,0.0,0.09990530303030302,,bp_tard,composite,results/learning_rules/vgg16_cifar100/vgg16_cifar100_bp_tard_e100_20260517_092633_13469060,1011,0.1
0.0873,0.0873,0.6386,0.0,0.2999526515151515,,bp_tard,composite,results/learning_rules/vgg16_cifar100/vgg16_cifar100_bp_tard_e100_20260517_092633_13469060,1011,0.3
0.0148,0.0148,0.7111,0.0,0.5,,bp_tard,composite,results/learning_rules/vgg16_cifar100/vgg16_cifar100_bp_tard_e100_20260517_092633_13469060,1011,0.5
0.0101,0.0101,0.7158,0.0,0.6998106060606061,,bp_tard,composite,results/learning_rules/vgg16_cifar100/vgg16_cifar100_bp_tard_e100_20260517_092633_13469060,1011,0.7
0.01,0.01,0.7159,0.0,0.7994791666666666,,bp_tard,composite,results/learning_rules/vgg16_cifar100/vgg16_cifar100_bp_tard_e100_20260517_092633_13469060,1011,0.8
0.01,0.01,0.7159,0.0,0.8908617424242424,,bp_tard,composite,results/learning_rules/vgg16_cifar100/vgg16_cifar100_bp_tard_e100_20260517_092633_13469060,1011,0.9
0.7106,0.7106,0.01529999999999998,0.0,0.09990530303030302,,bp_tard,cap_ixy_hybrid_taylor,results/learning_rules/vgg16_cifar100/vgg16_cifar100_bp_tard_e100_20260517_092633_13469060,1011,0.1
0.0377,0.0377,0.6882,0.0,0.2959280303030303,,bp_tard,cap_ixy_hybrid_taylor,results/learning_rules/vgg16_cifar100/vgg16_cifar100_bp_tard_e100_20260517_092633_13469060,1011,0.3
0.01,0.01,0.7159,0.0,0.4824810606060606,,bp_tard,cap_ixy_hybrid_taylor,results/learning_rules/vgg16_cifar100/vgg16_cifar100_bp_tard_e100_20260517_092633_13469060,1011,0.5
0.01,0.01,0.7159,0.0,0.6796875,,bp_tard,cap_ixy_hybrid_taylor,results/learning_rules/vgg16_cifar100/vgg16_cifar100_bp_tard_e100_20260517_092633_13469060,1011,0.7
0.01,0.01,0.7159,0.0,0.7760416666666666,,bp_tard,cap_ixy_hybrid_taylor,results/learning_rules/vgg16_cifar100/vgg16_cifar100_bp_tard_e100_20260517_092633_13469060,1011,0.8
0.01,0.01,0.7159,0.0,0.8752367424242424,,bp_tard,cap_ixy_hybrid_taylor,results/learning_rules/vgg16_cifar100/vgg16_cifar100_bp_tard_e100_20260517_092633_13469060,1011,0.9
0.7229,0.7229,0.0030000000000000027,0.0,0.09990530303030302,,bp_tard,composite_twoaxis_ixy_hybrid_taylor,results/learning_rules/vgg16_cifar100/vgg16_cifar100_bp_tard_e100_20260517_092633_13469060,1011,0.1
0.0518,0.0518,0.6741,0.0,0.2959280303030303,,bp_tard,composite_twoaxis_ixy_hybrid_taylor,results/learning_rules/vgg16_cifar100/vgg16_cifar100_bp_tard_e100_20260517_092633_13469060,1011,0.3
0.014,0.014,0.7119,0.0,0.4824810606060606,,bp_tard,composite_twoaxis_ixy_hybrid_taylor,results/learning_rules/vgg16_cifar100/vgg16_cifar100_bp_tard_e100_20260517_092633_13469060,1011,0.5
0.01,0.01,0.7159,0.0,0.6796875,,bp_tard,composite_twoaxis_ixy_hybrid_taylor,results/learning_rules/vgg16_cifar100/vgg16_cifar100_bp_tard_e100_20260517_092633_13469060,1011,0.7
0.01,0.01,0.7159,0.0,0.7760416666666666,,bp_tard,composite_twoaxis_ixy_hybrid_taylor,results/learning_rules/vgg16_cifar100/vgg16_cifar100_bp_tard_e100_20260517_092633_13469060,1011,0.8
0.01,0.01,0.7159,0.0,0.8752367424242424,,bp_tard,composite_twoaxis_ixy_hybrid_taylor,results/learning_rules/vgg16_cifar100/vgg16_cifar100_bp_tard_e100_20260517_092633_13469060,1011,0.9
0.7212,0.7212,0.0036000000000000476,0.0,0.09990530303030302,,bp_tard,magnitude,results/learning_rules/vgg16_cifar100/vgg16_cifar100_bp_tard_e100_20260517_092644_13469057,123,0.1
0.074,0.074,0.6508,0.0,0.2999526515151515,,bp_tard,magnitude,results/learning_rules/vgg16_cifar100/vgg16_cifar100_bp_tard_e100_20260517_092644_13469057,123,0.3
0.0216,0.0216,0.7032,0.0,0.4817708333333333,,bp_tard,magnitude,results/learning_rules/vgg16_cifar100/vgg16_cifar100_bp_tard_e100_20260517_092644_13469057,123,0.5
0.0119,0.0119,0.7129,0.0,0.6792140151515151,,bp_tard,magnitude,results/learning_rules/vgg16_cifar100/vgg16_cifar100_bp_tard_e100_20260517_092644_13469057,123,0.7
0.0102,0.0102,0.7146,0.0,0.7765151515151515,,bp_tard,magnitude,results/learning_rules/vgg16_cifar100/vgg16_cifar100_bp_tard_e100_20260517_092644_13469057,123,0.8
0.01,0.01,0.7148,0.0,0.8731060606060606,,bp_tard,magnitude,results/learning_rules/vgg16_cifar100/vgg16_cifar100_bp_tard_e100_20260517_092644_13469057,123,0.9
0.7198,0.7198,0.0050000000000000044,0.0,0.09990530303030302,,bp_tard,taylor,results/learning_rules/vgg16_cifar100/vgg16_cifar100_bp_tard_e100_20260517_092644_13469057,123,0.1
0.0476,0.0476,0.6772,0.0,0.29545454545454547,,bp_tard,taylor,results/learning_rules/vgg16_cifar100/vgg16_cifar100_bp_tard_e100_20260517_092644_13469057,123,0.3
0.01,0.01,0.7148,0.0,0.4817708333333333,,bp_tard,taylor,results/learning_rules/vgg16_cifar100/vgg16_cifar100_bp_tard_e100_20260517_092644_13469057,123,0.5
0.01,0.01,0.7148,0.0,0.6808712121212122,,bp_tard,taylor,results/learning_rules/vgg16_cifar100/vgg16_cifar100_bp_tard_e100_20260517_092644_13469057,123,0.7
0.01,0.01,0.7148,0.0,0.7769886363636364,,bp_tard,taylor,results/learning_rules/vgg16_cifar100/vgg16_cifar100_bp_tard_e100_20260517_092644_13469057,123,0.8
0.01,0.01,0.7148,0.0,0.8752367424242424,,bp_tard,taylor,results/learning_rules/vgg16_cifar100/vgg16_cifar100_bp_tard_e100_20260517_092644_13469057,123,0.9
0.4872,0.4872,0.23759999999999998,0.0,0.09990530303030302,,bp_tard,composite,results/learning_rules/vgg16_cifar100/vgg16_cifar100_bp_tard_e100_20260517_092644_13469057,123,0.1
0.1114,0.1114,0.6134,0.0,0.2999526515151515,,bp_tard,composite,results/learning_rules/vgg16_cifar100/vgg16_cifar100_bp_tard_e100_20260517_092644_13469057,123,0.3
0.0106,0.0106,0.7142,0.0,0.5,,bp_tard,composite,results/learning_rules/vgg16_cifar100/vgg16_cifar100_bp_tard_e100_20260517_092644_13469057,123,0.5
0.0104,0.0104,0.7144,0.0,0.6998106060606061,,bp_tard,composite,results/learning_rules/vgg16_cifar100/vgg16_cifar100_bp_tard_e100_20260517_092644_13469057,123,0.7
0.01,0.01,0.7148,0.0,0.7999526515151515,,bp_tard,composite,results/learning_rules/vgg16_cifar100/vgg16_cifar100_bp_tard_e100_20260517_092644_13469057,123,0.8
0.01,0.01,0.7148,0.0,0.8963068181818182,,bp_tard,composite,results/learning_rules/vgg16_cifar100/vgg16_cifar100_bp_tard_e100_20260517_092644_13469057,123,0.9
0.7093,0.7093,0.015499999999999958,0.0,0.09990530303030302,,bp_tard,cap_ixy_hybrid_taylor,results/learning_rules/vgg16_cifar100/vgg16_cifar100_bp_tard_e100_20260517_092644_13469057,123,0.1
0.0313,0.0313,0.6935,0.0,0.29545454545454547,,bp_tard,cap_ixy_hybrid_taylor,results/learning_rules/vgg16_cifar100/vgg16_cifar100_bp_tard_e100_20260517_092644_13469057,123,0.3
0.01,0.01,0.7148,0.0,0.4817708333333333,,bp_tard,cap_ixy_hybrid_taylor,results/learning_rules/vgg16_cifar100/vgg16_cifar100_bp_tard_e100_20260517_092644_13469057,123,0.5
0.01,0.01,0.7148,0.0,0.6808712121212122,,bp_tard,cap_ixy_hybrid_taylor,results/learning_rules/vgg16_cifar100/vgg16_cifar100_bp_tard_e100_20260517_092644_13469057,123,0.7
0.01,0.01,0.7148,0.0,0.7769886363636364,,bp_tard,cap_ixy_hybrid_taylor,results/learning_rules/vgg16_cifar100/vgg16_cifar100_bp_tard_e100_20260517_092644_13469057,123,0.8
0.01,0.01,0.7148,0.0,0.8752367424242424,,bp_tard,cap_ixy_hybrid_taylor,results/learning_rules/vgg16_cifar100/vgg16_cifar100_bp_tard_e100_20260517_092644_13469057,123,0.9
0.7219,0.7219,0.0029000000000000137,0.0,0.09990530303030302,,bp_tard,composite_twoaxis_ixy_hybrid_taylor,results/learning_rules/vgg16_cifar100/vgg16_cifar100_bp_tard_e100_20260517_092644_13469057,123,0.1
0.154,0.154,0.5708,0.0,0.29545454545454547,,bp_tard,composite_twoaxis_ixy_hybrid_taylor,results/learning_rules/vgg16_cifar100/vgg16_cifar100_bp_tard_e100_20260517_092644_13469057,123,0.3
0.0173,0.0173,0.7075,0.0,0.4817708333333333,,bp_tard,composite_twoaxis_ixy_hybrid_taylor,results/learning_rules/vgg16_cifar100/vgg16_cifar100_bp_tard_e100_20260517_092644_13469057,123,0.5
0.01,0.01,0.7148,0.0,0.6808712121212122,,bp_tard,composite_twoaxis_ixy_hybrid_taylor,results/learning_rules/vgg16_cifar100/vgg16_cifar100_bp_tard_e100_20260517_092644_13469057,123,0.7
0.01,0.01,0.7148,0.0,0.7769886363636364,,bp_tard,composite_twoaxis_ixy_hybrid_taylor,results/learning_rules/vgg16_cifar100/vgg16_cifar100_bp_tard_e100_20260517_092644_13469057,123,0.8
0.01,0.01,0.7148,0.0,0.8752367424242424,,bp_tard,composite_twoaxis_ixy_hybrid_taylor,results/learning_rules/vgg16_cifar100/vgg16_cifar100_bp_tard_e100_20260517_092644_13469057,123,0.9
0.7176,0.7176,0.00539999999999996,0.0,0.09990530303030302,,bp_tard,magnitude,results/learning_rules/vgg16_cifar100/vgg16_cifar100_bp_tard_e100_20260517_092645_13469056,42,0.1
0.0957,0.0957,0.6273,0.0,0.2999526515151515,,bp_tard,magnitude,results/learning_rules/vgg16_cifar100/vgg16_cifar100_bp_tard_e100_20260517_092645_13469056,42,0.3
0.0161,0.0161,0.7069,0.0,0.4815340909090909,,bp_tard,magnitude,results/learning_rules/vgg16_cifar100/vgg16_cifar100_bp_tard_e100_20260517_092645_13469056,42,0.5
0.01,0.01,0.713,0.0,0.6782670454545454,,bp_tard,magnitude,results/learning_rules/vgg16_cifar100/vgg16_cifar100_bp_tard_e100_20260517_092645_13469056,42,0.7
0.01,0.01,0.713,0.0,0.7767518939393939,,bp_tard,magnitude,results/learning_rules/vgg16_cifar100/vgg16_cifar100_bp_tard_e100_20260517_092645_13469056,42,0.8
0.01,0.01,0.713,0.0,0.8728693181818182,,bp_tard,magnitude,results/learning_rules/vgg16_cifar100/vgg16_cifar100_bp_tard_e100_20260517_092645_13469056,42,0.9
0.7051,0.7051,0.017900000000000027,0.0,0.09990530303030302,,bp_tard,taylor,results/learning_rules/vgg16_cifar100/vgg16_cifar100_bp_tard_e100_20260517_092645_13469056,42,0.1
0.075,0.075,0.648,0.0,0.29521780303030304,,bp_tard,taylor,results/learning_rules/vgg16_cifar100/vgg16_cifar100_bp_tard_e100_20260517_092645_13469056,42,0.3
0.0155,0.0155,0.7075,0.0,0.4822443181818182,,bp_tard,taylor,results/learning_rules/vgg16_cifar100/vgg16_cifar100_bp_tard_e100_20260517_092645_13469056,42,0.5
0.01,0.01,0.713,0.0,0.681344696969697,,bp_tard,taylor,results/learning_rules/vgg16_cifar100/vgg16_cifar100_bp_tard_e100_20260517_092645_13469056,42,0.7
0.01,0.01,0.713,0.0,0.7776988636363636,,bp_tard,taylor,results/learning_rules/vgg16_cifar100/vgg16_cifar100_bp_tard_e100_20260517_092645_13469056,42,0.8
0.01,0.01,0.713,0.0,0.8754734848484849,,bp_tard,taylor,results/learning_rules/vgg16_cifar100/vgg16_cifar100_bp_tard_e100_20260517_092645_13469056,42,0.9
0.5086,0.5086,0.21439999999999992,0.0,0.09990530303030302,,bp_tard,composite,results/learning_rules/vgg16_cifar100/vgg16_cifar100_bp_tard_e100_20260517_092645_13469056,42,0.1
0.1168,0.1168,0.6062,0.0,0.2999526515151515,,bp_tard,composite,results/learning_rules/vgg16_cifar100/vgg16_cifar100_bp_tard_e100_20260517_092645_13469056,42,0.3
0.0179,0.0179,0.7051,0.0,0.5,,bp_tard,composite,results/learning_rules/vgg16_cifar100/vgg16_cifar100_bp_tard_e100_20260517_092645_13469056,42,0.5
0.01,0.01,0.713,0.0,0.6998106060606061,,bp_tard,composite,results/learning_rules/vgg16_cifar100/vgg16_cifar100_bp_tard_e100_20260517_092645_13469056,42,0.7
0.01,0.01,0.713,0.0,0.7999526515151515,,bp_tard,composite,results/learning_rules/vgg16_cifar100/vgg16_cifar100_bp_tard_e100_20260517_092645_13469056,42,0.8
0.01,0.01,0.713,0.0,0.8960700757575758,,bp_tard,composite,results/learning_rules/vgg16_cifar100/vgg16_cifar100_bp_tard_e100_20260517_092645_13469056,42,0.9
0.6634,0.6634,0.059599999999999986,0.0,0.09990530303030302,,bp_tard,cap_ixy_hybrid_taylor,results/learning_rules/vgg16_cifar100/vgg16_cifar100_bp_tard_e100_20260517_092645_13469056,42,0.1
0.0262,0.0262,0.6968,0.0,0.29521780303030304,,bp_tard,cap_ixy_hybrid_taylor,results/learning_rules/vgg16_cifar100/vgg16_cifar100_bp_tard_e100_20260517_092645_13469056,42,0.3
0.01,0.01,0.713,0.0,0.4822443181818182,,bp_tard,cap_ixy_hybrid_taylor,results/learning_rules/vgg16_cifar100/vgg16_cifar100_bp_tard_e100_20260517_092645_13469056,42,0.5
0.01,0.01,0.713,0.0,0.681344696969697,,bp_tard,cap_ixy_hybrid_taylor,results/learning_rules/vgg16_cifar100/vgg16_cifar100_bp_tard_e100_20260517_092645_13469056,42,0.7
0.01,0.01,0.713,0.0,0.7776988636363636,,bp_tard,cap_ixy_hybrid_taylor,results/learning_rules/vgg16_cifar100/vgg16_cifar100_bp_tard_e100_20260517_092645_13469056,42,0.8
0.01,0.01,0.713,0.0,0.8754734848484849,,bp_tard,cap_ixy_hybrid_taylor,results/learning_rules/vgg16_cifar100/vgg16_cifar100_bp_tard_e100_20260517_092645_13469056,42,0.9
0.7154,0.7154,0.00759999999999994,0.0,0.09990530303030302,,bp_tard,composite_twoaxis_ixy_hybrid_taylor,results/learning_rules/vgg16_cifar100/vgg16_cifar100_bp_tard_e100_20260517_092645_13469056,42,0.1
0.1058,0.1058,0.6172,0.0,0.29521780303030304,,bp_tard,composite_twoaxis_ixy_hybrid_taylor,results/learning_rules/vgg16_cifar100/vgg16_cifar100_bp_tard_e100_20260517_092645_13469056,42,0.3
0.0132,0.0132,0.7098,0.0,0.4822443181818182,,bp_tard,composite_twoaxis_ixy_hybrid_taylor,results/learning_rules/vgg16_cifar100/vgg16_cifar100_bp_tard_e100_20260517_092645_13469056,42,0.5
0.01,0.01,0.713,0.0,0.681344696969697,,bp_tard,composite_twoaxis_ixy_hybrid_taylor,results/learning_rules/vgg16_cifar100/vgg16_cifar100_bp_tard_e100_20260517_092645_13469056,42,0.7
0.01,0.01,0.713,0.0,0.7776988636363636,,bp_tard,composite_twoaxis_ixy_hybrid_taylor,results/learning_rules/vgg16_cifar100/vgg16_cifar100_bp_tard_e100_20260517_092645_13469056,42,0.8
0.01,0.01,0.713,0.0,0.8754734848484849,,bp_tard,composite_twoaxis_ixy_hybrid_taylor,results/learning_rules/vgg16_cifar100/vgg16_cifar100_bp_tard_e100_20260517_092645_13469056,42,0.9
0.7182,0.7182,0.0030000000000000027,0.0,0.09990530303030302,,bp_tard,magnitude,results/learning_rules/vgg16_cifar100/vgg16_cifar100_bp_tard_e100_20260517_092648_13469058,456,0.1
0.1073,0.1073,0.6138999999999999,0.0,0.2999526515151515,,bp_tard,magnitude,results/learning_rules/vgg16_cifar100/vgg16_cifar100_bp_tard_e100_20260517_092648_13469058,456,0.3
0.0101,0.0101,0.7111,0.0,0.4815340909090909,,bp_tard,magnitude,results/learning_rules/vgg16_cifar100/vgg16_cifar100_bp_tard_e100_20260517_092648_13469058,456,0.5
0.01,0.01,0.7111999999999999,0.0,0.678030303030303,,bp_tard,magnitude,results/learning_rules/vgg16_cifar100/vgg16_cifar100_bp_tard_e100_20260517_092648_13469058,456,0.7
0.01,0.01,0.7111999999999999,0.0,0.7760416666666666,,bp_tard,magnitude,results/learning_rules/vgg16_cifar100/vgg16_cifar100_bp_tard_e100_20260517_092648_13469058,456,0.8
0.01,0.01,0.7111999999999999,0.0,0.8697916666666666,,bp_tard,magnitude,results/learning_rules/vgg16_cifar100/vgg16_cifar100_bp_tard_e100_20260517_092648_13469058,456,0.9
0.7167,0.7167,0.0044999999999999485,0.0,0.09990530303030302,,bp_tard,taylor,results/learning_rules/vgg16_cifar100/vgg16_cifar100_bp_tard_e100_20260517_092648_13469058,456,0.1
0.0344,0.0344,0.6868,0.0,0.29711174242424243,,bp_tard,taylor,results/learning_rules/vgg16_cifar100/vgg16_cifar100_bp_tard_e100_20260517_092648_13469058,456,0.3
0.01,0.01,0.7111999999999999,0.0,0.4822443181818182,,bp_tard,taylor,results/learning_rules/vgg16_cifar100/vgg16_cifar100_bp_tard_e100_20260517_092648_13469058,456,0.5
0.01,0.01,0.7111999999999999,0.0,0.6785037878787878,,bp_tard,taylor,results/learning_rules/vgg16_cifar100/vgg16_cifar100_bp_tard_e100_20260517_092648_13469058,456,0.7
0.01,0.01,0.7111999999999999,0.0,0.7769886363636364,,bp_tard,taylor,results/learning_rules/vgg16_cifar100/vgg16_cifar100_bp_tard_e100_20260517_092648_13469058,456,0.8
0.01,0.01,0.7111999999999999,0.0,0.8752367424242424,,bp_tard,taylor,results/learning_rules/vgg16_cifar100/vgg16_cifar100_bp_tard_e100_20260517_092648_13469058,456,0.9
0.5492,0.5492,0.17199999999999993,0.0,0.09990530303030302,,bp_tard,composite,results/learning_rules/vgg16_cifar100/vgg16_cifar100_bp_tard_e100_20260517_092648_13469058,456,0.1
0.1241,0.1241,0.5971,0.0,0.2999526515151515,,bp_tard,composite,results/learning_rules/vgg16_cifar100/vgg16_cifar100_bp_tard_e100_20260517_092648_13469058,456,0.3
0.0123,0.0123,0.7089,0.0,0.5,,bp_tard,composite,results/learning_rules/vgg16_cifar100/vgg16_cifar100_bp_tard_e100_20260517_092648_13469058,456,0.5
0.01,0.01,0.7111999999999999,0.0,0.6998106060606061,,bp_tard,composite,results/learning_rules/vgg16_cifar100/vgg16_cifar100_bp_tard_e100_20260517_092648_13469058,456,0.7
0.01,0.01,0.7111999999999999,0.0,0.7999526515151515,,bp_tard,composite,results/learning_rules/vgg16_cifar100/vgg16_cifar100_bp_tard_e100_20260517_092648_13469058,456,0.8
0.01,0.01,0.7111999999999999,0.0,0.8951231060606061,,bp_tard,composite,results/learning_rules/vgg16_cifar100/vgg16_cifar100_bp_tard_e100_20260517_092648_13469058,456,0.9
0.4866,0.4866,0.23459999999999998,0.0,0.09990530303030302,,bp_tard,cap_ixy_hybrid_taylor,results/learning_rules/vgg16_cifar100/vgg16_cifar100_bp_tard_e100_20260517_092648_13469058,456,0.1
0.0181,0.0181,0.7031,0.0,0.29711174242424243,,bp_tard,cap_ixy_hybrid_taylor,results/learning_rules/vgg16_cifar100/vgg16_cifar100_bp_tard_e100_20260517_092648_13469058,456,0.3
0.0094,0.0094,0.7118,0.0,0.4822443181818182,,bp_tard,cap_ixy_hybrid_taylor,results/learning_rules/vgg16_cifar100/vgg16_cifar100_bp_tard_e100_20260517_092648_13469058,456,0.5
0.01,0.01,0.7111999999999999,0.0,0.6785037878787878,,bp_tard,cap_ixy_hybrid_taylor,results/learning_rules/vgg16_cifar100/vgg16_cifar100_bp_tard_e100_20260517_092648_13469058,456,0.7
0.01,0.01,0.7111999999999999,0.0,0.7769886363636364,,bp_tard,cap_ixy_hybrid_taylor,results/learning_rules/vgg16_cifar100/vgg16_cifar100_bp_tard_e100_20260517_092648_13469058,456,0.8
0.01,0.01,0.7111999999999999,0.0,0.8752367424242424,,bp_tard,cap_ixy_hybrid_taylor,results/learning_rules/vgg16_cifar100/vgg16_cifar100_bp_tard_e100_20260517_092648_13469058,456,0.9
0.7183,0.7183,0.0028999999999999027,0.0,0.09990530303030302,,bp_tard,composite_twoaxis_ixy_hybrid_taylor,results/learning_rules/vgg16_cifar100/vgg16_cifar100_bp_tard_e100_20260517_092648_13469058,456,0.1
0.1047,0.1047,0.6164999999999999,0.0,0.29711174242424243,,bp_tard,composite_twoaxis_ixy_hybrid_taylor,results/learning_rules/vgg16_cifar100/vgg16_cifar100_bp_tard_e100_20260517_092648_13469058,456,0.3
0.0123,0.0123,0.7089,0.0,0.4822443181818182,,bp_tard,composite_twoaxis_ixy_hybrid_taylor,results/learning_rules/vgg16_cifar100/vgg16_cifar100_bp_tard_e100_20260517_092648_13469058,456,0.5
0.01,0.01,0.7111999999999999,0.0,0.6785037878787878,,bp_tard,composite_twoaxis_ixy_hybrid_taylor,results/learning_rules/vgg16_cifar100/vgg16_cifar100_bp_tard_e100_20260517_092648_13469058,456,0.7
0.01,0.01,0.7111999999999999,0.0,0.7769886363636364,,bp_tard,composite_twoaxis_ixy_hybrid_taylor,results/learning_rules/vgg16_cifar100/vgg16_cifar100_bp_tard_e100_20260517_092648_13469058,456,0.8
0.01,0.01,0.7111999999999999,0.0,0.8752367424242424,,bp_tard,composite_twoaxis_ixy_hybrid_taylor,results/learning_rules/vgg16_cifar100/vgg16_cifar100_bp_tard_e100_20260517_092648_13469058,456,0.9
0.7215,0.7215,0.0040000000000000036,0.0,0.09990530303030302,,bp_tard,magnitude,results/learning_rules/vgg16_cifar100/vgg16_cifar100_bp_tard_e100_20260517_092657_13469059,789,0.1
0.105,0.105,0.6205,0.0,0.2999526515151515,,bp_tard,magnitude,results/learning_rules/vgg16_cifar100/vgg16_cifar100_bp_tard_e100_20260517_092657_13469059,789,0.3
0.0134,0.0134,0.7121000000000001,0.0,0.4815340909090909,,bp_tard,magnitude,results/learning_rules/vgg16_cifar100/vgg16_cifar100_bp_tard_e100_20260517_092657_13469059,789,0.5
0.01,0.01,0.7155,0.0,0.6770833333333334,,bp_tard,magnitude,results/learning_rules/vgg16_cifar100/vgg16_cifar100_bp_tard_e100_20260517_092657_13469059,789,0.7
0.01,0.01,0.7155,0.0,0.7760416666666666,,bp_tard,magnitude,results/learning_rules/vgg16_cifar100/vgg16_cifar100_bp_tard_e100_20260517_092657_13469059,789,0.8
0.01,0.01,0.7155,0.0,0.8709753787878788,,bp_tard,magnitude,results/learning_rules/vgg16_cifar100/vgg16_cifar100_bp_tard_e100_20260517_092657_13469059,789,0.9
0.7221,0.7221,0.0034000000000000696,0.0,0.09990530303030302,,bp_tard,taylor,results/learning_rules/vgg16_cifar100/vgg16_cifar100_bp_tard_e100_20260517_092657_13469059,789,0.1
0.0294,0.0294,0.6961,0.0,0.29640151515151514,,bp_tard,taylor,results/learning_rules/vgg16_cifar100/vgg16_cifar100_bp_tard_e100_20260517_092657_13469059,789,0.3
0.0105,0.0105,0.7150000000000001,0.0,0.4817708333333333,,bp_tard,taylor,results/learning_rules/vgg16_cifar100/vgg16_cifar100_bp_tard_e100_20260517_092657_13469059,789,0.5
0.01,0.01,0.7155,0.0,0.678030303030303,,bp_tard,taylor,results/learning_rules/vgg16_cifar100/vgg16_cifar100_bp_tard_e100_20260517_092657_13469059,789,0.7
0.01,0.01,0.7155,0.0,0.7760416666666666,,bp_tard,taylor,results/learning_rules/vgg16_cifar100/vgg16_cifar100_bp_tard_e100_20260517_092657_13469059,789,0.8
0.01,0.01,0.7155,0.0,0.8752367424242424,,bp_tard,taylor,results/learning_rules/vgg16_cifar100/vgg16_cifar100_bp_tard_e100_20260517_092657_13469059,789,0.9
0.4489,0.4489,0.2766,0.0,0.09990530303030302,,bp_tard,composite,results/learning_rules/vgg16_cifar100/vgg16_cifar100_bp_tard_e100_20260517_092657_13469059,789,0.1
0.0458,0.0458,0.6797000000000001,0.0,0.2999526515151515,,bp_tard,composite,results/learning_rules/vgg16_cifar100/vgg16_cifar100_bp_tard_e100_20260517_092657_13469059,789,0.3
0.0103,0.0103,0.7152000000000001,0.0,0.5,,bp_tard,composite,results/learning_rules/vgg16_cifar100/vgg16_cifar100_bp_tard_e100_20260517_092657_13469059,789,0.5
0.01,0.01,0.7155,0.0,0.6988636363636364,,bp_tard,composite,results/learning_rules/vgg16_cifar100/vgg16_cifar100_bp_tard_e100_20260517_092657_13469059,789,0.7
0.01,0.01,0.7155,0.0,0.7961647727272727,,bp_tard,composite,results/learning_rules/vgg16_cifar100/vgg16_cifar100_bp_tard_e100_20260517_092657_13469059,789,0.8
0.01,0.01,0.7155,0.0,0.8937026515151515,,bp_tard,composite,results/learning_rules/vgg16_cifar100/vgg16_cifar100_bp_tard_e100_20260517_092657_13469059,789,0.9
0.6927,0.6927,0.03280000000000005,0.0,0.09990530303030302,,bp_tard,cap_ixy_hybrid_taylor,results/learning_rules/vgg16_cifar100/vgg16_cifar100_bp_tard_e100_20260517_092657_13469059,789,0.1
0.0115,0.0115,0.7140000000000001,0.0,0.29640151515151514,,bp_tard,cap_ixy_hybrid_taylor,results/learning_rules/vgg16_cifar100/vgg16_cifar100_bp_tard_e100_20260517_092657_13469059,789,0.3
0.01,0.01,0.7155,0.0,0.4817708333333333,,bp_tard,cap_ixy_hybrid_taylor,results/learning_rules/vgg16_cifar100/vgg16_cifar100_bp_tard_e100_20260517_092657_13469059,789,0.5
0.01,0.01,0.7155,0.0,0.678030303030303,,bp_tard,cap_ixy_hybrid_taylor,results/learning_rules/vgg16_cifar100/vgg16_cifar100_bp_tard_e100_20260517_092657_13469059,789,0.7
0.01,0.01,0.7155,0.0,0.7760416666666666,,bp_tard,cap_ixy_hybrid_taylor,results/learning_rules/vgg16_cifar100/vgg16_cifar100_bp_tard_e100_20260517_092657_13469059,789,0.8
0.01,0.01,0.7155,0.0,0.8752367424242424,,bp_tard,cap_ixy_hybrid_taylor,results/learning_rules/vgg16_cifar100/vgg16_cifar100_bp_tard_e100_20260517_092657_13469059,789,0.9
0.7195,0.7195,0.006000000000000005,0.0,0.09990530303030302,,bp_tard,composite_twoaxis_ixy_hybrid_taylor,results/learning_rules/vgg16_cifar100/vgg16_cifar100_bp_tard_e100_20260517_092657_13469059,789,0.1
0.1,0.1,0.6255000000000001,0.0,0.29640151515151514,,bp_tard,composite_twoaxis_ixy_hybrid_taylor,results/learning_rules/vgg16_cifar100/vgg16_cifar100_bp_tard_e100_20260517_092657_13469059,789,0.3
0.0118,0.0118,0.7137,0.0,0.4817708333333333,,bp_tard,composite_twoaxis_ixy_hybrid_taylor,results/learning_rules/vgg16_cifar100/vgg16_cifar100_bp_tard_e100_20260517_092657_13469059,789,0.5
0.01,0.01,0.7155,0.0,0.678030303030303,,bp_tard,composite_twoaxis_ixy_hybrid_taylor,results/learning_rules/vgg16_cifar100/vgg16_cifar100_bp_tard_e100_20260517_092657_13469059,789,0.7
0.01,0.01,0.7155,0.0,0.7760416666666666,,bp_tard,composite_twoaxis_ixy_hybrid_taylor,results/learning_rules/vgg16_cifar100/vgg16_cifar100_bp_tard_e100_20260517_092657_13469059,789,0.8
0.01,0.01,0.7155,0.0,0.8752367424242424,,bp_tard,composite_twoaxis_ixy_hybrid_taylor,results/learning_rules/vgg16_cifar100/vgg16_cifar100_bp_tard_e100_20260517_092657_13469059,789,0.9
