run_dir,layer_name,n_channels,n_patches,cos_mean,cos_std,abs_cos_mean,cos_p25,cos_p50,cos_p75,sigma_norm_mean,g_t_norm_mean
results/learning_rules/resnet18_cifar100/lr_resnet18_cifar100_bp_baseline_20260513_195455_12797069,conv1,64,131072,0.15268978476524353,0.7438763976097107,0.696240246295929,-0.6807124614715576,0.4180154800415039,0.8512901067733765,0.4484007954597473,0.20964589715003967
results/learning_rules/resnet18_cifar100/lr_resnet18_cifar100_bp_baseline_20260513_195455_12797069,layer1.0.conv1,64,131072,-0.020533520728349686,0.20101231336593628,0.17054565250873566,-0.17245298624038696,0.01639733836054802,0.15411582589149475,0.0508422814309597,0.03988869488239288
results/learning_rules/resnet18_cifar100/lr_resnet18_cifar100_bp_baseline_20260513_195455_12797069,layer1.0.conv2,64,131072,0.039272189140319824,0.1151154637336731,0.09710133075714111,-0.054809071123600006,0.04301074892282486,0.10336704552173615,0.03242894262075424,0.028449127450585365
results/learning_rules/resnet18_cifar100/lr_resnet18_cifar100_bp_baseline_20260513_195455_12797069,layer1.1.conv1,64,131072,0.0373423770070076,0.12906688451766968,0.11169043928384781,-0.05719315633177757,0.048040058463811874,0.11500763148069382,0.07640829682350159,0.046015795320272446
results/learning_rules/resnet18_cifar100/lr_resnet18_cifar100_bp_baseline_20260513_195455_12797069,layer1.1.conv2,64,131072,0.01079900749027729,0.13657668232917786,0.1142168715596199,-0.0816587582230568,0.0025645813439041376,0.13295218348503113,0.006446917075663805,0.012045224197208881
results/learning_rules/resnet18_cifar100/lr_resnet18_cifar100_bp_baseline_20260513_195455_12797069,layer2.0.conv1,128,131072,0.01938890479505062,0.11874176561832428,0.09897934645414352,-0.07240132987499237,0.003060623537749052,0.110757976770401,0.0829973816871643,0.04635033756494522
results/learning_rules/resnet18_cifar100/lr_resnet18_cifar100_bp_baseline_20260513_195455_12797069,layer2.0.conv2,128,131072,0.024086931720376015,0.12916260957717896,0.10937610268592834,-0.08102580904960632,0.029216861352324486,0.12262196093797684,0.03363850712776184,0.035143837332725525
results/learning_rules/resnet18_cifar100/lr_resnet18_cifar100_bp_baseline_20260513_195455_12797069,layer2.0.downsample.0,128,131072,-0.01055473554879427,0.12994825839996338,0.103812076151371,-0.09626191854476929,-0.014377256855368614,0.08438920974731445,0.011275826022028923,0.01602998934686184
results/learning_rules/resnet18_cifar100/lr_resnet18_cifar100_bp_baseline_20260513_195455_12797069,layer2.1.conv1,128,131072,0.05363553762435913,0.10596023499965668,0.09627655148506165,-0.020297938957810402,0.054971396923065186,0.12307576835155487,0.07921396195888519,0.07111398130655289
results/learning_rules/resnet18_cifar100/lr_resnet18_cifar100_bp_baseline_20260513_195455_12797069,layer2.1.conv2,128,131072,0.019721291959285736,0.08736071735620499,0.07225073873996735,-0.04108862578868866,0.024182692170143127,0.08280668407678604,0.008043505251407623,0.017259258776903152
results/learning_rules/resnet18_cifar100/lr_resnet18_cifar100_bp_baseline_20260513_195455_12797069,layer3.0.conv1,256,131072,-0.051427729427814484,0.10400644689798355,0.09139595925807953,-0.12225833535194397,-0.04979117214679718,0.020786484703421593,0.10745099931955338,0.07313977181911469
results/learning_rules/resnet18_cifar100/lr_resnet18_cifar100_bp_baseline_20260513_195455_12797069,layer3.0.conv2,256,131072,-0.019765209406614304,0.06699477881193161,0.05599197745323181,-0.0656726062297821,-0.01886267215013504,0.0217023566365242,0.03819797560572624,0.06002597138285637
results/learning_rules/resnet18_cifar100/lr_resnet18_cifar100_bp_baseline_20260513_195455_12797069,layer3.0.downsample.0,256,131072,-0.029671112075448036,0.12570220232009888,0.1047256737947464,-0.1099681705236435,-0.034477006644010544,0.06312599033117294,0.014393108896911144,0.02634417451918125
results/learning_rules/resnet18_cifar100/lr_resnet18_cifar100_bp_baseline_20260513_195455_12797069,layer3.1.conv1,256,131072,-0.0010162335820496082,0.06191381812095642,0.04972948879003525,-0.0437580831348896,-0.0039650918915867805,0.041206877678632736,0.06801369786262512,0.1225496232509613
results/learning_rules/resnet18_cifar100/lr_resnet18_cifar100_bp_baseline_20260513_195455_12797069,layer3.1.conv2,256,131072,-0.03637528419494629,0.05419151857495308,0.05184977129101753,-0.07439839094877243,-0.034038230776786804,-0.0022880728356540203,0.00476788030937314,0.028663117438554764
results/learning_rules/resnet18_cifar100/lr_resnet18_cifar100_bp_baseline_20260513_195455_12797069,layer4.0.conv1,512,32768,-0.011521167121827602,0.06681974977254868,0.05381949245929718,-0.05550074577331543,-0.01040315255522728,0.03403785824775696,0.06281255185604095,0.1256265491247177
results/learning_rules/resnet18_cifar100/lr_resnet18_cifar100_bp_baseline_20260513_195455_12797069,layer4.0.conv2,512,32768,-0.034703876823186874,0.06792992353439331,0.06348706036806107,-0.08456308394670486,-0.04060816019773483,0.012617313303053379,0.010999970138072968,0.08251897245645523
results/learning_rules/resnet18_cifar100/lr_resnet18_cifar100_bp_baseline_20260513_195455_12797069,layer4.0.downsample.0,512,32768,-0.003628185950219631,0.07549658417701721,0.06093475967645645,-0.05896467715501785,-0.002127215266227722,0.04659276828169823,0.010611222125589848,0.04630300775170326
results/learning_rules/resnet18_cifar100/lr_resnet18_cifar100_bp_baseline_20260513_195455_12797069,layer4.1.conv1,512,32768,-0.1370392143726349,0.04851886257529259,0.1372252255678177,-0.16613389551639557,-0.1358504593372345,-0.10620062053203583,0.026948072016239166,0.14187760651111603
results/learning_rules/resnet18_cifar100/lr_resnet18_cifar100_bp_baseline_20260513_195455_12797069,layer4.1.conv2,512,32768,0.025942401960492134,0.05966576933860779,0.053314026445150375,-0.016361169517040253,0.028437415137887,0.06754154711961746,0.0020999375265091658,0.08769538253545761
results/learning_rules/resnet18_cifar100/lr_resnet18_cifar100_bp_baseline_20260513_203933_12797070,conv1,64,131072,0.07457725703716278,0.4553608298301697,0.41309502720832825,-0.3779362738132477,0.10762424767017365,0.47457975149154663,0.48701241612434387,0.09106945991516113
results/learning_rules/resnet18_cifar100/lr_resnet18_cifar100_bp_baseline_20260513_203933_12797070,layer1.0.conv1,64,131072,0.017124241217970848,0.2644505500793457,0.21643349528312683,-0.17247283458709717,0.05458896979689598,0.21282601356506348,0.05361136794090271,0.05624036118388176
results/learning_rules/resnet18_cifar100/lr_resnet18_cifar100_bp_baseline_20260513_203933_12797070,layer1.0.conv2,64,131072,0.04031837731599808,0.09775561094284058,0.07995100319385529,-0.024675367400050163,0.03495471179485321,0.0994509756565094,0.03678688779473305,0.038064826279878616
results/learning_rules/resnet18_cifar100/lr_resnet18_cifar100_bp_baseline_20260513_203933_12797070,layer1.1.conv1,64,131072,0.013528060168027878,0.07390476763248444,0.056828178465366364,-0.027101783081889153,0.014564757235348225,0.059915363788604736,0.07210594415664673,0.0500313974916935
results/learning_rules/resnet18_cifar100/lr_resnet18_cifar100_bp_baseline_20260513_203933_12797070,layer1.1.conv2,64,131072,-0.022150686010718346,0.08892994374036789,0.07673141360282898,-0.08038245886564255,-0.03296918421983719,0.05201934278011322,0.0054693082347512245,0.008838698267936707
results/learning_rules/resnet18_cifar100/lr_resnet18_cifar100_bp_baseline_20260513_203933_12797070,layer2.0.conv1,128,131072,-0.03707941621541977,0.09058333933353424,0.0787249356508255,-0.10242313146591187,-0.03963074833154678,0.02091924287378788,0.09275221824645996,0.05057073384523392
results/learning_rules/resnet18_cifar100/lr_resnet18_cifar100_bp_baseline_20260513_203933_12797070,layer2.0.conv2,128,131072,-0.00501171313226223,0.15175603330135345,0.12517303228378296,-0.11722584068775177,0.016430482268333435,0.09708200395107269,0.033158548176288605,0.039947260171175
results/learning_rules/resnet18_cifar100/lr_resnet18_cifar100_bp_baseline_20260513_203933_12797070,layer2.0.downsample.0,128,131072,-0.019032299518585205,0.12361330538988113,0.10066168010234833,-0.0943329781293869,-0.02032940834760666,0.07292574644088745,0.01300118863582611,0.018312828615307808
results/learning_rules/resnet18_cifar100/lr_resnet18_cifar100_bp_baseline_20260513_203933_12797070,layer2.1.conv1,128,131072,0.005822199396789074,0.07707419246435165,0.058892808854579926,-0.03651612251996994,0.00625969935208559,0.05012381076812744,0.08302177488803864,0.08995021879673004
results/learning_rules/resnet18_cifar100/lr_resnet18_cifar100_bp_baseline_20260513_203933_12797070,layer2.1.conv2,128,131072,-0.027343789115548134,0.0764097347855568,0.06501436978578568,-0.08089099824428558,-0.026970457285642624,0.019867219030857086,0.008979815989732742,0.020022710785269737
results/learning_rules/resnet18_cifar100/lr_resnet18_cifar100_bp_baseline_20260513_203933_12797070,layer3.0.conv1,256,131072,-0.03508477285504341,0.10293438285589218,0.0815868079662323,-0.09450234472751617,-0.02525697834789753,0.032959744334220886,0.10629510879516602,0.08705861121416092
results/learning_rules/resnet18_cifar100/lr_resnet18_cifar100_bp_baseline_20260513_203933_12797070,layer3.0.conv2,256,131072,-0.013381500728428364,0.07928434014320374,0.06393969058990479,-0.0690435990691185,-0.013262458145618439,0.03845353424549103,0.037964869290590286,0.07214422523975372
results/learning_rules/resnet18_cifar100/lr_resnet18_cifar100_bp_baseline_20260513_203933_12797070,layer3.0.downsample.0,256,131072,-0.013092613779008389,0.11175520718097687,0.09095945954322815,-0.08990561217069626,-0.0205991193652153,0.06544942408800125,0.014070452190935612,0.031625572592020035
results/learning_rules/resnet18_cifar100/lr_resnet18_cifar100_bp_baseline_20260513_203933_12797070,layer3.1.conv1,256,131072,0.0076758782379329205,0.07361292093992233,0.05942190811038017,-0.04665181040763855,0.006224425043910742,0.05430574715137482,0.07119385153055191,0.1372915804386139
results/learning_rules/resnet18_cifar100/lr_resnet18_cifar100_bp_baseline_20260513_203933_12797070,layer3.1.conv2,256,131072,0.0034921113401651382,0.05792076885700226,0.046333178877830505,-0.03953217342495918,0.002666827756911516,0.042157240211963654,0.004874115809798241,0.03252645209431648
results/learning_rules/resnet18_cifar100/lr_resnet18_cifar100_bp_baseline_20260513_203933_12797070,layer4.0.conv1,512,32768,0.004554731771349907,0.07087849080562592,0.05699218437075615,-0.04344628006219864,0.0053906748071312904,0.05140523612499237,0.06568540632724762,0.1400366574525833
results/learning_rules/resnet18_cifar100/lr_resnet18_cifar100_bp_baseline_20260513_203933_12797070,layer4.0.conv2,512,32768,-0.03342137485742569,0.07201479375362396,0.06604558229446411,-0.08957292884588242,-0.042801134288311005,0.014414234086871147,0.01139612402766943,0.08455582708120346
results/learning_rules/resnet18_cifar100/lr_resnet18_cifar100_bp_baseline_20260513_203933_12797070,layer4.0.downsample.0,512,32768,-8.654448902234435e-05,0.07562664896249771,0.06145678833127022,-0.05502317100763321,-0.004228062927722931,0.0525759793817997,0.010827510617673397,0.0536985769867897
results/learning_rules/resnet18_cifar100/lr_resnet18_cifar100_bp_baseline_20260513_203933_12797070,layer4.1.conv1,512,32768,-0.1277986764907837,0.04860170930624008,0.1279299557209015,-0.15969312191009521,-0.13013194501399994,-0.0980687290430069,0.028841326013207436,0.15336185693740845
results/learning_rules/resnet18_cifar100/lr_resnet18_cifar100_bp_baseline_20260513_203933_12797070,layer4.1.conv2,512,32768,0.020318588241934776,0.0516558513045311,0.04555999115109444,-0.015918144956231117,0.020867623388767242,0.05728461593389511,0.002036404563114047,0.0825275406241417
results/learning_rules/resnet18_cifar100/lr_resnet18_cifar100_bp_baseline_20260513_212353_12797071,conv1,64,131072,0.036269381642341614,0.49097806215286255,0.44509321451187134,-0.413510799407959,0.10519503057003021,0.5398664474487305,0.4930647313594818,0.07530505955219269
results/learning_rules/resnet18_cifar100/lr_resnet18_cifar100_bp_baseline_20260513_212353_12797071,layer1.0.conv1,64,131072,-0.02386358007788658,0.1930277794599533,0.1475207656621933,-0.18754880130290985,0.001507379813119769,0.08274264633655548,0.05142425000667572,0.052616316825151443
results/learning_rules/resnet18_cifar100/lr_resnet18_cifar100_bp_baseline_20260513_212353_12797071,layer1.0.conv2,64,131072,-0.00023936256184242666,0.07891593128442764,0.05514371767640114,-0.036207906901836395,0.009184684604406357,0.03351873531937599,0.03258835896849632,0.03039676696062088
results/learning_rules/resnet18_cifar100/lr_resnet18_cifar100_bp_baseline_20260513_212353_12797071,layer1.1.conv1,64,131072,-0.02479112148284912,0.08675196766853333,0.07051645219326019,-0.09020768851041794,-0.011826502159237862,0.027930665761232376,0.07435362040996552,0.03406253084540367
results/learning_rules/resnet18_cifar100/lr_resnet18_cifar100_bp_baseline_20260513_212353_12797071,layer1.1.conv2,64,131072,-0.007507311645895243,0.09875873476266861,0.0804792046546936,-0.08377400785684586,-0.004068930633366108,0.06699815392494202,0.004182757344096899,0.008974323980510235
results/learning_rules/resnet18_cifar100/lr_resnet18_cifar100_bp_baseline_20260513_212353_12797071,layer2.0.conv1,128,131072,-0.0482734739780426,0.10090940445661545,0.08588771522045135,-0.09876348078250885,-0.04734152555465698,0.008650669828057289,0.0798109695315361,0.045991335064172745
results/learning_rules/resnet18_cifar100/lr_resnet18_cifar100_bp_baseline_20260513_212353_12797071,layer2.0.conv2,128,131072,-0.01286862138658762,0.13077861070632935,0.10611426085233688,-0.09860722720623016,-0.02116928994655609,0.0825207531452179,0.03620465472340584,0.03714854270219803
results/learning_rules/resnet18_cifar100/lr_resnet18_cifar100_bp_baseline_20260513_212353_12797071,layer2.0.downsample.0,128,131072,-0.043832749128341675,0.13309180736541748,0.10848626494407654,-0.11922413110733032,-0.03853357583284378,0.03522307798266411,0.010084068402647972,0.01598004437983036
results/learning_rules/resnet18_cifar100/lr_resnet18_cifar100_bp_baseline_20260513_212353_12797071,layer2.1.conv1,128,131072,-0.027739249169826508,0.1274946630001068,0.10043921321630478,-0.09778231382369995,-0.02498721331357956,0.04152645543217659,0.0861181914806366,0.08352939039468765
results/learning_rules/resnet18_cifar100/lr_resnet18_cifar100_bp_baseline_20260513_212353_12797071,layer2.1.conv2,128,131072,0.051825594156980515,0.09231216460466385,0.0846620574593544,-0.01261874008923769,0.049460262060165405,0.1139238029718399,0.009363990277051926,0.0223833117634058
results/learning_rules/resnet18_cifar100/lr_resnet18_cifar100_bp_baseline_20260513_212353_12797071,layer3.0.conv1,256,131072,0.020205434411764145,0.13635361194610596,0.11259888112545013,-0.06484091281890869,0.01668383926153183,0.12554709613323212,0.1048474833369255,0.08217422664165497
results/learning_rules/resnet18_cifar100/lr_resnet18_cifar100_bp_baseline_20260513_212353_12797071,layer3.0.conv2,256,131072,-0.01303279772400856,0.1354549527168274,0.11146281659603119,-0.11212621629238129,-0.027148546651005745,0.08363015949726105,0.03635953366756439,0.06541848182678223
results/learning_rules/resnet18_cifar100/lr_resnet18_cifar100_bp_baseline_20260513_212353_12797071,layer3.0.downsample.0,256,131072,-0.0038453638553619385,0.1669938564300537,0.13823527097702026,-0.14211173355579376,-0.0023719663731753826,0.12115014344453812,0.014526888728141785,0.030281106010079384
results/learning_rules/resnet18_cifar100/lr_resnet18_cifar100_bp_baseline_20260513_212353_12797071,layer3.1.conv1,256,131072,-0.03511055186390877,0.08320119231939316,0.07240206003189087,-0.08925900608301163,-0.04522700607776642,0.01715656742453575,0.06987589597702026,0.12056130915880203
results/learning_rules/resnet18_cifar100/lr_resnet18_cifar100_bp_baseline_20260513_212353_12797071,layer3.1.conv2,256,131072,0.00042126496555283666,0.06045150384306908,0.04766038805246353,-0.041549935936927795,0.0021710433065891266,0.03364473208785057,0.004973276052623987,0.02784247137606144
results/learning_rules/resnet18_cifar100/lr_resnet18_cifar100_bp_baseline_20260513_212353_12797071,layer4.0.conv1,512,32768,0.014670389704406261,0.07507224380970001,0.06152615696191788,-0.034769974648952484,0.018279343843460083,0.06833228468894958,0.062352024018764496,0.125270277261734
results/learning_rules/resnet18_cifar100/lr_resnet18_cifar100_bp_baseline_20260513_212353_12797071,layer4.0.conv2,512,32768,-0.05013139918446541,0.08532486855983734,0.08366739004850388,-0.1152603030204773,-0.06173136830329895,0.011674441397190094,0.011483765207231045,0.0799872875213623
results/learning_rules/resnet18_cifar100/lr_resnet18_cifar100_bp_baseline_20260513_212353_12797071,layer4.0.downsample.0,512,32768,0.014893991872668266,0.09103839844465256,0.07606887817382812,-0.05587863549590111,0.01788267493247986,0.08136706799268723,0.010541236959397793,0.04702441766858101
results/learning_rules/resnet18_cifar100/lr_resnet18_cifar100_bp_baseline_20260513_212353_12797071,layer4.1.conv1,512,32768,-0.15619590878486633,0.053257908672094345,0.1564391553401947,-0.19061824679374695,-0.15648490190505981,-0.12095925211906433,0.028796793892979622,0.14266431331634521
results/learning_rules/resnet18_cifar100/lr_resnet18_cifar100_bp_baseline_20260513_212353_12797071,layer4.1.conv2,512,32768,0.036814022809267044,0.06070698797702789,0.058908917009830475,-0.008922334760427475,0.0385904423892498,0.08519431948661804,0.0020314317662268877,0.08770167827606201
results/learning_rules/resnet18_cifar100/lr_resnet18_cifar100_bp_baseline_20260513_214528_12797072,conv1,64,131072,0.08081706613302231,0.6467459797859192,0.5921338796615601,-0.644707977771759,0.12626683712005615,0.690967321395874,0.4866873621940613,0.10986557602882385
results/learning_rules/resnet18_cifar100/lr_resnet18_cifar100_bp_baseline_20260513_214528_12797072,layer1.0.conv1,64,131072,0.0024214903824031353,0.2843785881996155,0.23465092480182648,-0.17616523802280426,0.012569054029881954,0.21386957168579102,0.050691962242126465,0.03976879641413689
results/learning_rules/resnet18_cifar100/lr_resnet18_cifar100_bp_baseline_20260513_214528_12797072,layer1.0.conv2,64,131072,-0.0012279241345822811,0.0963386595249176,0.07268862426280975,-0.052859142422676086,-0.005271959118545055,0.06593310832977295,0.028271259739995003,0.021133815869688988
results/learning_rules/resnet18_cifar100/lr_resnet18_cifar100_bp_baseline_20260513_214528_12797072,layer1.1.conv1,64,131072,0.0014441837556660175,0.13319213688373566,0.10905592888593674,-0.09069567173719406,0.005989255383610725,0.09311851859092712,0.080687016248703,0.034382227808237076
results/learning_rules/resnet18_cifar100/lr_resnet18_cifar100_bp_baseline_20260513_214528_12797072,layer1.1.conv2,64,131072,-0.014477417804300785,0.09915216267108917,0.08284962922334671,-0.09242334216833115,-0.00831014383584261,0.05274292081594467,0.005276750773191452,0.008282504044473171
results/learning_rules/resnet18_cifar100/lr_resnet18_cifar100_bp_baseline_20260513_214528_12797072,layer2.0.conv1,128,131072,0.0009292829781770706,0.1189935952425003,0.09812688827514648,-0.10054878890514374,-0.0032581775449216366,0.08656495809555054,0.08326132595539093,0.03382546827197075
results/learning_rules/resnet18_cifar100/lr_resnet18_cifar100_bp_baseline_20260513_214528_12797072,layer2.0.conv2,128,131072,0.011743711307644844,0.10460858047008514,0.08150390535593033,-0.04815398156642914,0.013796675018966198,0.07510779798030853,0.034810859709978104,0.027972042560577393
results/learning_rules/resnet18_cifar100/lr_resnet18_cifar100_bp_baseline_20260513_214528_12797072,layer2.0.downsample.0,128,131072,-0.026980090886354446,0.11504978686571121,0.09599746018648148,-0.11373627930879593,-0.021972570568323135,0.05060921609401703,0.010746823623776436,0.011860399506986141
results/learning_rules/resnet18_cifar100/lr_resnet18_cifar100_bp_baseline_20260513_214528_12797072,layer2.1.conv1,128,131072,0.03051709197461605,0.10383126139640808,0.08709841966629028,-0.0369148813188076,0.028065532445907593,0.0960313081741333,0.08635914325714111,0.06354217231273651
results/learning_rules/resnet18_cifar100/lr_resnet18_cifar100_bp_baseline_20260513_214528_12797072,layer2.1.conv2,128,131072,-0.05735102295875549,0.09117314219474792,0.08836930245161057,-0.12584622204303741,-0.06472772359848022,0.008474050089716911,0.008810246363282204,0.016331005841493607
results/learning_rules/resnet18_cifar100/lr_resnet18_cifar100_bp_baseline_20260513_214528_12797072,layer3.0.conv1,256,131072,-0.056086454540491104,0.1151999905705452,0.10074406117200851,-0.12402825057506561,-0.0533277690410614,0.017330676317214966,0.10451319813728333,0.06386049091815948
results/learning_rules/resnet18_cifar100/lr_resnet18_cifar100_bp_baseline_20260513_214528_12797072,layer3.0.conv2,256,131072,-0.01064091082662344,0.07217537611722946,0.05756134167313576,-0.05806334689259529,-0.007641536649316549,0.03931364044547081,0.03683753311634064,0.05333889275789261
results/learning_rules/resnet18_cifar100/lr_resnet18_cifar100_bp_baseline_20260513_214528_12797072,layer3.0.downsample.0,256,131072,-0.02091481164097786,0.12474246323108673,0.10431519150733948,-0.117123544216156,-0.029180550947785378,0.06692307442426682,0.014508925378322601,0.021678654477000237
results/learning_rules/resnet18_cifar100/lr_resnet18_cifar100_bp_baseline_20260513_214528_12797072,layer3.1.conv1,256,131072,-0.017934251576662064,0.07498198747634888,0.06303729861974716,-0.0697646513581276,-0.020789720118045807,0.03350178524851799,0.06942608952522278,0.11447781324386597
results/learning_rules/resnet18_cifar100/lr_resnet18_cifar100_bp_baseline_20260513_214528_12797072,layer3.1.conv2,256,131072,-0.018589191138744354,0.05774069204926491,0.049379147589206696,-0.059034980833530426,-0.020683400332927704,0.020959703251719475,0.004776082932949066,0.02784164622426033
results/learning_rules/resnet18_cifar100/lr_resnet18_cifar100_bp_baseline_20260513_214528_12797072,layer4.0.conv1,512,32768,-0.0010615845676511526,0.06264796108007431,0.048645276576280594,-0.040895551443099976,-0.0008068119641393423,0.035826899111270905,0.06282469630241394,0.11616381257772446
results/learning_rules/resnet18_cifar100/lr_resnet18_cifar100_bp_baseline_20260513_214528_12797072,layer4.0.conv2,512,32768,-0.046195536851882935,0.0809478685259819,0.07708631455898285,-0.10640992224216461,-0.05106596648693085,0.00847153551876545,0.011624690145254135,0.08116144686937332
results/learning_rules/resnet18_cifar100/lr_resnet18_cifar100_bp_baseline_20260513_214528_12797072,layer4.0.downsample.0,512,32768,0.011068630032241344,0.07404496520757675,0.06030969321727753,-0.03822036460042,0.012647871859371662,0.06538943201303482,0.010580684058368206,0.042137786746025085
results/learning_rules/resnet18_cifar100/lr_resnet18_cifar100_bp_baseline_20260513_214528_12797072,layer4.1.conv1,512,32768,-0.15860103070735931,0.04784907400608063,0.15866602957248688,-0.18683961033821106,-0.1560339480638504,-0.13115839660167694,0.029612034559249878,0.1444666087627411
results/learning_rules/resnet18_cifar100/lr_resnet18_cifar100_bp_baseline_20260513_214528_12797072,layer4.1.conv2,512,32768,0.032875724136829376,0.06564553827047348,0.0595826730132103,-0.004781064577400684,0.03521406278014183,0.07796959578990936,0.0020483764819800854,0.08020775020122528
results/learning_rules/resnet18_cifar100/lr_resnet18_cifar100_bp_baseline_20260513_215107_12797073,conv1,64,131072,0.12652964890003204,0.7079474329948425,0.655456006526947,-0.6351356506347656,0.2563630938529968,0.7970810532569885,0.513861358165741,0.3436301648616791
results/learning_rules/resnet18_cifar100/lr_resnet18_cifar100_bp_baseline_20260513_215107_12797073,layer1.0.conv1,64,131072,0.016127752140164375,0.16808190941810608,0.14126062393188477,-0.12603797018527985,0.027157671749591827,0.181174173951149,0.049026623368263245,0.061754010617733
results/learning_rules/resnet18_cifar100/lr_resnet18_cifar100_bp_baseline_20260513_215107_12797073,layer1.0.conv2,64,131072,0.010835127905011177,0.09690728038549423,0.07129602134227753,-0.05073151737451553,-0.0013492342550307512,0.05324653536081314,0.031121449545025826,0.032846540212631226
results/learning_rules/resnet18_cifar100/lr_resnet18_cifar100_bp_baseline_20260513_215107_12797073,layer1.1.conv1,64,131072,0.027621570974588394,0.13701996207237244,0.11927890032529831,-0.07817148417234421,0.029950153082609177,0.1407937854528427,0.07702302187681198,0.04802604392170906
results/learning_rules/resnet18_cifar100/lr_resnet18_cifar100_bp_baseline_20260513_215107_12797073,layer1.1.conv2,64,131072,0.020869215950369835,0.12750160694122314,0.10464011132717133,-0.07908947020769119,0.02828645519912243,0.10753660649061203,0.00631048996001482,0.013155287131667137
results/learning_rules/resnet18_cifar100/lr_resnet18_cifar100_bp_baseline_20260513_215107_12797073,layer2.0.conv1,128,131072,-0.01902817189693451,0.10020927339792252,0.08579219877719879,-0.09208497405052185,-0.030800895765423775,0.06561720371246338,0.09300315380096436,0.04995088279247284
results/learning_rules/resnet18_cifar100/lr_resnet18_cifar100_bp_baseline_20260513_215107_12797073,layer2.0.conv2,128,131072,-0.010824227705597878,0.1222669705748558,0.1005215123295784,-0.09718824177980423,-0.019312605261802673,0.07123347371816635,0.033845581114292145,0.036289867013692856
results/learning_rules/resnet18_cifar100/lr_resnet18_cifar100_bp_baseline_20260513_215107_12797073,layer2.0.downsample.0,128,131072,-0.011775428429245949,0.12922349572181702,0.10189013928174973,-0.08978691697120667,-0.006772656459361315,0.0635913535952568,0.01265072263777256,0.018719099462032318
results/learning_rules/resnet18_cifar100/lr_resnet18_cifar100_bp_baseline_20260513_215107_12797073,layer2.1.conv1,128,131072,0.007606083527207375,0.08853849023580551,0.07082748413085938,-0.0411316342651844,0.0030184818897396326,0.06599409878253937,0.0819089338183403,0.07064487040042877
results/learning_rules/resnet18_cifar100/lr_resnet18_cifar100_bp_baseline_20260513_215107_12797073,layer2.1.conv2,128,131072,0.01476211380213499,0.084654301404953,0.07079807668924332,-0.045896027237176895,0.015951847657561302,0.06903928518295288,0.007945743389427662,0.017799178138375282
results/learning_rules/resnet18_cifar100/lr_resnet18_cifar100_bp_baseline_20260513_215107_12797073,layer3.0.conv1,256,131072,0.0001510462025180459,0.09167589992284775,0.07320523262023926,-0.0555834099650383,-0.007369779981672764,0.06816980242729187,0.10709473490715027,0.0678725466132164
results/learning_rules/resnet18_cifar100/lr_resnet18_cifar100_bp_baseline_20260513_215107_12797073,layer3.0.conv2,256,131072,-0.009034458547830582,0.06982915848493576,0.054608725011348724,-0.05234887823462486,-0.006508363876491785,0.03308074548840523,0.03918776288628578,0.055126212537288666
results/learning_rules/resnet18_cifar100/lr_resnet18_cifar100_bp_baseline_20260513_215107_12797073,layer3.0.downsample.0,256,131072,0.00535209197551012,0.09014147520065308,0.07421329617500305,-0.06101153790950775,0.0032228988129645586,0.07261033356189728,0.014123723842203617,0.024263551458716393
results/learning_rules/resnet18_cifar100/lr_resnet18_cifar100_bp_baseline_20260513_215107_12797073,layer3.1.conv1,256,131072,0.01977490819990635,0.06374607980251312,0.0522615984082222,-0.022373951971530914,0.01476132683455944,0.06317730247974396,0.06780892610549927,0.10557376593351364
results/learning_rules/resnet18_cifar100/lr_resnet18_cifar100_bp_baseline_20260513_215107_12797073,layer3.1.conv2,256,131072,-0.01268710196018219,0.05253470689058304,0.042129211127758026,-0.04601212218403816,-0.013220217078924179,0.014746428467333317,0.004693977069109678,0.024555746465921402
results/learning_rules/resnet18_cifar100/lr_resnet18_cifar100_bp_baseline_20260513_215107_12797073,layer4.0.conv1,512,32768,-0.00329227396287024,0.06748536974191666,0.05355387553572655,-0.04657263308763504,-0.0037975788582116365,0.04068809747695923,0.06189385801553726,0.11122877150774002
results/learning_rules/resnet18_cifar100/lr_resnet18_cifar100_bp_baseline_20260513_215107_12797073,layer4.0.conv2,512,32768,-0.045176006853580475,0.07961858808994293,0.07643365859985352,-0.10167164355516434,-0.05110436677932739,0.00919430237263441,0.01130403857678175,0.07606673240661621
results/learning_rules/resnet18_cifar100/lr_resnet18_cifar100_bp_baseline_20260513_215107_12797073,layer4.0.downsample.0,512,32768,0.0020038653165102005,0.06992705911397934,0.05651257187128067,-0.04745470732450485,-0.002632961142808199,0.05196990445256233,0.010432550683617592,0.04120669886469841
results/learning_rules/resnet18_cifar100/lr_resnet18_cifar100_bp_baseline_20260513_215107_12797073,layer4.1.conv1,512,32768,-0.13487078249454498,0.05128239095211029,0.1350812315940857,-0.1703626811504364,-0.1342974603176117,-0.10124602168798447,0.02777482382953167,0.14216800034046173
results/learning_rules/resnet18_cifar100/lr_resnet18_cifar100_bp_baseline_20260513_215107_12797073,layer4.1.conv2,512,32768,0.02744733914732933,0.061825551092624664,0.05543363839387894,-0.01684587448835373,0.03159815073013306,0.0713210478425026,0.0021743483375757933,0.08735895901918411
results/learning_rules/resnet18_cifar100/lr_resnet18_cifar100_bp_decov_20260513_220758_12797074,conv1,64,131072,0.06223364919424057,0.34394532442092896,0.29646584391593933,-0.19466592371463776,0.12058572471141815,0.2958739399909973,0.45569995045661926,0.04362311214208603
results/learning_rules/resnet18_cifar100/lr_resnet18_cifar100_bp_decov_20260513_220758_12797074,layer1.0.conv1,64,131072,-0.022012263536453247,0.23014704883098602,0.1793743371963501,-0.1822885125875473,-0.003780303057283163,0.10711123049259186,0.05248180776834488,0.02850165404379368
results/learning_rules/resnet18_cifar100/lr_resnet18_cifar100_bp_decov_20260513_220758_12797074,layer1.0.conv2,64,131072,-0.009274664334952831,0.10274691134691238,0.06820090860128403,-0.03212147206068039,0.009931234642863274,0.03703220561146736,0.03360768035054207,0.022677186876535416
results/learning_rules/resnet18_cifar100/lr_resnet18_cifar100_bp_decov_20260513_220758_12797074,layer1.1.conv1,64,131072,-0.016036532819271088,0.10909239947795868,0.09006309509277344,-0.08946788311004639,-0.01109239086508751,0.060710009187459946,0.07809439301490784,0.03430183231830597
results/learning_rules/resnet18_cifar100/lr_resnet18_cifar100_bp_decov_20260513_220758_12797074,layer1.1.conv2,64,131072,-0.014324513264000416,0.08185608685016632,0.06916899234056473,-0.07190637290477753,-0.016218993812799454,0.050546444952487946,0.006177928298711777,0.011962370947003365
results/learning_rules/resnet18_cifar100/lr_resnet18_cifar100_bp_decov_20260513_220758_12797074,layer2.0.conv1,128,131072,-0.03144793212413788,0.11935582756996155,0.09578250348567963,-0.1032334715127945,-0.02118110843002796,0.05730632320046425,0.08162704110145569,0.0479673370718956
results/learning_rules/resnet18_cifar100/lr_resnet18_cifar100_bp_decov_20260513_220758_12797074,layer2.0.conv2,128,131072,-0.023600149899721146,0.1861884593963623,0.15498407185077667,-0.15022043883800507,-0.044906988739967346,0.10734839737415314,0.03286239504814148,0.04893805831670761
results/learning_rules/resnet18_cifar100/lr_resnet18_cifar100_bp_decov_20260513_220758_12797074,layer2.0.downsample.0,128,131072,0.004062173888087273,0.10780278593301773,0.08777673542499542,-0.05909297615289688,0.00012560898903757334,0.07310174405574799,0.011096231639385223,0.016291920095682144
results/learning_rules/resnet18_cifar100/lr_resnet18_cifar100_bp_decov_20260513_220758_12797074,layer2.1.conv1,128,131072,-0.008343720808625221,0.10728670656681061,0.08207303285598755,-0.07112665474414825,-0.006831007078289986,0.06305691599845886,0.08249691128730774,0.08883745968341827
results/learning_rules/resnet18_cifar100/lr_resnet18_cifar100_bp_decov_20260513_220758_12797074,layer2.1.conv2,128,131072,-0.01658746600151062,0.08332131803035736,0.07050986588001251,-0.07604579627513885,-0.02175208181142807,0.046509355306625366,0.008264581672847271,0.020642785355448723
results/learning_rules/resnet18_cifar100/lr_resnet18_cifar100_bp_decov_20260513_220758_12797074,layer3.0.conv1,256,131072,-0.01202569343149662,0.13317908346652985,0.10295657068490982,-0.09869970381259918,-0.007422693073749542,0.06706787645816803,0.11101468652486801,0.09014224261045456
results/learning_rules/resnet18_cifar100/lr_resnet18_cifar100_bp_decov_20260513_220758_12797074,layer3.0.conv2,256,131072,-0.0073050945065915585,0.11100540310144424,0.08875691890716553,-0.08316133916378021,-0.005657840520143509,0.0686836689710617,0.03837651386857033,0.06761940568685532
results/learning_rules/resnet18_cifar100/lr_resnet18_cifar100_bp_decov_20260513_220758_12797074,layer3.0.downsample.0,256,131072,-0.006895862054079771,0.1248103454709053,0.0971953496336937,-0.0844951719045639,-0.009887988679111004,0.07775159180164337,0.01474432647228241,0.03144143521785736
results/learning_rules/resnet18_cifar100/lr_resnet18_cifar100_bp_decov_20260513_220758_12797074,layer3.1.conv1,256,131072,-0.04516707360744476,0.10229874402284622,0.09066097438335419,-0.12203377485275269,-0.05069579929113388,0.022654114291071892,0.06991985440254211,0.13275893032550812
results/learning_rules/resnet18_cifar100/lr_resnet18_cifar100_bp_decov_20260513_220758_12797074,layer3.1.conv2,256,131072,-0.05566011369228363,0.0641913041472435,0.07124896347522736,-0.09902562201023102,-0.058364033699035645,-0.014382373541593552,0.004795772489160299,0.030128708109259605
results/learning_rules/resnet18_cifar100/lr_resnet18_cifar100_bp_decov_20260513_220758_12797074,layer4.0.conv1,512,32768,-0.010639864951372147,0.07515298575162888,0.06196621060371399,-0.06548429280519485,-0.013900313526391983,0.04427676647901535,0.06464891880750656,0.1287752091884613
results/learning_rules/resnet18_cifar100/lr_resnet18_cifar100_bp_decov_20260513_220758_12797074,layer4.0.conv2,512,32768,-0.0337635800242424,0.07745471596717834,0.07103241980075836,-0.08965706080198288,-0.044763896614313126,0.014744915068149567,0.011400509625673294,0.07875590771436691
results/learning_rules/resnet18_cifar100/lr_resnet18_cifar100_bp_decov_20260513_220758_12797074,layer4.0.downsample.0,512,32768,0.008233573287725449,0.07637544721364975,0.06224198639392853,-0.04989113658666611,0.010153373703360558,0.06291672587394714,0.010934428311884403,0.049556177109479904
results/learning_rules/resnet18_cifar100/lr_resnet18_cifar100_bp_decov_20260513_220758_12797074,layer4.1.conv1,512,32768,-0.12612773478031158,0.051639456301927567,0.12651120126247406,-0.1591864824295044,-0.12794387340545654,-0.09143652766942978,0.029054837301373482,0.13601434230804443
results/learning_rules/resnet18_cifar100/lr_resnet18_cifar100_bp_decov_20260513_220758_12797074,layer4.1.conv2,512,32768,0.03771830350160599,0.06417257338762283,0.05864198878407478,-0.00455693481490016,0.0333951935172081,0.08135506510734558,0.002066554268822074,0.0833679810166359
results/learning_rules/resnet18_cifar100/lr_resnet18_cifar100_bp_decov_20260513_220825_12797075,conv1,64,131072,0.08830301463603973,0.4155776798725128,0.3725617527961731,-0.2543873190879822,0.10740332305431366,0.4525222182273865,0.5090380311012268,0.11691084504127502
results/learning_rules/resnet18_cifar100/lr_resnet18_cifar100_bp_decov_20260513_220825_12797075,layer1.0.conv1,64,131072,0.01674659550189972,0.1866135150194168,0.14667661488056183,-0.0861484557390213,0.03183431550860405,0.12250714749097824,0.05585484951734543,0.0474235936999321
results/learning_rules/resnet18_cifar100/lr_resnet18_cifar100_bp_decov_20260513_220825_12797075,layer1.0.conv2,64,131072,0.03623075783252716,0.10459809005260468,0.07955047488212585,-0.01704159379005432,0.020061014220118523,0.08254636079072952,0.03872726485133171,0.02895304001867771
results/learning_rules/resnet18_cifar100/lr_resnet18_cifar100_bp_decov_20260513_220825_12797075,layer1.1.conv1,64,131072,0.031145066022872925,0.07226359844207764,0.06633024662733078,-0.024130862206220627,0.04258892685174942,0.08321087807416916,0.06947692483663559,0.03332078829407692
results/learning_rules/resnet18_cifar100/lr_resnet18_cifar100_bp_decov_20260513_220825_12797075,layer1.1.conv2,64,131072,0.012179957702755928,0.09040140360593796,0.07626036554574966,-0.04370502009987831,0.03015345335006714,0.08062401413917542,0.005246305838227272,0.007656674366444349
results/learning_rules/resnet18_cifar100/lr_resnet18_cifar100_bp_decov_20260513_220825_12797075,layer2.0.conv1,128,131072,-0.037446968257427216,0.10640670359134674,0.08253800868988037,-0.08956876397132874,-0.03345625102519989,0.017978183925151825,0.09516289085149765,0.03601474314928055
results/learning_rules/resnet18_cifar100/lr_resnet18_cifar100_bp_decov_20260513_220825_12797075,layer2.0.conv2,128,131072,-0.002394705545157194,0.1421179622411728,0.11496879905462265,-0.09435281157493591,0.00204927334561944,0.09270396828651428,0.032265812158584595,0.03412852808833122
results/learning_rules/resnet18_cifar100/lr_resnet18_cifar100_bp_decov_20260513_220825_12797075,layer2.0.downsample.0,128,131072,-0.004266013391315937,0.1220816820859909,0.09858418256044388,-0.08972151577472687,-0.01114493329077959,0.0792919248342514,0.012935735285282135,0.01174744963645935
results/learning_rules/resnet18_cifar100/lr_resnet18_cifar100_bp_decov_20260513_220825_12797075,layer2.1.conv1,128,131072,0.009260868653655052,0.07181349396705627,0.05593745782971382,-0.031115159392356873,0.007422373630106449,0.05535011738538742,0.08380544185638428,0.058914072811603546
results/learning_rules/resnet18_cifar100/lr_resnet18_cifar100_bp_decov_20260513_220825_12797075,layer2.1.conv2,128,131072,0.034085847437381744,0.06801341474056244,0.0595051646232605,-0.005749959032982588,0.032478634268045425,0.06981976330280304,0.008541317656636238,0.017726685851812363
results/learning_rules/resnet18_cifar100/lr_resnet18_cifar100_bp_decov_20260513_220825_12797075,layer3.0.conv1,256,131072,-0.00011768937110900879,0.10599831491708755,0.08452611416578293,-0.07232209295034409,0.009216456674039364,0.07249056547880173,0.10535651445388794,0.061755258589982986
results/learning_rules/resnet18_cifar100/lr_resnet18_cifar100_bp_decov_20260513_220825_12797075,layer3.0.conv2,256,131072,-0.01462541427463293,0.09932402521371841,0.08020757138729095,-0.07715962827205658,-0.02148556336760521,0.05242665857076645,0.03738965839147568,0.0507049560546875
results/learning_rules/resnet18_cifar100/lr_resnet18_cifar100_bp_decov_20260513_220825_12797075,layer3.0.downsample.0,256,131072,-0.010793520137667656,0.10604635626077652,0.0849478468298912,-0.08137581497430801,-0.013914281502366066,0.05844489485025406,0.013720297254621983,0.020986216142773628
results/learning_rules/resnet18_cifar100/lr_resnet18_cifar100_bp_decov_20260513_220825_12797075,layer3.1.conv1,256,131072,-0.03687058389186859,0.09535744786262512,0.0847892314195633,-0.10604597628116608,-0.04655831307172775,0.02896687760949135,0.06831575930118561,0.10381589084863663
results/learning_rules/resnet18_cifar100/lr_resnet18_cifar100_bp_decov_20260513_220825_12797075,layer3.1.conv2,256,131072,-0.0016277811955660582,0.05720089375972748,0.04574121907353401,-0.03902142122387886,-0.0002056768862530589,0.03909552842378616,0.0047673871740698814,0.02579384297132492
results/learning_rules/resnet18_cifar100/lr_resnet18_cifar100_bp_decov_20260513_220825_12797075,layer4.0.conv1,512,32768,-0.01489779632538557,0.07762245833873749,0.0637509673833847,-0.06966817378997803,-0.01696249470114708,0.03607921674847603,0.06516340374946594,0.10710853338241577
results/learning_rules/resnet18_cifar100/lr_resnet18_cifar100_bp_decov_20260513_220825_12797075,layer4.0.conv2,512,32768,-0.03115003928542137,0.07443241775035858,0.06567604094743729,-0.08279954642057419,-0.03528601676225662,0.017288383096456528,0.011354849673807621,0.06948072463274002
results/learning_rules/resnet18_cifar100/lr_resnet18_cifar100_bp_decov_20260513_220825_12797075,layer4.0.downsample.0,512,32768,0.0054863374680280685,0.08699299395084381,0.07106237858533859,-0.054709140211343765,0.0016024420037865639,0.07196073979139328,0.010761385783553123,0.039196137338876724
results/learning_rules/resnet18_cifar100/lr_resnet18_cifar100_bp_decov_20260513_220825_12797075,layer4.1.conv1,512,32768,-0.14132313430309296,0.052789993584156036,0.14145448803901672,-0.1758745014667511,-0.14422458410263062,-0.1048508808016777,0.028154732659459114,0.1276908665895462
results/learning_rules/resnet18_cifar100/lr_resnet18_cifar100_bp_decov_20260513_220825_12797075,layer4.1.conv2,512,32768,0.035990551114082336,0.0579126812517643,0.05631870776414871,-0.006433073431253433,0.038965631276369095,0.07892557233572006,0.0020533876959234476,0.07836391776800156
results/learning_rules/resnet18_cifar100/lr_resnet18_cifar100_bp_decov_20260513_223022_12797076,conv1,64,131072,0.09298478066921234,0.5317378640174866,0.4691624641418457,-0.27385687828063965,0.15749163925647736,0.5445501804351807,0.5200380682945251,0.33017969131469727
results/learning_rules/resnet18_cifar100/lr_resnet18_cifar100_bp_decov_20260513_223022_12797076,layer1.0.conv1,64,131072,-0.010884870775043964,0.2133340984582901,0.1787196844816208,-0.19601188600063324,-0.004670807160437107,0.16228878498077393,0.04919639974832535,0.060176558792591095
results/learning_rules/resnet18_cifar100/lr_resnet18_cifar100_bp_decov_20260513_223022_12797076,layer1.0.conv2,64,131072,-0.0020365710370242596,0.10393010079860687,0.0788140669465065,-0.0615101233124733,0.018374543637037277,0.05628889799118042,0.03292952850461006,0.029577793553471565
results/learning_rules/resnet18_cifar100/lr_resnet18_cifar100_bp_decov_20260513_223022_12797076,layer1.1.conv1,64,131072,0.014458633959293365,0.10366131365299225,0.08962385356426239,-0.06387414038181305,0.02889099158346653,0.08743162453174591,0.07449787855148315,0.04642157256603241
results/learning_rules/resnet18_cifar100/lr_resnet18_cifar100_bp_decov_20260513_223022_12797076,layer1.1.conv2,64,131072,0.01327836699783802,0.12876786291599274,0.10672051459550858,-0.06230222061276436,0.016515543684363365,0.11327611654996872,0.0040939380414783955,0.01026499830186367
results/learning_rules/resnet18_cifar100/lr_resnet18_cifar100_bp_decov_20260513_223022_12797076,layer2.0.conv1,128,131072,-0.01711331307888031,0.09125993400812149,0.07739764451980591,-0.08803331106901169,-0.01503610610961914,0.05196363106369972,0.08207545429468155,0.04841788485646248
results/learning_rules/resnet18_cifar100/lr_resnet18_cifar100_bp_decov_20260513_223022_12797076,layer2.0.conv2,128,131072,0.0032867807894945145,0.1105801910161972,0.0885327160358429,-0.07000771164894104,0.0005528506590053439,0.07699929922819138,0.03606553375720978,0.02916124276816845
results/learning_rules/resnet18_cifar100/lr_resnet18_cifar100_bp_decov_20260513_223022_12797076,layer2.0.downsample.0,128,131072,-0.001677586929872632,0.10631357878446579,0.08400735259056091,-0.08127358555793762,0.010150894522666931,0.060266390442848206,0.010389457456767559,0.018061120063066483
results/learning_rules/resnet18_cifar100/lr_resnet18_cifar100_bp_decov_20260513_223022_12797076,layer2.1.conv1,128,131072,-0.004505902528762817,0.08838285505771637,0.07209042459726334,-0.06436767429113388,-0.0013339476427063346,0.05813908204436302,0.08576993644237518,0.0741051584482193
results/learning_rules/resnet18_cifar100/lr_resnet18_cifar100_bp_decov_20260513_223022_12797076,layer2.1.conv2,128,131072,0.0004958228673785925,0.07406793534755707,0.059324175119400024,-0.04763386398553848,0.00660052290186286,0.04910208657383919,0.009047762490808964,0.01829073205590248
results/learning_rules/resnet18_cifar100/lr_resnet18_cifar100_bp_decov_20260513_223022_12797076,layer3.0.conv1,256,131072,-0.014026079326868057,0.08979439735412598,0.07424689829349518,-0.07732851803302765,-0.015290061011910439,0.051654331386089325,0.1068957969546318,0.07369303703308105
results/learning_rules/resnet18_cifar100/lr_resnet18_cifar100_bp_decov_20260513_223022_12797076,layer3.0.conv2,256,131072,-0.012246384285390377,0.0754120722413063,0.06106618791818619,-0.05965515226125717,-0.01754428818821907,0.03677212446928024,0.03620753437280655,0.05465532839298248
results/learning_rules/resnet18_cifar100/lr_resnet18_cifar100_bp_decov_20260513_223022_12797076,layer3.0.downsample.0,256,131072,-0.014128374867141247,0.09852959960699081,0.07829862833023071,-0.07156972587108612,-0.008455823175609112,0.05353017896413803,0.014345314353704453,0.027012845501303673
results/learning_rules/resnet18_cifar100/lr_resnet18_cifar100_bp_decov_20260513_223022_12797076,layer3.1.conv1,256,131072,-0.011270987801253796,0.06377747654914856,0.05171515792608261,-0.055870745331048965,-0.01616082899272442,0.024735718965530396,0.06989207118749619,0.10633306205272675
results/learning_rules/resnet18_cifar100/lr_resnet18_cifar100_bp_decov_20260513_223022_12797076,layer3.1.conv2,256,131072,-0.041245002299547195,0.05602351948618889,0.05562957003712654,-0.07770832628011703,-0.040437716990709305,-0.0037403579335659742,0.004650088958442211,0.024007195606827736
results/learning_rules/resnet18_cifar100/lr_resnet18_cifar100_bp_decov_20260513_223022_12797076,layer4.0.conv1,512,32768,-0.0008718714816495776,0.05761059373617172,0.0452442467212677,-0.03639911860227585,-0.002775147557258606,0.035797521471977234,0.06448866426944733,0.10853908956050873
results/learning_rules/resnet18_cifar100/lr_resnet18_cifar100_bp_decov_20260513_223022_12797076,layer4.0.conv2,512,32768,-0.018442682921886444,0.05549592897295952,0.047171492129564285,-0.055937811732292175,-0.022925520315766335,0.01592366024851799,0.011303508654236794,0.07034952938556671
results/learning_rules/resnet18_cifar100/lr_resnet18_cifar100_bp_decov_20260513_223022_12797076,layer4.0.downsample.0,512,32768,0.0031811168882995844,0.056638117879629135,0.04533402621746063,-0.03474806249141693,0.0044228387996554375,0.03973514959216118,0.01075346115976572,0.04324398189783096
results/learning_rules/resnet18_cifar100/lr_resnet18_cifar100_bp_decov_20260513_223022_12797076,layer4.1.conv1,512,32768,-0.08869276195764542,0.05165582522749901,0.09081453830003738,-0.12289918214082718,-0.0896894559264183,-0.05783892050385475,0.029227592051029205,0.12835419178009033
results/learning_rules/resnet18_cifar100/lr_resnet18_cifar100_bp_decov_20260513_223022_12797076,layer4.1.conv2,512,32768,0.027803312987089157,0.061237022280693054,0.055287428200244904,-0.01342935673892498,0.031197533011436462,0.07114490121603012,0.002090924419462681,0.08449283987283707
results/learning_rules/resnet18_cifar100/lr_resnet18_cifar100_bp_decov_20260513_223546_12797077,conv1,64,131072,0.13253191113471985,0.48880264163017273,0.43033844232559204,-0.23627185821533203,0.12654808163642883,0.5733969211578369,0.46280092000961304,0.24022679030895233
results/learning_rules/resnet18_cifar100/lr_resnet18_cifar100_bp_decov_20260513_223546_12797077,layer1.0.conv1,64,131072,-0.031965240836143494,0.23137794435024261,0.19473576545715332,-0.21358321607112885,-0.049449771642684937,0.12325813621282578,0.05252021178603172,0.05539219453930855
results/learning_rules/resnet18_cifar100/lr_resnet18_cifar100_bp_decov_20260513_223546_12797077,layer1.0.conv2,64,131072,-0.0076785217970609665,0.09972633421421051,0.07656870782375336,-0.07294373214244843,-0.003947003744542599,0.055002156645059586,0.028925936669111252,0.029842505231499672
results/learning_rules/resnet18_cifar100/lr_resnet18_cifar100_bp_decov_20260513_223546_12797077,layer1.1.conv1,64,131072,0.003208938054740429,0.13482820987701416,0.1111847385764122,-0.1136656180024147,0.004268832970410585,0.09449893981218338,0.07833053171634674,0.039955902844667435
results/learning_rules/resnet18_cifar100/lr_resnet18_cifar100_bp_decov_20260513_223546_12797077,layer1.1.conv2,64,131072,0.006898222025483847,0.10755930840969086,0.09036611020565033,-0.05916222557425499,-0.009175064042210579,0.10152145475149155,0.005719804670661688,0.009416765533387661
results/learning_rules/resnet18_cifar100/lr_resnet18_cifar100_bp_decov_20260513_223546_12797077,layer2.0.conv1,128,131072,0.002612145384773612,0.13194265961647034,0.11035455018281937,-0.1008271872997284,-0.007612354587763548,0.10145901888608932,0.07939820736646652,0.0431632474064827
results/learning_rules/resnet18_cifar100/lr_resnet18_cifar100_bp_decov_20260513_223546_12797077,layer2.0.conv2,128,131072,0.03044363483786583,0.14863647520542145,0.11934761703014374,-0.06699056178331375,0.024919018149375916,0.1282963752746582,0.03648246452212334,0.036755792796611786
results/learning_rules/resnet18_cifar100/lr_resnet18_cifar100_bp_decov_20260513_223546_12797077,layer2.0.downsample.0,128,131072,-0.01661650650203228,0.12410977482795715,0.09755004942417145,-0.089691162109375,-0.008338174782693386,0.0758795216679573,0.010270670056343079,0.01504586637020111
results/learning_rules/resnet18_cifar100/lr_resnet18_cifar100_bp_decov_20260513_223546_12797077,layer2.1.conv1,128,131072,0.03235651180148125,0.1072356104850769,0.09129747748374939,-0.03796640783548355,0.0329413115978241,0.10440793633460999,0.08653122186660767,0.0705978274345398
results/learning_rules/resnet18_cifar100/lr_resnet18_cifar100_bp_decov_20260513_223546_12797077,layer2.1.conv2,128,131072,-0.00019990315195173025,0.07360605150461197,0.059503864496946335,-0.05327533930540085,0.0005004522390663624,0.04193183407187462,0.008900674059987068,0.01979658380150795
results/learning_rules/resnet18_cifar100/lr_resnet18_cifar100_bp_decov_20260513_223546_12797077,layer3.0.conv1,256,131072,-0.05868889018893242,0.1312352865934372,0.11833782494068146,-0.15513156354427338,-0.06206841766834259,0.03341338038444519,0.10734912753105164,0.0700598955154419
results/learning_rules/resnet18_cifar100/lr_resnet18_cifar100_bp_decov_20260513_223546_12797077,layer3.0.conv2,256,131072,-0.0091794952750206,0.07698430120944977,0.061352577060461044,-0.062296312302351,-0.00738422991707921,0.03786959499120712,0.036045584827661514,0.05433894321322441
results/learning_rules/resnet18_cifar100/lr_resnet18_cifar100_bp_decov_20260513_223546_12797077,layer3.0.downsample.0,256,131072,-0.025803150609135628,0.13998787105083466,0.11588509380817413,-0.12202087044715881,-0.025482356548309326,0.057471901178359985,0.01456146314740181,0.024047978222370148
results/learning_rules/resnet18_cifar100/lr_resnet18_cifar100_bp_decov_20260513_223546_12797077,layer3.1.conv1,256,131072,0.028284097090363503,0.07152296602725983,0.06031136214733124,-0.013331308960914612,0.02953764609992504,0.07456312328577042,0.06954915076494217,0.11650161445140839
results/learning_rules/resnet18_cifar100/lr_resnet18_cifar100_bp_decov_20260513_223546_12797077,layer3.1.conv2,256,131072,0.04340367764234543,0.05956996977329254,0.06032421812415123,0.005259150639176369,0.04513968527317047,0.08297281712293625,0.004666461609303951,0.028643306344747543
results/learning_rules/resnet18_cifar100/lr_resnet18_cifar100_bp_decov_20260513_223546_12797077,layer4.0.conv1,512,32768,0.030088957399129868,0.06968281418085098,0.06139162927865982,-0.019514424726366997,0.02943369373679161,0.08350958675146103,0.061858631670475006,0.12007297575473785
results/learning_rules/resnet18_cifar100/lr_resnet18_cifar100_bp_decov_20260513_223546_12797077,layer4.0.conv2,512,32768,-0.035883449018001556,0.06514211744070053,0.06157097965478897,-0.08518427610397339,-0.040647365152835846,0.005106379743665457,0.01134924590587616,0.07649629563093185
results/learning_rules/resnet18_cifar100/lr_resnet18_cifar100_bp_decov_20260513_223546_12797077,layer4.0.downsample.0,512,32768,0.007577814161777496,0.06982888281345367,0.05632207170128822,-0.03817107900977135,0.008874207735061646,0.05352402850985527,0.010357068851590157,0.043003667145967484
results/learning_rules/resnet18_cifar100/lr_resnet18_cifar100_bp_decov_20260513_223546_12797077,layer4.1.conv1,512,32768,-0.12348942458629608,0.05111435800790787,0.12391785532236099,-0.15574252605438232,-0.1253492534160614,-0.08935081958770752,0.02867540344595909,0.1413094401359558
results/learning_rules/resnet18_cifar100/lr_resnet18_cifar100_bp_decov_20260513_223546_12797077,layer4.1.conv2,512,32768,0.025655001401901245,0.05428389087319374,0.048252299427986145,-0.012806287035346031,0.025135274976491928,0.0641338974237442,0.0020783289801329374,0.08386844396591187
results/learning_rules/resnet18_cifar100/lr_resnet18_cifar100_bp_decov_20260513_224356_12797078,conv1,64,131072,0.14651525020599365,0.4813297986984253,0.43579232692718506,-0.20211859047412872,0.20031020045280457,0.6220499277114868,0.47742557525634766,0.07553990930318832
results/learning_rules/resnet18_cifar100/lr_resnet18_cifar100_bp_decov_20260513_224356_12797078,layer1.0.conv1,64,131072,-0.019993063062429428,0.2520892322063446,0.2091507762670517,-0.23955389857292175,-0.048399947583675385,0.14827516674995422,0.048731908202171326,0.024478930979967117
results/learning_rules/resnet18_cifar100/lr_resnet18_cifar100_bp_decov_20260513_224356_12797078,layer1.0.conv2,64,131072,-0.043030690401792526,0.1073320284485817,0.08895225822925568,-0.09965838491916656,-0.030104095116257668,0.03184342011809349,0.0323624387383461,0.020501792430877686
results/learning_rules/resnet18_cifar100/lr_resnet18_cifar100_bp_decov_20260513_224356_12797078,layer1.1.conv1,64,131072,0.0049883462488651276,0.10362927615642548,0.08121736347675323,-0.046861205250024796,0.01285366527736187,0.07156561315059662,0.07612509280443192,0.027488766238093376
results/learning_rules/resnet18_cifar100/lr_resnet18_cifar100_bp_decov_20260513_224356_12797078,layer1.1.conv2,64,131072,0.0276913084089756,0.09990764409303665,0.08079669624567032,-0.031824711710214615,0.028424322605133057,0.07632794976234436,0.005583011079579592,0.009103593416512012
results/learning_rules/resnet18_cifar100/lr_resnet18_cifar100_bp_decov_20260513_224356_12797078,layer2.0.conv1,128,131072,-0.033467479050159454,0.10490525513887405,0.08140500634908676,-0.08684393763542175,-0.02023310586810112,0.0321929007768631,0.08549715578556061,0.032930757850408554
results/learning_rules/resnet18_cifar100/lr_resnet18_cifar100_bp_decov_20260513_224356_12797078,layer2.0.conv2,128,131072,-0.03971457481384277,0.15887069702148438,0.13050289452075958,-0.1324605941772461,-0.045017581433057785,0.050096459686756134,0.03501664102077484,0.033291351050138474
results/learning_rules/resnet18_cifar100/lr_resnet18_cifar100_bp_decov_20260513_224356_12797078,layer2.0.downsample.0,128,131072,0.005535974632948637,0.12203667312860489,0.10208746790885925,-0.08565936982631683,0.02212708443403244,0.10379666090011597,0.0113661615177989,0.01148100197315216
results/learning_rules/resnet18_cifar100/lr_resnet18_cifar100_bp_decov_20260513_224356_12797078,layer2.1.conv1,128,131072,-0.011758117005228996,0.07806652784347534,0.06245703995227814,-0.06948772072792053,-0.007932152599096298,0.03788299858570099,0.08181103318929672,0.05972897633910179
results/learning_rules/resnet18_cifar100/lr_resnet18_cifar100_bp_decov_20260513_224356_12797078,layer2.1.conv2,128,131072,0.057823073118925095,0.07536797970533371,0.07753542065620422,0.004387353081256151,0.06268337368965149,0.10321313887834549,0.00821457989513874,0.01831102930009365
results/learning_rules/resnet18_cifar100/lr_resnet18_cifar100_bp_decov_20260513_224356_12797078,layer3.0.conv1,256,131072,0.012254336848855019,0.11633525788784027,0.09219774603843689,-0.05794703587889671,0.021077608689665794,0.09277115017175674,0.10713040828704834,0.06052916869521141
results/learning_rules/resnet18_cifar100/lr_resnet18_cifar100_bp_decov_20260513_224356_12797078,layer3.0.conv2,256,131072,-0.009794353507459164,0.07888901233673096,0.06259346753358841,-0.05673935264348984,-0.012284738942980766,0.036226786673069,0.039222583174705505,0.055625785142183304
results/learning_rules/resnet18_cifar100/lr_resnet18_cifar100_bp_decov_20260513_224356_12797078,layer3.0.downsample.0,256,131072,-0.002976363990455866,0.12682315707206726,0.10463852435350418,-0.09409744292497635,-0.0018309775041416287,0.09228799492120743,0.013909838162362576,0.021489568054676056
results/learning_rules/resnet18_cifar100/lr_resnet18_cifar100_bp_decov_20260513_224356_12797078,layer3.1.conv1,256,131072,0.0032204519957304,0.06724973022937775,0.0524420291185379,-0.043275345116853714,0.002559651155024767,0.043286725878715515,0.06899449229240417,0.1064940094947815
results/learning_rules/resnet18_cifar100/lr_resnet18_cifar100_bp_decov_20260513_224356_12797078,layer3.1.conv2,256,131072,0.03105303831398487,0.0522269569337368,0.04949922859668732,-0.004801059607416391,0.034938566386699677,0.07016894966363907,0.004719688091427088,0.027873337268829346
results/learning_rules/resnet18_cifar100/lr_resnet18_cifar100_bp_decov_20260513_224356_12797078,layer4.0.conv1,512,32768,0.010606878437101841,0.06182055175304413,0.049948591738939285,-0.029544692486524582,0.009944787248969078,0.05333275720477104,0.0623771995306015,0.10917331278324127
results/learning_rules/resnet18_cifar100/lr_resnet18_cifar100_bp_decov_20260513_224356_12797078,layer4.0.conv2,512,32768,-0.03870513662695885,0.07224162667989731,0.06800670921802521,-0.08775680512189865,-0.04647074639797211,0.0060982052236795425,0.01133408211171627,0.07372771203517914
results/learning_rules/resnet18_cifar100/lr_resnet18_cifar100_bp_decov_20260513_224356_12797078,layer4.0.downsample.0,512,32768,0.004129490349441767,0.07278904318809509,0.05941944569349289,-0.05039472132921219,0.0018264823593199253,0.0576401986181736,0.01061722356826067,0.04070567339658737
results/learning_rules/resnet18_cifar100/lr_resnet18_cifar100_bp_decov_20260513_224356_12797078,layer4.1.conv1,512,32768,-0.1423574537038803,0.04999326914548874,0.14242586493492126,-0.17910423874855042,-0.14216996729373932,-0.10870667546987534,0.028930898755788803,0.1329563856124878
results/learning_rules/resnet18_cifar100/lr_resnet18_cifar100_bp_decov_20260513_224356_12797078,layer4.1.conv2,512,32768,0.023076608777046204,0.05325888469815254,0.048245061188936234,-0.011756232008337975,0.028885535895824432,0.05921703577041626,0.002049825619906187,0.07496490329504013
results/learning_rules/resnet18_cifar100/lr_resnet18_cifar100_bp_rtp_20260514_004954_12797086,conv1,64,131072,0.08089523762464523,0.3927936851978302,0.33741527795791626,-0.16845160722732544,0.12340794503688812,0.34394946694374084,0.5037796497344971,0.11428576707839966
results/learning_rules/resnet18_cifar100/lr_resnet18_cifar100_bp_rtp_20260514_004954_12797086,layer1.0.conv1,64,131072,-0.0023726322688162327,0.10893025249242783,0.07936044782400131,-0.06071493774652481,0.0020123147405683994,0.04448220878839493,0.050204355269670486,0.04576784372329712
results/learning_rules/resnet18_cifar100/lr_resnet18_cifar100_bp_rtp_20260514_004954_12797086,layer1.0.conv2,64,131072,0.022371577098965645,0.0848475992679596,0.06437435746192932,-0.02248752862215042,0.01137293316423893,0.08161931484937668,0.03326012194156647,0.030727455392479897
results/learning_rules/resnet18_cifar100/lr_resnet18_cifar100_bp_rtp_20260514_004954_12797086,layer1.1.conv1,64,131072,0.015953924506902695,0.12148086726665497,0.09547500312328339,-0.049753282219171524,0.009909242391586304,0.08081965893507004,0.07874355465173721,0.03618839010596275
results/learning_rules/resnet18_cifar100/lr_resnet18_cifar100_bp_rtp_20260514_004954_12797086,layer1.1.conv2,64,131072,-0.005828336346894503,0.11635556817054749,0.09484491497278214,-0.08990097045898438,-0.000945892883464694,0.0798589438199997,0.005559748038649559,0.009502455592155457
results/learning_rules/resnet18_cifar100/lr_resnet18_cifar100_bp_rtp_20260514_004954_12797086,layer2.0.conv1,128,131072,0.021650388836860657,0.1029953807592392,0.08449368923902512,-0.04578313231468201,0.01637311652302742,0.093448206782341,0.08035130053758621,0.041446343064308167
results/learning_rules/resnet18_cifar100/lr_resnet18_cifar100_bp_rtp_20260514_004954_12797086,layer2.0.conv2,128,131072,0.04212253913283348,0.1460617035627365,0.1275375485420227,-0.06407767534255981,0.05922719091176987,0.14760059118270874,0.033370491117239,0.03773752599954605
results/learning_rules/resnet18_cifar100/lr_resnet18_cifar100_bp_rtp_20260514_004954_12797086,layer2.0.downsample.0,128,131072,-0.00884118303656578,0.11420822888612747,0.09101156145334244,-0.09800083190202713,-0.006008613854646683,0.0712088942527771,0.010495680384337902,0.013991130515933037
results/learning_rules/resnet18_cifar100/lr_resnet18_cifar100_bp_rtp_20260514_004954_12797086,layer2.1.conv1,128,131072,0.04177328571677208,0.10511321574449539,0.08584054559469223,-0.020769232884049416,0.034436337649822235,0.11364156752824783,0.07859009504318237,0.07356570661067963
results/learning_rules/resnet18_cifar100/lr_resnet18_cifar100_bp_rtp_20260514_004954_12797086,layer2.1.conv2,128,131072,0.06135129928588867,0.09594640880823135,0.09516444802284241,0.0014003767864778638,0.07144547998905182,0.12753421068191528,0.008427217602729797,0.018517576158046722
results/learning_rules/resnet18_cifar100/lr_resnet18_cifar100_bp_rtp_20260514_004954_12797086,layer3.0.conv1,256,131072,-0.039145685732364655,0.10225407779216766,0.0866030752658844,-0.10839753597974777,-0.036358095705509186,0.022816404700279236,0.10602061450481415,0.0710315853357315
results/learning_rules/resnet18_cifar100/lr_resnet18_cifar100_bp_rtp_20260514_004954_12797086,layer3.0.conv2,256,131072,-0.008519499562680721,0.08413966745138168,0.06694915890693665,-0.06533977389335632,-0.002289992058649659,0.04321889579296112,0.03727714344859123,0.057329293340444565
results/learning_rules/resnet18_cifar100/lr_resnet18_cifar100_bp_rtp_20260514_004954_12797086,layer3.0.downsample.0,256,131072,-0.031279005110263824,0.10938097536563873,0.09119664132595062,-0.10095471888780594,-0.027269689366221428,0.04210726171731949,0.014002414420247078,0.026145512238144875
results/learning_rules/resnet18_cifar100/lr_resnet18_cifar100_bp_rtp_20260514_004954_12797086,layer3.1.conv1,256,131072,0.03731435537338257,0.07043690234422684,0.0638585165143013,-0.010812515392899513,0.03402918577194214,0.08612095564603806,0.06944988667964935,0.11151444911956787
results/learning_rules/resnet18_cifar100/lr_resnet18_cifar100_bp_rtp_20260514_004954_12797086,layer3.1.conv2,256,131072,0.03463234379887581,0.05577235296368599,0.053916215896606445,0.0014300598995760083,0.041598767042160034,0.07103367149829865,0.004776619374752045,0.026934675872325897
results/learning_rules/resnet18_cifar100/lr_resnet18_cifar100_bp_rtp_20260514_004954_12797086,layer4.0.conv1,512,32768,0.006079342216253281,0.059947870671749115,0.04784444347023964,-0.029769230633974075,0.007752332836389542,0.0473361536860466,0.06285478174686432,0.11224734038114548
results/learning_rules/resnet18_cifar100/lr_resnet18_cifar100_bp_rtp_20260514_004954_12797086,layer4.0.conv2,512,32768,-0.02401064895093441,0.051248349249362946,0.04575192183256149,-0.06238967552781105,-0.022707540541887283,0.010527931153774261,0.011088613420724869,0.07122157514095306
results/learning_rules/resnet18_cifar100/lr_resnet18_cifar100_bp_rtp_20260514_004954_12797086,layer4.0.downsample.0,512,32768,-0.002194367116317153,0.057745371013879776,0.04643690213561058,-0.03835257887840271,-0.003778441110625863,0.037658385932445526,0.010596680454909801,0.04123441502451897
results/learning_rules/resnet18_cifar100/lr_resnet18_cifar100_bp_rtp_20260514_004954_12797086,layer4.1.conv1,512,32768,-0.13612593710422516,0.04674087092280388,0.13657237589359283,-0.1673785001039505,-0.13657838106155396,-0.10758304595947266,0.027447272092103958,0.13280537724494934
results/learning_rules/resnet18_cifar100/lr_resnet18_cifar100_bp_rtp_20260514_004954_12797086,layer4.1.conv2,512,32768,0.026247430592775345,0.06233838200569153,0.0543481819331646,-0.019240852445364,0.024620752781629562,0.06658988445997238,0.0020839113276451826,0.0865461677312851
results/learning_rules/resnet18_cifar100/lr_resnet18_cifar100_bp_rtp_20260514_011340_12797087,conv1,64,131072,0.12579520046710968,0.35955578088760376,0.31348901987075806,-0.05022936314344406,0.13890796899795532,0.4241809546947479,0.4812633991241455,0.11988896131515503
results/learning_rules/resnet18_cifar100/lr_resnet18_cifar100_bp_rtp_20260514_011340_12797087,layer1.0.conv1,64,131072,-0.014185450971126556,0.3116540312767029,0.25681549310684204,-0.22110415995121002,0.025561243295669556,0.1913013905286789,0.05487972870469093,0.04877813905477524
results/learning_rules/resnet18_cifar100/lr_resnet18_cifar100_bp_rtp_20260514_011340_12797087,layer1.0.conv2,64,131072,0.010849347338080406,0.09451669454574585,0.07067669928073883,-0.034181077033281326,0.005369939841330051,0.08124285936355591,0.03652118146419525,0.03173232823610306
results/learning_rules/resnet18_cifar100/lr_resnet18_cifar100_bp_rtp_20260514_011340_12797087,layer1.1.conv1,64,131072,-0.0044032433070242405,0.10415245592594147,0.08421389013528824,-0.07822928577661514,-0.004189101979136467,0.07427306473255157,0.07371191680431366,0.0387364886701107
results/learning_rules/resnet18_cifar100/lr_resnet18_cifar100_bp_rtp_20260514_011340_12797087,layer1.1.conv2,64,131072,0.018284134566783905,0.11026188731193542,0.09644031524658203,-0.0701448917388916,0.03764218091964722,0.10424435883760452,0.005598961375653744,0.009840828366577625
results/learning_rules/resnet18_cifar100/lr_resnet18_cifar100_bp_rtp_20260514_011340_12797087,layer2.0.conv1,128,131072,-0.03870462626218796,0.09737733751535416,0.08733229339122772,-0.10688464343547821,-0.047940731048583984,0.03231752663850784,0.08790108561515808,0.04186634719371796
results/learning_rules/resnet18_cifar100/lr_resnet18_cifar100_bp_rtp_20260514_011340_12797087,layer2.0.conv2,128,131072,-0.025675572454929352,0.16441959142684937,0.13287335634231567,-0.14439252018928528,-0.026022855192422867,0.09270069003105164,0.0315648652613163,0.03909296542406082
results/learning_rules/resnet18_cifar100/lr_resnet18_cifar100_bp_rtp_20260514_011340_12797087,layer2.0.downsample.0,128,131072,0.014791473746299744,0.12919345498085022,0.10842353105545044,-0.08309511095285416,0.031733445823192596,0.10522095859050751,0.01207375805824995,0.014666278846561909
results/learning_rules/resnet18_cifar100/lr_resnet18_cifar100_bp_rtp_20260514_011340_12797087,layer2.1.conv1,128,131072,-0.006656340789049864,0.08216002583503723,0.06377719342708588,-0.05858336389064789,0.0002913772186730057,0.04688572511076927,0.08352567255496979,0.07378171384334564
results/learning_rules/resnet18_cifar100/lr_resnet18_cifar100_bp_rtp_20260514_011340_12797087,layer2.1.conv2,128,131072,-0.07868642359972,0.0821092277765274,0.09323389083147049,-0.1301988661289215,-0.0791853815317154,-0.02184189110994339,0.008572970516979694,0.02297121286392212
results/learning_rules/resnet18_cifar100/lr_resnet18_cifar100_bp_rtp_20260514_011340_12797087,layer3.0.conv1,256,131072,-0.023678788915276527,0.11816141754388809,0.09589947015047073,-0.10837887227535248,-0.017746564000844955,0.059477798640728,0.10458052158355713,0.08098569512367249
results/learning_rules/resnet18_cifar100/lr_resnet18_cifar100_bp_rtp_20260514_011340_12797087,layer3.0.conv2,256,131072,-0.013470903038978577,0.08547397702932358,0.06774374097585678,-0.06697241961956024,-0.013890216127038002,0.03308192640542984,0.03693249076604843,0.06215927004814148
results/learning_rules/resnet18_cifar100/lr_resnet18_cifar100_bp_rtp_20260514_011340_12797087,layer3.0.downsample.0,256,131072,-0.0037548032123595476,0.11668024957180023,0.09370670467615128,-0.08451983332633972,-0.00663630198687315,0.07701115310192108,0.01370210200548172,0.0293904859572649
results/learning_rules/resnet18_cifar100/lr_resnet18_cifar100_bp_rtp_20260514_011340_12797087,layer3.1.conv1,256,131072,-0.04196462035179138,0.09273818880319595,0.08323565125465393,-0.10349179804325104,-0.04711562767624855,0.021687736734747887,0.06870078295469284,0.1219312846660614
results/learning_rules/resnet18_cifar100/lr_resnet18_cifar100_bp_rtp_20260514_011340_12797087,layer3.1.conv2,256,131072,-0.07598624378442764,0.07558689266443253,0.09174194186925888,-0.13216638565063477,-0.07812702655792236,-0.03034260869026184,0.004858312662690878,0.02920684963464737
results/learning_rules/resnet18_cifar100/lr_resnet18_cifar100_bp_rtp_20260514_011340_12797087,layer4.0.conv1,512,32768,-0.007303215563297272,0.08145949989557266,0.06475585699081421,-0.0634249597787857,-0.010273541323840618,0.04491264373064041,0.06312304735183716,0.11878083646297455
results/learning_rules/resnet18_cifar100/lr_resnet18_cifar100_bp_rtp_20260514_011340_12797087,layer4.0.conv2,512,32768,-0.048383623361587524,0.09006263315677643,0.08592022210359573,-0.11688600480556488,-0.05711451917886734,0.005765985231846571,0.011233173310756683,0.07636988162994385
results/learning_rules/resnet18_cifar100/lr_resnet18_cifar100_bp_rtp_20260514_011340_12797087,layer4.0.downsample.0,512,32768,0.00885746255517006,0.08975537121295929,0.07446660101413727,-0.057414185255765915,0.011784939095377922,0.07718177884817123,0.010493637062609196,0.04465872421860695
results/learning_rules/resnet18_cifar100/lr_resnet18_cifar100_bp_rtp_20260514_011340_12797087,layer4.1.conv1,512,32768,-0.16859129071235657,0.05074295029044151,0.16859129071235657,-0.20180661976337433,-0.17072054743766785,-0.13717353343963623,0.028191257268190384,0.13469216227531433
results/learning_rules/resnet18_cifar100/lr_resnet18_cifar100_bp_rtp_20260514_011340_12797087,layer4.1.conv2,512,32768,0.029833266511559486,0.052029088139534,0.04843582212924957,-0.0033573803957551718,0.02890033833682537,0.06257693469524384,0.002028554677963257,0.07547468692064285
results/learning_rules/resnet18_cifar100/lr_resnet18_cifar100_bp_rtp_20260514_011340_12797088,conv1,64,131072,0.03425950929522514,0.39602965116500854,0.34003013372421265,-0.2771342992782593,0.06986737996339798,0.3463968336582184,0.4835086166858673,0.13464674353599548
results/learning_rules/resnet18_cifar100/lr_resnet18_cifar100_bp_rtp_20260514_011340_12797088,layer1.0.conv1,64,131072,-0.026293369010090828,0.2542835772037506,0.2069474756717682,-0.22243893146514893,-0.04067889228463173,0.12808260321617126,0.05029606446623802,0.048309776932001114
results/learning_rules/resnet18_cifar100/lr_resnet18_cifar100_bp_rtp_20260514_011340_12797088,layer1.0.conv2,64,131072,-0.015735529363155365,0.09996866434812546,0.0716402530670166,-0.06225255876779556,0.0007018180331215262,0.03062947653234005,0.033552318811416626,0.028406215831637383
results/learning_rules/resnet18_cifar100/lr_resnet18_cifar100_bp_rtp_20260514_011340_12797088,layer1.1.conv1,64,131072,-0.04551124572753906,0.11847492307424545,0.1058429479598999,-0.12224109470844269,-0.05030013620853424,0.030289236456155777,0.07331392168998718,0.03325323760509491
results/learning_rules/resnet18_cifar100/lr_resnet18_cifar100_bp_rtp_20260514_011340_12797088,layer1.1.conv2,64,131072,0.022122187539935112,0.06277378648519516,0.05296904221177101,-0.02176090143620968,0.024932008236646652,0.05912848562002182,0.004204920027405024,0.010891338810324669
results/learning_rules/resnet18_cifar100/lr_resnet18_cifar100_bp_rtp_20260514_011340_12797088,layer2.0.conv1,128,131072,-0.014330720528960228,0.0880855917930603,0.06766225397586823,-0.0607084222137928,-0.005504886619746685,0.041179344058036804,0.08181027323007584,0.04542744159698486
results/learning_rules/resnet18_cifar100/lr_resnet18_cifar100_bp_rtp_20260514_011340_12797088,layer2.0.conv2,128,131072,-0.01998349465429783,0.16834582388401031,0.1369701623916626,-0.14040468633174896,-0.010293552652001381,0.09671101719141006,0.03512578085064888,0.04948912188410759
results/learning_rules/resnet18_cifar100/lr_resnet18_cifar100_bp_rtp_20260514_011340_12797088,layer2.0.downsample.0,128,131072,0.00015144934877753258,0.10887892544269562,0.08701557666063309,-0.06586707383394241,-0.009462735615670681,0.0770644098520279,0.01037165429443121,0.01405623834580183
results/learning_rules/resnet18_cifar100/lr_resnet18_cifar100_bp_rtp_20260514_011340_12797088,layer2.1.conv1,128,131072,-0.03139611333608627,0.11641815304756165,0.09368723630905151,-0.10388245433568954,-0.028235331177711487,0.04192822426557541,0.08491165935993195,0.09032593667507172
results/learning_rules/resnet18_cifar100/lr_resnet18_cifar100_bp_rtp_20260514_011340_12797088,layer2.1.conv2,128,131072,0.0010622958652675152,0.07715468853712082,0.06083638221025467,-0.04163198173046112,0.007318634074181318,0.05604007840156555,0.008637020364403725,0.02114969491958618
results/learning_rules/resnet18_cifar100/lr_resnet18_cifar100_bp_rtp_20260514_011340_12797088,layer3.0.conv1,256,131072,0.0008043870329856873,0.12597890198230743,0.0982930064201355,-0.07832683622837067,0.002571022603660822,0.09027235209941864,0.10812026262283325,0.083888478577137
results/learning_rules/resnet18_cifar100/lr_resnet18_cifar100_bp_rtp_20260514_011340_12797088,layer3.0.conv2,256,131072,-0.003010987304151058,0.10786968469619751,0.08729105442762375,-0.0842650830745697,-0.006648370064795017,0.06719953566789627,0.03627751022577286,0.06242719665169716
results/learning_rules/resnet18_cifar100/lr_resnet18_cifar100_bp_rtp_20260514_011340_12797088,layer3.0.downsample.0,256,131072,0.005815720185637474,0.11970894038677216,0.09861498326063156,-0.07756238430738449,0.003505048342049122,0.08805191516876221,0.014459156431257725,0.03035908378660679
results/learning_rules/resnet18_cifar100/lr_resnet18_cifar100_bp_rtp_20260514_011340_12797088,layer3.1.conv1,256,131072,-0.026463206857442856,0.09436693787574768,0.07819929718971252,-0.09296874701976776,-0.02567872777581215,0.026049736887216568,0.069517582654953,0.12074504792690277
results/learning_rules/resnet18_cifar100/lr_resnet18_cifar100_bp_rtp_20260514_011340_12797088,layer3.1.conv2,256,131072,-0.05023614689707756,0.059180453419685364,0.06481839716434479,-0.0929681584239006,-0.0569363608956337,-0.008086658082902431,0.004544490482658148,0.027335496619343758
results/learning_rules/resnet18_cifar100/lr_resnet18_cifar100_bp_rtp_20260514_011340_12797088,layer4.0.conv1,512,32768,-0.001873528235591948,0.06542973965406418,0.052152883261442184,-0.04569946229457855,-0.0011076309019699693,0.04365171864628792,0.06298184394836426,0.11683859676122665
results/learning_rules/resnet18_cifar100/lr_resnet18_cifar100_bp_rtp_20260514_011340_12797088,layer4.0.conv2,512,32768,-0.0483953021466732,0.07762224972248077,0.07753100246191025,-0.10726656764745712,-0.05518931895494461,0.003046560101211071,0.011373006738722324,0.07876089215278625
results/learning_rules/resnet18_cifar100/lr_resnet18_cifar100_bp_rtp_20260514_011340_12797088,layer4.0.downsample.0,512,32768,0.006995929405093193,0.07023882865905762,0.056674882769584656,-0.03983764350414276,0.00811897125095129,0.05356871709227562,0.010685845278203487,0.044022247195243835
results/learning_rules/resnet18_cifar100/lr_resnet18_cifar100_bp_rtp_20260514_011340_12797088,layer4.1.conv1,512,32768,-0.1661510169506073,0.048251621425151825,0.16617286205291748,-0.1988944411277771,-0.1674850732088089,-0.1337769478559494,0.02864358015358448,0.13588829338550568
results/learning_rules/resnet18_cifar100/lr_resnet18_cifar100_bp_rtp_20260514_011340_12797088,layer4.1.conv2,512,32768,0.027996240183711052,0.053625114262104034,0.04991219565272331,-0.007822941057384014,0.02967427670955658,0.0677831768989563,0.0020775364246219397,0.0854811817407608
results/learning_rules/resnet18_cifar100/lr_resnet18_cifar100_bp_rtp_20260514_012152_12797089,conv1,64,131072,0.021971579641103745,0.40392377972602844,0.3515019118785858,-0.3252410888671875,0.11156114935874939,0.32263925671577454,0.48483172059059143,0.09769169241189957
results/learning_rules/resnet18_cifar100/lr_resnet18_cifar100_bp_rtp_20260514_012152_12797089,layer1.0.conv1,64,131072,0.01521262526512146,0.12839096784591675,0.10620082914829254,-0.09225422143936157,0.02251254767179489,0.10090643912553787,0.04944342002272606,0.04475000500679016
results/learning_rules/resnet18_cifar100/lr_resnet18_cifar100_bp_rtp_20260514_012152_12797089,layer1.0.conv2,64,131072,0.011381256394088268,0.07736237347126007,0.06061780825257301,-0.03159985691308975,0.010441574268043041,0.06415915489196777,0.032734084874391556,0.027782514691352844
results/learning_rules/resnet18_cifar100/lr_resnet18_cifar100_bp_rtp_20260514_012152_12797089,layer1.1.conv1,64,131072,0.025072623044252396,0.11829236149787903,0.09817946702241898,-0.05315440893173218,0.021425940096378326,0.10565254092216492,0.0770411342382431,0.02853955142199993
results/learning_rules/resnet18_cifar100/lr_resnet18_cifar100_bp_rtp_20260514_012152_12797089,layer1.1.conv2,64,131072,0.004738330375403166,0.11612198501825333,0.10353114455938339,-0.10327637195587158,0.03210069611668587,0.1027589738368988,0.0048681143671274185,0.008609852753579617
results/learning_rules/resnet18_cifar100/lr_resnet18_cifar100_bp_rtp_20260514_012152_12797089,layer2.0.conv1,128,131072,0.002438537310808897,0.08642832934856415,0.06832870841026306,-0.04703390598297119,-0.008612782694399357,0.05565555393695831,0.08399936556816101,0.03913342207670212
results/learning_rules/resnet18_cifar100/lr_resnet18_cifar100_bp_rtp_20260514_012152_12797089,layer2.0.conv2,128,131072,-0.000620880862697959,0.12760421633720398,0.10136829316616058,-0.07131137698888779,0.008846902288496494,0.08437569439411163,0.03270568326115608,0.032697536051273346
results/learning_rules/resnet18_cifar100/lr_resnet18_cifar100_bp_rtp_20260514_012152_12797089,layer2.0.downsample.0,128,131072,-0.020330026745796204,0.12430968135595322,0.10245263576507568,-0.10499230772256851,-0.01934732496738434,0.0729806125164032,0.01084236241877079,0.013621143996715546
results/learning_rules/resnet18_cifar100/lr_resnet18_cifar100_bp_rtp_20260514_012152_12797089,layer2.1.conv1,128,131072,-0.019200028851628304,0.0747050791978836,0.05930507928133011,-0.06707745790481567,-0.021425768733024597,0.02507389709353447,0.0845656469464302,0.06917694956064224
results/learning_rules/resnet18_cifar100/lr_resnet18_cifar100_bp_rtp_20260514_012152_12797089,layer2.1.conv2,128,131072,0.10979191958904266,0.09543921798467636,0.12292193621397018,0.04978492483496666,0.11569803953170776,0.17617827653884888,0.008568763732910156,0.023145463317632675
results/learning_rules/resnet18_cifar100/lr_resnet18_cifar100_bp_rtp_20260514_012152_12797089,layer3.0.conv1,256,131072,0.01400231383740902,0.09746798872947693,0.07916589826345444,-0.052532438188791275,0.0151052949950099,0.07716811448335648,0.10668545961380005,0.06576885282993317
results/learning_rules/resnet18_cifar100/lr_resnet18_cifar100_bp_rtp_20260514_012152_12797089,layer3.0.conv2,256,131072,-0.004347647540271282,0.07626116275787354,0.06087217852473259,-0.05843276530504227,-0.00993751734495163,0.049799684435129166,0.03661369904875755,0.05190858244895935
results/learning_rules/resnet18_cifar100/lr_resnet18_cifar100_bp_rtp_20260514_012152_12797089,layer3.0.downsample.0,256,131072,-0.007192056160420179,0.11352486163377762,0.08922991156578064,-0.07676778733730316,-0.008335682563483715,0.06859055906534195,0.014210717752575874,0.024381283670663834
results/learning_rules/resnet18_cifar100/lr_resnet18_cifar100_bp_rtp_20260514_012152_12797089,layer3.1.conv1,256,131072,0.014835511334240437,0.05604938045144081,0.046219322830438614,-0.022795088589191437,0.018930304795503616,0.05151344835758209,0.06788097321987152,0.10046239197254181
results/learning_rules/resnet18_cifar100/lr_resnet18_cifar100_bp_rtp_20260514_012152_12797089,layer3.1.conv2,256,131072,0.040644291788339615,0.062459275126457214,0.0616653747856617,0.006353321019560099,0.04680265486240387,0.0846995934844017,0.004468010272830725,0.02362959086894989
results/learning_rules/resnet18_cifar100/lr_resnet18_cifar100_bp_rtp_20260514_012152_12797089,layer4.0.conv1,512,32768,0.006732423789799213,0.06908785551786423,0.05497199669480324,-0.03852883353829384,0.00787009671330452,0.05285119637846947,0.062365029007196426,0.1049661636352539
results/learning_rules/resnet18_cifar100/lr_resnet18_cifar100_bp_rtp_20260514_012152_12797089,layer4.0.conv2,512,32768,-0.01910572126507759,0.05686976760625839,0.04811477288603783,-0.05864162743091583,-0.021435439586639404,0.01602497696876526,0.010914096608757973,0.06519295275211334
results/learning_rules/resnet18_cifar100/lr_resnet18_cifar100_bp_rtp_20260514_012152_12797089,layer4.0.downsample.0,512,32768,0.006526217795908451,0.08705063164234161,0.07209596782922745,-0.06124448403716087,0.012651161290705204,0.07255253195762634,0.010918505489826202,0.04011346027255058
results/learning_rules/resnet18_cifar100/lr_resnet18_cifar100_bp_rtp_20260514_012152_12797089,layer4.1.conv1,512,32768,-0.11505672335624695,0.0523594468832016,0.11569608002901077,-0.14898057281970978,-0.11585548520088196,-0.07887736707925797,0.026350699365139008,0.11219920963048935
results/learning_rules/resnet18_cifar100/lr_resnet18_cifar100_bp_rtp_20260514_012152_12797089,layer4.1.conv2,512,32768,0.028419433161616325,0.05538678541779518,0.04993095248937607,-0.010953761637210846,0.027760524302721024,0.06864352524280548,0.002067209454253316,0.07768668979406357
results/learning_rules/resnet18_cifar100/lr_resnet18_cifar100_bp_rtp_20260514_012153_12797090,conv1,64,131072,0.029167693108320236,0.27266454696655273,0.19051700830459595,-0.08151412010192871,0.026813268661499023,0.15074218809604645,0.47464990615844727,0.03140395134687424
results/learning_rules/resnet18_cifar100/lr_resnet18_cifar100_bp_rtp_20260514_012153_12797090,layer1.0.conv1,64,131072,-0.04550975188612938,0.14535540342330933,0.11208672821521759,-0.09369845688343048,-0.034116074442863464,0.0353846475481987,0.05137311667203903,0.04349613934755325
results/learning_rules/resnet18_cifar100/lr_resnet18_cifar100_bp_rtp_20260514_012153_12797090,layer1.0.conv2,64,131072,-0.0014635466504842043,0.0779920145869255,0.058091748505830765,-0.045389242470264435,-0.003780275583267212,0.034707024693489075,0.03306422755122185,0.03586997464299202
results/learning_rules/resnet18_cifar100/lr_resnet18_cifar100_bp_rtp_20260514_012153_12797090,layer1.1.conv1,64,131072,-0.007843999192118645,0.08726472407579422,0.07162734121084213,-0.07271945476531982,0.0016945749521255493,0.05449716001749039,0.06929952651262283,0.041336290538311005
results/learning_rules/resnet18_cifar100/lr_resnet18_cifar100_bp_rtp_20260514_012153_12797090,layer1.1.conv2,64,131072,0.014808804728090763,0.0799642875790596,0.0639851838350296,-0.02827650122344494,0.014004874974489212,0.06383228302001953,0.005104551557451487,0.012267624959349632
results/learning_rules/resnet18_cifar100/lr_resnet18_cifar100_bp_rtp_20260514_012153_12797090,layer2.0.conv1,128,131072,-0.03718147426843643,0.06892191618680954,0.06358548998832703,-0.0900556892156601,-0.03385326266288757,0.0071009621024131775,0.07463596761226654,0.04809645190834999
results/learning_rules/resnet18_cifar100/lr_resnet18_cifar100_bp_rtp_20260514_012153_12797090,layer2.0.conv2,128,131072,0.008831903338432312,0.154941588640213,0.11825953423976898,-0.07451234757900238,0.017817780375480652,0.09898083657026291,0.03300219029188156,0.044692255556583405
results/learning_rules/resnet18_cifar100/lr_resnet18_cifar100_bp_rtp_20260514_012153_12797090,layer2.0.downsample.0,128,131072,-0.03758002445101738,0.1251254379749298,0.10244893282651901,-0.11650344729423523,-0.03864694759249687,0.04094821214675903,0.009791314601898193,0.017539437860250473
results/learning_rules/resnet18_cifar100/lr_resnet18_cifar100_bp_rtp_20260514_012153_12797090,layer2.1.conv1,128,131072,0.0005190522060729563,0.09288952499628067,0.07162835448980331,-0.051872000098228455,-0.010693047195672989,0.058694224804639816,0.08741100132465363,0.09865379333496094
results/learning_rules/resnet18_cifar100/lr_resnet18_cifar100_bp_rtp_20260514_012153_12797090,layer2.1.conv2,128,131072,0.06714949756860733,0.08302544057369232,0.088290274143219,0.00805592816323042,0.0700048953294754,0.1257774978876114,0.009368745610117912,0.02256358042359352
results/learning_rules/resnet18_cifar100/lr_resnet18_cifar100_bp_rtp_20260514_012153_12797090,layer3.0.conv1,256,131072,-0.008763959631323814,0.13211822509765625,0.10675796121358871,-0.09489218890666962,-0.011362211778759956,0.08277053385972977,0.11000227183103561,0.08840877562761307
results/learning_rules/resnet18_cifar100/lr_resnet18_cifar100_bp_rtp_20260514_012153_12797090,layer3.0.conv2,256,131072,-0.0055765025317668915,0.09585319459438324,0.07500513643026352,-0.06432119011878967,-0.0030162851326167583,0.05431883782148361,0.0381552129983902,0.06751043349504471
results/learning_rules/resnet18_cifar100/lr_resnet18_cifar100_bp_rtp_20260514_012153_12797090,layer3.0.downsample.0,256,131072,-0.005628668703138828,0.12540529668331146,0.10097304731607437,-0.09221348911523819,0.0015709820436313748,0.07761228829622269,0.014162851497530937,0.032058387994766235
results/learning_rules/resnet18_cifar100/lr_resnet18_cifar100_bp_rtp_20260514_012153_12797090,layer3.1.conv1,256,131072,-0.009090025909245014,0.07895180583000183,0.06366996467113495,-0.06136741116642952,-0.015116823837161064,0.03937888145446777,0.07027679681777954,0.1291051208972931
results/learning_rules/resnet18_cifar100/lr_resnet18_cifar100_bp_rtp_20260514_012153_12797090,layer3.1.conv2,256,131072,0.03467131406068802,0.06244274228811264,0.05905589461326599,-0.0027539224829524755,0.03797978535294533,0.07796452194452286,0.004977674689143896,0.027877774089574814
results/learning_rules/resnet18_cifar100/lr_resnet18_cifar100_bp_rtp_20260514_012153_12797090,layer4.0.conv1,512,32768,0.04269813373684883,0.067518450319767,0.0647469311952591,-0.0011699462775141,0.04456089437007904,0.08941452205181122,0.06411855667829514,0.130408376455307
results/learning_rules/resnet18_cifar100/lr_resnet18_cifar100_bp_rtp_20260514_012153_12797090,layer4.0.conv2,512,32768,-0.04089267551898956,0.08016586303710938,0.07589657604694366,-0.10248144716024399,-0.047752849757671356,0.010584795847535133,0.011377201415598392,0.07882422208786011
results/learning_rules/resnet18_cifar100/lr_resnet18_cifar100_bp_rtp_20260514_012153_12797090,layer4.0.downsample.0,512,32768,0.014113378711044788,0.07035442441701889,0.05741475895047188,-0.036433249711990356,0.01283115241676569,0.06250394880771637,0.010961778461933136,0.049323007464408875
results/learning_rules/resnet18_cifar100/lr_resnet18_cifar100_bp_rtp_20260514_012153_12797090,layer4.1.conv1,512,32768,-0.14404462277889252,0.04799201712012291,0.1442684382200241,-0.176388680934906,-0.14099889993667603,-0.11627230793237686,0.028148062527179718,0.1332344263792038
results/learning_rules/resnet18_cifar100/lr_resnet18_cifar100_bp_rtp_20260514_012153_12797090,layer4.1.conv2,512,32768,0.03297146037220955,0.07368135452270508,0.06453915685415268,-0.023978671059012413,0.03175794705748558,0.08516031503677368,0.0021256674081087112,0.08367970585823059
results/learning_rules/resnet18_cifar100/lr_resnet18_cifar100_bp_tard_20260513_233840_12797080,conv1,64,131072,0.09368876367807388,0.38667914271354675,0.349615216255188,-0.23052844405174255,0.166021466255188,0.3817894458770752,0.48608943819999695,0.07343968749046326
results/learning_rules/resnet18_cifar100/lr_resnet18_cifar100_bp_tard_20260513_233840_12797080,layer1.0.conv1,64,131072,0.0004666205495595932,0.23143905401229858,0.18934063613414764,-0.1754181683063507,-0.012220760807394981,0.15370172262191772,0.053526412695646286,0.03654816746711731
results/learning_rules/resnet18_cifar100/lr_resnet18_cifar100_bp_tard_20260513_233840_12797080,layer1.0.conv2,64,131072,0.01102716475725174,0.09479349106550217,0.06769406795501709,-0.02656719647347927,0.013676944188773632,0.05550729110836983,0.031738050282001495,0.023895293474197388
results/learning_rules/resnet18_cifar100/lr_resnet18_cifar100_bp_tard_20260513_233840_12797080,layer1.1.conv1,64,131072,-0.01309158094227314,0.11951269954442978,0.0977337658405304,-0.08801885694265366,-0.013187136501073837,0.05486930534243584,0.07938380539417267,0.028700169175863266
results/learning_rules/resnet18_cifar100/lr_resnet18_cifar100_bp_tard_20260513_233840_12797080,layer1.1.conv2,64,131072,0.001695016399025917,0.14110299944877625,0.1132170781493187,-0.11293673515319824,0.0018684013048186898,0.09937102347612381,0.005851713940501213,0.009417423978447914
results/learning_rules/resnet18_cifar100/lr_resnet18_cifar100_bp_tard_20260513_233840_12797080,layer2.0.conv1,128,131072,-0.009716331027448177,0.10499469935894012,0.08495866507291794,-0.07942899316549301,-0.015292979776859283,0.06883867084980011,0.08019047230482101,0.04105425998568535
results/learning_rules/resnet18_cifar100/lr_resnet18_cifar100_bp_tard_20260513_233840_12797080,layer2.0.conv2,128,131072,0.0004491964355111122,0.15800978243350983,0.12606211006641388,-0.09395422041416168,-0.003883693367242813,0.11753317713737488,0.03372182697057724,0.04285309091210365
results/learning_rules/resnet18_cifar100/lr_resnet18_cifar100_bp_tard_20260513_233840_12797080,layer2.0.downsample.0,128,131072,-0.006965090520679951,0.10376975685358047,0.0833076611161232,-0.07690859586000443,-0.004935072734951973,0.0712551474571228,0.010579582303762436,0.013468531891703606
results/learning_rules/resnet18_cifar100/lr_resnet18_cifar100_bp_tard_20260513_233840_12797080,layer2.1.conv1,128,131072,-0.00031154410680755973,0.10601303726434708,0.08707144856452942,-0.07207469642162323,-0.01039443351328373,0.0789332166314125,0.07918871194124222,0.07898405194282532
results/learning_rules/resnet18_cifar100/lr_resnet18_cifar100_bp_tard_20260513_233840_12797080,layer2.1.conv2,128,131072,0.055613547563552856,0.07353493571281433,0.07772203534841537,0.009845828637480736,0.06239118427038193,0.11292687803506851,0.008159216493368149,0.01845051907002926
results/learning_rules/resnet18_cifar100/lr_resnet18_cifar100_bp_tard_20260513_233840_12797080,layer3.0.conv1,256,131072,-0.008645614609122276,0.12598101794719696,0.09943637251853943,-0.09417441487312317,-0.0014722441555932164,0.07793235033750534,0.10654942691326141,0.07221850752830505
results/learning_rules/resnet18_cifar100/lr_resnet18_cifar100_bp_tard_20260513_233840_12797080,layer3.0.conv2,256,131072,-0.0076628029346466064,0.08826545625925064,0.07086001336574554,-0.07121838629245758,-0.0057577891275286674,0.047577232122421265,0.037874430418014526,0.054634638130664825
results/learning_rules/resnet18_cifar100/lr_resnet18_cifar100_bp_tard_20260513_233840_12797080,layer3.0.downsample.0,256,131072,-0.024479905143380165,0.1160653829574585,0.09557937830686569,-0.10161127150058746,-0.03469809144735336,0.05072265863418579,0.014000920578837395,0.02592463046312332
results/learning_rules/resnet18_cifar100/lr_resnet18_cifar100_bp_tard_20260513_233840_12797080,layer3.1.conv1,256,131072,-0.007129346951842308,0.08678172528743744,0.07076496630907059,-0.06684938818216324,-0.011443428695201874,0.055694904178380966,0.06887294352054596,0.10787727683782578
results/learning_rules/resnet18_cifar100/lr_resnet18_cifar100_bp_tard_20260513_233840_12797080,layer3.1.conv2,256,131072,0.015288750641047955,0.05363893136382103,0.04578966647386551,-0.02294069342315197,0.01985977031290531,0.050667956471443176,0.0049188206903636456,0.02522549033164978
results/learning_rules/resnet18_cifar100/lr_resnet18_cifar100_bp_tard_20260513_233840_12797080,layer4.0.conv1,512,32768,-0.010827071964740753,0.06170881167054176,0.04931680113077164,-0.0488782599568367,-0.009833581745624542,0.02958243526518345,0.06333018094301224,0.10599323362112045
results/learning_rules/resnet18_cifar100/lr_resnet18_cifar100_bp_tard_20260513_233840_12797080,layer4.0.conv2,512,32768,-0.03525802120566368,0.06882264465093613,0.06475462764501572,-0.08421532064676285,-0.04411729425191879,0.007436059881001711,0.011400287970900536,0.07020239531993866
results/learning_rules/resnet18_cifar100/lr_resnet18_cifar100_bp_tard_20260513_233840_12797080,layer4.0.downsample.0,512,32768,0.0024222657084465027,0.06809110194444656,0.054962072521448135,-0.04770062863826752,0.0037938891910016537,0.047352567315101624,0.010800188407301903,0.040648452937603
results/learning_rules/resnet18_cifar100/lr_resnet18_cifar100_bp_tard_20260513_233840_12797080,layer4.1.conv1,512,32768,-0.15339049696922302,0.04721970856189728,0.15339794754981995,-0.18441028892993927,-0.15518096089363098,-0.12236572802066803,0.027836110442876816,0.120689757168293
results/learning_rules/resnet18_cifar100/lr_resnet18_cifar100_bp_tard_20260513_233840_12797080,layer4.1.conv2,512,32768,0.03857370465993881,0.0543796569108963,0.05511056259274483,0.0006620362401008606,0.040696773678064346,0.07634640485048294,0.0020905649289488792,0.07652033865451813
results/learning_rules/resnet18_cifar100/lr_resnet18_cifar100_bp_tard_20260513_233851_12797082,conv1,64,131072,0.023480750620365143,0.41633278131484985,0.355924516916275,-0.3112758994102478,-0.006033405661582947,0.3831472396850586,0.503031313419342,0.12306036055088043
results/learning_rules/resnet18_cifar100/lr_resnet18_cifar100_bp_tard_20260513_233851_12797082,layer1.0.conv1,64,131072,-0.014942694455385208,0.2451261579990387,0.18593952059745789,-0.12899541854858398,-0.0020654830150306225,0.10149048268795013,0.05427021160721779,0.0498725064098835
results/learning_rules/resnet18_cifar100/lr_resnet18_cifar100_bp_tard_20260513_233851_12797082,layer1.0.conv2,64,131072,0.014086371287703514,0.08408086746931076,0.06422139704227448,-0.031151842325925827,0.014381645247340202,0.0638236552476883,0.03926847502589226,0.03155302256345749
results/learning_rules/resnet18_cifar100/lr_resnet18_cifar100_bp_tard_20260513_233851_12797082,layer1.1.conv1,64,131072,0.052471823990345,0.11829820275306702,0.1113816425204277,-0.025727206841111183,0.07647530734539032,0.13399432599544525,0.0744476243853569,0.044634297490119934
results/learning_rules/resnet18_cifar100/lr_resnet18_cifar100_bp_tard_20260513_233851_12797082,layer1.1.conv2,64,131072,-0.01665148325264454,0.13603204488754272,0.11026597023010254,-0.11135833710432053,-0.010507290251553059,0.08548519015312195,0.00515785813331604,0.009460695087909698
results/learning_rules/resnet18_cifar100/lr_resnet18_cifar100_bp_tard_20260513_233851_12797082,layer2.0.conv1,128,131072,0.040509406477212906,0.13811133801937103,0.10975632071495056,-0.04888946935534477,0.03548044711351395,0.11430894583463669,0.0954798236489296,0.043261513113975525
results/learning_rules/resnet18_cifar100/lr_resnet18_cifar100_bp_tard_20260513_233851_12797082,layer2.0.conv2,128,131072,0.019817156717181206,0.14343583583831787,0.12059389054775238,-0.09585338085889816,0.015679309144616127,0.12409722805023193,0.0324266217648983,0.03609594702720642
results/learning_rules/resnet18_cifar100/lr_resnet18_cifar100_bp_tard_20260513_233851_12797082,layer2.0.downsample.0,128,131072,0.02161715179681778,0.12112028896808624,0.09966706484556198,-0.0629541203379631,0.01521628350019455,0.11160799860954285,0.013636884279549122,0.015173694118857384
results/learning_rules/resnet18_cifar100/lr_resnet18_cifar100_bp_tard_20260513_233851_12797082,layer2.1.conv1,128,131072,0.059304796159267426,0.13181160390377045,0.11950352042913437,-0.04711879789829254,0.06993324309587479,0.15129315853118896,0.08410783112049103,0.07187815010547638
results/learning_rules/resnet18_cifar100/lr_resnet18_cifar100_bp_tard_20260513_233851_12797082,layer2.1.conv2,128,131072,0.04617936909198761,0.09797845035791397,0.08618738502264023,-0.013578340411186218,0.038031380623579025,0.12475299835205078,0.00805269367992878,0.018212279304862022
results/learning_rules/resnet18_cifar100/lr_resnet18_cifar100_bp_tard_20260513_233851_12797082,layer3.0.conv1,256,131072,-0.06295450776815414,0.1462118774652481,0.12949202954769135,-0.17169959843158722,-0.06427717208862305,0.03609824925661087,0.10753419995307922,0.07080593705177307
results/learning_rules/resnet18_cifar100/lr_resnet18_cifar100_bp_tard_20260513_233851_12797082,layer3.0.conv2,256,131072,-0.0002366058761253953,0.10496190190315247,0.08331167697906494,-0.07614478468894958,0.0016679896507412195,0.07275852560997009,0.037939418107271194,0.04970861226320267
results/learning_rules/resnet18_cifar100/lr_resnet18_cifar100_bp_tard_20260513_233851_12797082,layer3.0.downsample.0,256,131072,-0.011288301087915897,0.1318102926015854,0.10581974685192108,-0.10019780695438385,-0.0014352364232763648,0.08180410414934158,0.014252474531531334,0.026197778061032295
results/learning_rules/resnet18_cifar100/lr_resnet18_cifar100_bp_tard_20260513_233851_12797082,layer3.1.conv1,256,131072,0.048004403710365295,0.07682811468839645,0.076119065284729,0.010787894949316978,0.05733060464262962,0.0979335755109787,0.07002777606248856,0.10561083257198334
results/learning_rules/resnet18_cifar100/lr_resnet18_cifar100_bp_tard_20260513_233851_12797082,layer3.1.conv2,256,131072,0.09306655079126358,0.08521829545497894,0.10983797162771225,0.04770103469491005,0.10121843218803406,0.14825201034545898,0.004889333620667458,0.026461806148290634
results/learning_rules/resnet18_cifar100/lr_resnet18_cifar100_bp_tard_20260513_233851_12797082,layer4.0.conv1,512,32768,0.037305817008018494,0.06167171895503998,0.059398550540208817,-0.005632591433823109,0.04161430150270462,0.08058439195156097,0.06541315466165543,0.11360438168048859
results/learning_rules/resnet18_cifar100/lr_resnet18_cifar100_bp_tard_20260513_233851_12797082,layer4.0.conv2,512,32768,0.001188831403851509,0.041375186294317245,0.032493241131305695,-0.02612501196563244,0.0008992426446639001,0.028987733647227287,0.011397302150726318,0.07096071541309357
results/learning_rules/resnet18_cifar100/lr_resnet18_cifar100_bp_tard_20260513_233851_12797082,layer4.0.downsample.0,512,32768,0.008520416915416718,0.06077403202652931,0.048639409244060516,-0.0275983065366745,0.010598823428153992,0.04815656319260597,0.010751893743872643,0.0419938825070858
results/learning_rules/resnet18_cifar100/lr_resnet18_cifar100_bp_tard_20260513_233851_12797082,layer4.1.conv1,512,32768,-0.09921517968177795,0.05154019221663475,0.10042325407266617,-0.1338278204202652,-0.09942200779914856,-0.06672057509422302,0.02844058908522129,0.12800654768943787
results/learning_rules/resnet18_cifar100/lr_resnet18_cifar100_bp_tard_20260513_233851_12797082,layer4.1.conv2,512,32768,0.02793589048087597,0.05619419738650322,0.05116875097155571,-0.010988968424499035,0.029684118926525116,0.06757811456918716,0.0020731629338115454,0.08605486899614334
results/learning_rules/resnet18_cifar100/lr_resnet18_cifar100_bp_tard_20260514_000205_12797083,conv1,64,131072,0.03979752957820892,0.5035043954849243,0.43379923701286316,-0.4066360592842102,-0.007662596181035042,0.482036828994751,0.5049431324005127,0.22569043934345245
results/learning_rules/resnet18_cifar100/lr_resnet18_cifar100_bp_tard_20260514_000205_12797083,layer1.0.conv1,64,131072,0.013911270536482334,0.21250873804092407,0.16755501925945282,-0.13155728578567505,0.014335034415125847,0.13626545667648315,0.05262094736099243,0.04839957132935524
results/learning_rules/resnet18_cifar100/lr_resnet18_cifar100_bp_tard_20260514_000205_12797083,layer1.0.conv2,64,131072,-0.014996375888586044,0.11641848087310791,0.08551543951034546,-0.06866485625505447,-0.005375101696699858,0.06649184226989746,0.03158574923872948,0.031557388603687286
results/learning_rules/resnet18_cifar100/lr_resnet18_cifar100_bp_tard_20260514_000205_12797083,layer1.1.conv1,64,131072,-0.00039069080958142877,0.1276937574148178,0.10478091239929199,-0.08760832250118256,0.012735036201775074,0.08753759413957596,0.07427790015935898,0.0370311364531517
results/learning_rules/resnet18_cifar100/lr_resnet18_cifar100_bp_tard_20260514_000205_12797083,layer1.1.conv2,64,131072,0.022666435688734055,0.14338445663452148,0.12207340449094772,-0.09642541408538818,0.04327643662691116,0.11122430860996246,0.00441042659804225,0.011068254709243774
results/learning_rules/resnet18_cifar100/lr_resnet18_cifar100_bp_tard_20260514_000205_12797083,layer2.0.conv1,128,131072,0.01584557071328163,0.1162150651216507,0.09558066725730896,-0.05976386368274689,0.013874666765332222,0.10032133758068085,0.08421064913272858,0.042113617062568665
results/learning_rules/resnet18_cifar100/lr_resnet18_cifar100_bp_tard_20260514_000205_12797083,layer2.0.conv2,128,131072,0.006260096561163664,0.08563390374183655,0.06938090920448303,-0.04893496632575989,0.006712027825415134,0.0640157163143158,0.03486039862036705,0.0319993756711483
results/learning_rules/resnet18_cifar100/lr_resnet18_cifar100_bp_tard_20260514_000205_12797083,layer2.0.downsample.0,128,131072,0.024354880675673485,0.1430322229862213,0.11723391711711884,-0.07457593828439713,0.028423147276043892,0.11846696585416794,0.010094838216900826,0.015289711765944958
results/learning_rules/resnet18_cifar100/lr_resnet18_cifar100_bp_tard_20260514_000205_12797083,layer2.1.conv1,128,131072,0.028229568153619766,0.09587706625461578,0.0800061821937561,-0.03898889571428299,0.0315735749900341,0.0906037837266922,0.08409371972084045,0.058709703385829926
results/learning_rules/resnet18_cifar100/lr_resnet18_cifar100_bp_tard_20260514_000205_12797083,layer2.1.conv2,128,131072,-0.008377233520150185,0.07744883745908737,0.06370128691196442,-0.0633629560470581,-0.013622039929032326,0.04599437862634659,0.008922404609620571,0.01602920889854431
results/learning_rules/resnet18_cifar100/lr_resnet18_cifar100_bp_tard_20260514_000205_12797083,layer3.0.conv1,256,131072,-0.0310054998844862,0.10681527853012085,0.08860693126916885,-0.0985892191529274,-0.03169143944978714,0.03681589290499687,0.10660415887832642,0.05591731518507004
results/learning_rules/resnet18_cifar100/lr_resnet18_cifar100_bp_tard_20260514_000205_12797083,layer3.0.conv2,256,131072,0.001504584914073348,0.07211124151945114,0.057262107729911804,-0.04329751059412956,0.001792093738913536,0.048067979514598846,0.035440586507320404,0.04700345918536186
results/learning_rules/resnet18_cifar100/lr_resnet18_cifar100_bp_tard_20260514_000205_12797083,layer3.0.downsample.0,256,131072,-0.013756745494902134,0.10035664588212967,0.07970640063285828,-0.08340330421924591,-0.009249314665794373,0.044584933668375015,0.014826302416622639,0.020270563662052155
results/learning_rules/resnet18_cifar100/lr_resnet18_cifar100_bp_tard_20260514_000205_12797083,layer3.1.conv1,256,131072,-0.005078357644379139,0.08314859867095947,0.06707535684108734,-0.06650978326797485,-0.0022237305529415607,0.04648382216691971,0.06967487186193466,0.09783867001533508
results/learning_rules/resnet18_cifar100/lr_resnet18_cifar100_bp_tard_20260514_000205_12797083,layer3.1.conv2,256,131072,0.010523449629545212,0.06352339684963226,0.051815249025821686,-0.03196597844362259,0.011453982442617416,0.053771305829286575,0.004404881969094276,0.024971043691039085
results/learning_rules/resnet18_cifar100/lr_resnet18_cifar100_bp_tard_20260514_000205_12797083,layer4.0.conv1,512,32768,0.017403464764356613,0.06790082156658173,0.05645335838198662,-0.03177717328071594,0.019087597727775574,0.06455416977405548,0.06333386152982712,0.10713756829500198
results/learning_rules/resnet18_cifar100/lr_resnet18_cifar100_bp_tard_20260514_000205_12797083,layer4.0.conv2,512,32768,-0.028350545093417168,0.06005696952342987,0.05473874509334564,-0.06929650157690048,-0.03429394215345383,0.0103902667760849,0.011311531066894531,0.068797267973423
results/learning_rules/resnet18_cifar100/lr_resnet18_cifar100_bp_tard_20260514_000205_12797083,layer4.0.downsample.0,512,32768,0.001170662697404623,0.07264237850904465,0.05774100124835968,-0.04621002823114395,0.0005520010599866509,0.048627354204654694,0.010684334672987461,0.04110807180404663
results/learning_rules/resnet18_cifar100/lr_resnet18_cifar100_bp_tard_20260514_000205_12797083,layer4.1.conv1,512,32768,-0.10168251395225525,0.05355411395430565,0.10379546135663986,-0.13455967605113983,-0.10535945743322372,-0.06881959736347198,0.028342649340629578,0.12592656910419464
results/learning_rules/resnet18_cifar100/lr_resnet18_cifar100_bp_tard_20260514_000205_12797083,layer4.1.conv2,512,32768,0.026554688811302185,0.05565475672483444,0.04965752363204956,-0.00758166890591383,0.02658028155565262,0.06487030535936356,0.002048281952738762,0.08718879520893097
results/learning_rules/resnet18_cifar100/lr_resnet18_cifar100_bp_tard_20260514_000701_12797084,conv1,64,131072,0.012943951413035393,0.5121400952339172,0.4537734091281891,-0.42853468656539917,0.08336956053972244,0.4598076343536377,0.49493736028671265,0.22428008913993835
results/learning_rules/resnet18_cifar100/lr_resnet18_cifar100_bp_tard_20260514_000701_12797084,layer1.0.conv1,64,131072,-0.004125133156776428,0.20295774936676025,0.16023223102092743,-0.11361727118492126,0.014236882328987122,0.12457260489463806,0.04807458445429802,0.05825452879071236
results/learning_rules/resnet18_cifar100/lr_resnet18_cifar100_bp_tard_20260514_000701_12797084,layer1.0.conv2,64,131072,0.02708597481250763,0.08097837120294571,0.06387466192245483,-0.03017541766166687,0.027269236743450165,0.07391603291034698,0.028552407398819923,0.029440579935908318
results/learning_rules/resnet18_cifar100/lr_resnet18_cifar100_bp_tard_20260514_000701_12797084,layer1.1.conv1,64,131072,0.026148594915866852,0.10047020018100739,0.08603480458259583,-0.057723917067050934,0.03061702847480774,0.09611377865076065,0.07961824536323547,0.04713679477572441
results/learning_rules/resnet18_cifar100/lr_resnet18_cifar100_bp_tard_20260514_000701_12797084,layer1.1.conv2,64,131072,0.017689494416117668,0.07026226073503494,0.05767001956701279,-0.027195487171411514,0.012218248099088669,0.08122356235980988,0.005027420818805695,0.01146562397480011
results/learning_rules/resnet18_cifar100/lr_resnet18_cifar100_bp_tard_20260514_000701_12797084,layer2.0.conv1,128,131072,-0.03053445741534233,0.07744354754686356,0.07040118426084518,-0.08867104351520538,-0.039237476885318756,0.024051904678344727,0.0840645357966423,0.04875016212463379
results/learning_rules/resnet18_cifar100/lr_resnet18_cifar100_bp_tard_20260514_000701_12797084,layer2.0.conv2,128,131072,0.021957509219646454,0.13771173357963562,0.10677717626094818,-0.050694502890110016,0.02417442761361599,0.09840400516986847,0.03528638184070587,0.043346356600522995
results/learning_rules/resnet18_cifar100/lr_resnet18_cifar100_bp_tard_20260514_000701_12797084,layer2.0.downsample.0,128,131072,-0.04559976980090141,0.10957476496696472,0.09767219424247742,-0.11897749453783035,-0.0549800768494606,0.042943183332681656,0.010678591206669807,0.016333699226379395
results/learning_rules/resnet18_cifar100/lr_resnet18_cifar100_bp_tard_20260514_000701_12797084,layer2.1.conv1,128,131072,-0.010523315519094467,0.07723947614431381,0.059952497482299805,-0.05485641211271286,-0.013784742914140224,0.03356952220201492,0.08390707522630692,0.0890074297785759
results/learning_rules/resnet18_cifar100/lr_resnet18_cifar100_bp_tard_20260514_000701_12797084,layer2.1.conv2,128,131072,-0.029963437467813492,0.06937341392040253,0.06301407516002655,-0.08063202351331711,-0.038921162486076355,0.01949777826666832,0.00833655521273613,0.02024226263165474
results/learning_rules/resnet18_cifar100/lr_resnet18_cifar100_bp_tard_20260514_000701_12797084,layer3.0.conv1,256,131072,-0.03308729827404022,0.11059840023517609,0.09192615747451782,-0.10813488811254501,-0.030549440532922745,0.04790043830871582,0.1059255376458168,0.08712345361709595
results/learning_rules/resnet18_cifar100/lr_resnet18_cifar100_bp_tard_20260514_000701_12797084,layer3.0.conv2,256,131072,-0.014010438695549965,0.08416875451803207,0.06689169257879257,-0.0677613690495491,-0.015058118849992752,0.04071318730711937,0.03667522966861725,0.0713428407907486
results/learning_rules/resnet18_cifar100/lr_resnet18_cifar100_bp_tard_20260514_000701_12797084,layer3.0.downsample.0,256,131072,-0.02608642913401127,0.11471931636333466,0.09468914568424225,-0.10809464752674103,-0.02848055399954319,0.04674892872571945,0.014208698645234108,0.03040849231183529
results/learning_rules/resnet18_cifar100/lr_resnet18_cifar100_bp_tard_20260514_000701_12797084,layer3.1.conv1,256,131072,0.0026498991064727306,0.07686897367238998,0.06178511306643486,-0.04869017004966736,0.003348757280036807,0.05461215227842331,0.06870482861995697,0.13600586354732513
results/learning_rules/resnet18_cifar100/lr_resnet18_cifar100_bp_tard_20260514_000701_12797084,layer3.1.conv2,256,131072,0.002259328495711088,0.04822954908013344,0.03849149867892265,-0.031402915716171265,-0.0003017348353751004,0.036400824785232544,0.0044678570702672005,0.02890227735042572
results/learning_rules/resnet18_cifar100/lr_resnet18_cifar100_bp_tard_20260514_000701_12797084,layer4.0.conv1,512,32768,0.016605572775006294,0.07160074263811111,0.058154117316007614,-0.03149445354938507,0.016392625868320465,0.06273923814296722,0.060711704194545746,0.13266146183013916
results/learning_rules/resnet18_cifar100/lr_resnet18_cifar100_bp_tard_20260514_000701_12797084,layer4.0.conv2,512,32768,-0.028438936918973923,0.07700084894895554,0.06682958453893661,-0.0822208821773529,-0.029892906546592712,0.020119724795222282,0.011461561545729637,0.08922876417636871
results/learning_rules/resnet18_cifar100/lr_resnet18_cifar100_bp_tard_20260514_000701_12797084,layer4.0.downsample.0,512,32768,0.004186658188700676,0.06884587556123734,0.0565054677426815,-0.04343113303184509,0.004613107535988092,0.05509250611066818,0.010244117118418217,0.04917154833674431
results/learning_rules/resnet18_cifar100/lr_resnet18_cifar100_bp_tard_20260514_000701_12797084,layer4.1.conv1,512,32768,-0.14080889523029327,0.05179474130272865,0.14088702201843262,-0.1754671186208725,-0.14099057018756866,-0.10552141815423965,0.027946341782808304,0.15508897602558136
results/learning_rules/resnet18_cifar100/lr_resnet18_cifar100_bp_tard_20260514_000701_12797084,layer4.1.conv2,512,32768,0.021442433819174767,0.06337755173444748,0.053107988089323044,-0.022236285731196404,0.02071666717529297,0.06318668276071548,0.0020722653716802597,0.08944592624902725
results/learning_rules/resnet18_cifar100/lr_resnet18_cifar100_bp_tard_20260514_001500_12797085,conv1,64,131072,0.07673584669828415,0.36095190048217773,0.3072265684604645,-0.21826767921447754,0.07473675906658173,0.39150261878967285,0.4839167594909668,0.09583843499422073
results/learning_rules/resnet18_cifar100/lr_resnet18_cifar100_bp_tard_20260514_001500_12797085,layer1.0.conv1,64,131072,-0.05617367476224899,0.3208044171333313,0.2761613130569458,-0.3353697657585144,-0.07663719356060028,0.2098574936389923,0.04997715353965759,0.04138052463531494
results/learning_rules/resnet18_cifar100/lr_resnet18_cifar100_bp_tard_20260514_001500_12797085,layer1.0.conv2,64,131072,-0.046911418437957764,0.11844845116138458,0.09726128727197647,-0.09294157475233078,-0.05099274963140488,0.01975707896053791,0.03086862899363041,0.024386826902627945
results/learning_rules/resnet18_cifar100/lr_resnet18_cifar100_bp_tard_20260514_001500_12797085,layer1.1.conv1,64,131072,-0.015632610768079758,0.09685560315847397,0.08132054656744003,-0.08367161452770233,-0.03776741027832031,0.04466286674141884,0.0741485059261322,0.03604084253311157
results/learning_rules/resnet18_cifar100/lr_resnet18_cifar100_bp_tard_20260514_001500_12797085,layer1.1.conv2,64,131072,0.017575332894921303,0.13870005309581757,0.11735014617443085,-0.09672845155000687,-0.0022400834131985903,0.13651804625988007,0.005788726732134819,0.011114280670881271
results/learning_rules/resnet18_cifar100/lr_resnet18_cifar100_bp_tard_20260514_001500_12797085,layer2.0.conv1,128,131072,-0.0034278922248631716,0.09415882080793381,0.0727958157658577,-0.05123437941074371,0.003195130033418536,0.0639832392334938,0.08952876925468445,0.04330737143754959
results/learning_rules/resnet18_cifar100/lr_resnet18_cifar100_bp_tard_20260514_001500_12797085,layer2.0.conv2,128,131072,-0.015486386604607105,0.1568109095096588,0.12165861576795578,-0.10474255681037903,-0.02046779915690422,0.07848590612411499,0.03464723750948906,0.033027928322553635
results/learning_rules/resnet18_cifar100/lr_resnet18_cifar100_bp_tard_20260514_001500_12797085,layer2.0.downsample.0,128,131072,0.009125241078436375,0.11394231021404266,0.09112241864204407,-0.051903996616601944,0.020167523995041847,0.0860980749130249,0.011649237014353275,0.016124170273542404
results/learning_rules/resnet18_cifar100/lr_resnet18_cifar100_bp_tard_20260514_001500_12797085,layer2.1.conv1,128,131072,-0.0006106815417297184,0.10784652829170227,0.08543463796377182,-0.0667603462934494,-0.014808306470513344,0.0712650939822197,0.08128476142883301,0.06184590235352516
results/learning_rules/resnet18_cifar100/lr_resnet18_cifar100_bp_tard_20260514_001500_12797085,layer2.1.conv2,128,131072,-0.0008890229510143399,0.06648662686347961,0.05151434987783432,-0.041432227939367294,-0.002723426092416048,0.03888334333896637,0.008344636298716068,0.01546534989029169
results/learning_rules/resnet18_cifar100/lr_resnet18_cifar100_bp_tard_20260514_001500_12797085,layer3.0.conv1,256,131072,-0.02461400255560875,0.11493527889251709,0.09226148575544357,-0.10373349487781525,-0.02167419344186783,0.053789954632520676,0.10544595122337341,0.061159465461969376
results/learning_rules/resnet18_cifar100/lr_resnet18_cifar100_bp_tard_20260514_001500_12797085,layer3.0.conv2,256,131072,-0.007007270585745573,0.08068456500768661,0.06410979479551315,-0.0596139058470726,-0.005053779110312462,0.0453491173684597,0.03769085556268692,0.049826547503471375
results/learning_rules/resnet18_cifar100/lr_resnet18_cifar100_bp_tard_20260514_001500_12797085,layer3.0.downsample.0,256,131072,-0.0013783061876893044,0.10739448666572571,0.08485246449708939,-0.07359063625335693,-0.005503978580236435,0.06781183928251266,0.013904539868235588,0.02165208011865616
results/learning_rules/resnet18_cifar100/lr_resnet18_cifar100_bp_tard_20260514_001500_12797085,layer3.1.conv1,256,131072,-0.011488084681332111,0.08539905399084091,0.06915248185396194,-0.06837119162082672,-0.009800039231777191,0.05221103876829147,0.06815389543771744,0.09768864512443542
results/learning_rules/resnet18_cifar100/lr_resnet18_cifar100_bp_tard_20260514_001500_12797085,layer3.1.conv2,256,131072,0.0019110890571027994,0.058210864663124084,0.046293146908283234,-0.038481492549180984,0.003953990992158651,0.035001516342163086,0.004784861579537392,0.025991741567850113
results/learning_rules/resnet18_cifar100/lr_resnet18_cifar100_bp_tard_20260514_001500_12797085,layer4.0.conv1,512,32768,0.012799643911421299,0.06571987271308899,0.052278995513916016,-0.02688690461218357,0.01513681747019291,0.05461917817592621,0.06419387459754944,0.10289409756660461
results/learning_rules/resnet18_cifar100/lr_resnet18_cifar100_bp_tard_20260514_001500_12797085,layer4.0.conv2,512,32768,-0.05175698548555374,0.08175455778837204,0.0794772356748581,-0.11092165112495422,-0.05665448307991028,0.002951120026409626,0.011035516858100891,0.06823889911174774
results/learning_rules/resnet18_cifar100/lr_resnet18_cifar100_bp_tard_20260514_001500_12797085,layer4.0.downsample.0,512,32768,0.006731645669788122,0.06733388453722,0.05522273853421211,-0.04054953157901764,0.004256225191056728,0.05359248071908951,0.010792691260576248,0.03774193301796913
results/learning_rules/resnet18_cifar100/lr_resnet18_cifar100_bp_tard_20260514_001500_12797085,layer4.1.conv1,512,32768,-0.15587657690048218,0.04771408066153526,0.15595048666000366,-0.19140437245368958,-0.15416783094406128,-0.1261339634656906,0.028123684227466583,0.12910524010658264
results/learning_rules/resnet18_cifar100/lr_resnet18_cifar100_bp_tard_20260514_001500_12797085,layer4.1.conv2,512,32768,0.03226492553949356,0.04879657179117203,0.0469948835670948,-0.003393907565623522,0.03265928477048874,0.0637708380818367,0.002102859318256378,0.08316613733768463
results/learning_rules/resnet18_cifar100/resnet18_cifar100_bp_baseline_w0p35_e100_20260515_004055_12988834,conv1,24,131072,0.03432365879416466,0.6184822916984558,0.5454021096229553,-0.6327558755874634,0.12460866570472717,0.5473032593727112,1.512591004371643,0.9114446640014648
results/learning_rules/resnet18_cifar100/resnet18_cifar100_bp_baseline_w0p35_e100_20260515_004055_12988834,layer1.0.conv1,24,131072,0.052707891911268234,0.1854640543460846,0.16016583144664764,-0.05796078220009804,0.07848814129829407,0.17946146428585052,0.22213755548000336,0.24112100899219513
results/learning_rules/resnet18_cifar100/resnet18_cifar100_bp_baseline_w0p35_e100_20260515_004055_12988834,layer1.0.conv2,24,131072,-0.011111066676676273,0.1701512485742569,0.14470313489437103,-0.1537577509880066,-0.013748455792665482,0.14721006155014038,0.13764981925487518,0.07744500786066055
results/learning_rules/resnet18_cifar100/resnet18_cifar100_bp_baseline_w0p35_e100_20260515_004055_12988834,layer1.1.conv1,24,131072,0.022893467918038368,0.1355113685131073,0.11613348126411438,-0.08266890794038773,0.010199498385190964,0.1222856268286705,0.4577263295650482,0.24218438565731049
results/learning_rules/resnet18_cifar100/resnet18_cifar100_bp_baseline_w0p35_e100_20260515_004055_12988834,layer1.1.conv2,24,131072,-0.032776668667793274,0.17035749554634094,0.1459815800189972,-0.13876420259475708,-0.057494375854730606,0.12303768843412399,0.05382807180285454,0.05329430103302002
results/learning_rules/resnet18_cifar100/resnet18_cifar100_bp_baseline_w0p35_e100_20260515_004055_12988834,layer2.0.conv1,48,131072,0.03343014046549797,0.13043667376041412,0.11159443110227585,-0.06643642485141754,0.045669037848711014,0.1338251531124115,0.8056809306144714,0.2427130937576294
results/learning_rules/resnet18_cifar100/resnet18_cifar100_bp_baseline_w0p35_e100_20260515_004055_12988834,layer2.0.conv2,48,131072,0.034282851964235306,0.14947548508644104,0.12219128757715225,-0.05378398671746254,0.014495525509119034,0.1658913791179657,0.17928099632263184,0.13585011661052704
results/learning_rules/resnet18_cifar100/resnet18_cifar100_bp_baseline_w0p35_e100_20260515_004055_12988834,layer2.0.downsample.0,48,131072,-0.010492932982742786,0.14947400987148285,0.12078259140253067,-0.08090009540319443,-0.031464796513319016,0.10193023085594177,0.11555524915456772,0.08337581902742386
results/learning_rules/resnet18_cifar100/resnet18_cifar100_bp_baseline_w0p35_e100_20260515_004055_12988834,layer2.1.conv1,48,131072,0.04282945394515991,0.18100860714912415,0.14198392629623413,-0.08496329188346863,0.01947919838130474,0.1537076234817505,0.4559342861175537,0.414218932390213
results/learning_rules/resnet18_cifar100/resnet18_cifar100_bp_baseline_w0p35_e100_20260515_004055_12988834,layer2.1.conv2,48,131072,0.010551500134170055,0.09196405112743378,0.07483340054750443,-0.05541282892227173,0.00613394845277071,0.07773457467556,0.039318475872278214,0.0625014528632164
results/learning_rules/resnet18_cifar100/resnet18_cifar100_bp_baseline_w0p35_e100_20260515_004055_12988834,layer3.0.conv1,96,131072,-0.07068901509046555,0.17754408717155457,0.1615094393491745,-0.21983717381954193,-0.08685699105262756,0.042821746319532394,0.8020052313804626,0.41193723678588867
results/learning_rules/resnet18_cifar100/resnet18_cifar100_bp_baseline_w0p35_e100_20260515_004055_12988834,layer3.0.conv2,96,131072,-0.005133423488587141,0.11426357179880142,0.09246489405632019,-0.08386953920125961,-0.0035571064800024033,0.07025909423828125,0.2726151645183563,0.3196704685688019
results/learning_rules/resnet18_cifar100/resnet18_cifar100_bp_baseline_w0p35_e100_20260515_004055_12988834,layer3.0.downsample.0,96,131072,-0.01298675686120987,0.1791079342365265,0.15153610706329346,-0.1604880541563034,0.025906004011631012,0.1349177062511444,0.11114250868558884,0.1534511148929596
results/learning_rules/resnet18_cifar100/resnet18_cifar100_bp_baseline_w0p35_e100_20260515_004055_12988834,layer3.1.conv1,96,131072,-0.013850416988134384,0.09961459785699844,0.07773412019014359,-0.07965166866779327,-0.006443495862185955,0.039996080100536346,0.43471693992614746,0.5657699108123779
results/learning_rules/resnet18_cifar100/resnet18_cifar100_bp_baseline_w0p35_e100_20260515_004055_12988834,layer3.1.conv2,96,131072,-0.09622705727815628,0.09411653131246567,0.11514980345964432,-0.15483537316322327,-0.11255049705505371,-0.04366641491651535,0.032898057252168655,0.1178920567035675
results/learning_rules/resnet18_cifar100/resnet18_cifar100_bp_baseline_w0p35_e100_20260515_004055_12988834,layer4.0.conv1,192,32768,-0.028078554198145866,0.1126939058303833,0.09239321947097778,-0.1070372685790062,-0.02861178107559681,0.041804660111665726,0.4499581754207611,0.5584325790405273
results/learning_rules/resnet18_cifar100/resnet18_cifar100_bp_baseline_w0p35_e100_20260515_004055_12988834,layer4.0.conv2,192,32768,-0.029370872303843498,0.10435909032821655,0.08661338686943054,-0.09678323566913605,-0.033559054136276245,0.038228102028369904,0.09058233350515366,0.3688511848449707
results/learning_rules/resnet18_cifar100/resnet18_cifar100_bp_baseline_w0p35_e100_20260515_004055_12988834,layer4.0.downsample.0,192,32768,-0.013382541947066784,0.1301349252462387,0.10701442509889603,-0.10574965178966522,-0.022167282178997993,0.07630590349435806,0.08568830043077469,0.2205517739057541
results/learning_rules/resnet18_cifar100/resnet18_cifar100_bp_baseline_w0p35_e100_20260515_004055_12988834,layer4.1.conv1,192,32768,-0.08154939115047455,0.08950866013765335,0.09887925535440445,-0.13625368475914001,-0.07682187855243683,-0.019978173077106476,0.2820015251636505,0.7194575667381287
results/learning_rules/resnet18_cifar100/resnet18_cifar100_bp_baseline_w0p35_e100_20260515_004055_12988834,layer4.1.conv2,192,32768,0.02111891843378544,0.07450535893440247,0.06329379975795746,-0.03267328441143036,0.01514132134616375,0.08032636344432831,0.024450251832604408,0.28514009714126587
results/learning_rules/resnet18_cifar100/resnet18_cifar100_bp_baseline_w0p35_e100_20260515_004702_12988836,conv1,24,131072,0.008270418271422386,0.6363292336463928,0.5529868602752686,-0.5354888439178467,-0.07295843958854675,0.6497858762741089,1.6482223272323608,0.8473899364471436
results/learning_rules/resnet18_cifar100/resnet18_cifar100_bp_baseline_w0p35_e100_20260515_004702_12988836,layer1.0.conv1,24,131072,-0.011943499557673931,0.15861621499061584,0.12579895555973053,-0.0813712626695633,-0.024597585201263428,0.08262085914611816,0.35207220911979675,0.2158229947090149
results/learning_rules/resnet18_cifar100/resnet18_cifar100_bp_baseline_w0p35_e100_20260515_004702_12988836,layer1.0.conv2,24,131072,-0.013190727680921555,0.07568160444498062,0.058655887842178345,-0.05187592655420303,-0.0054581961594522,0.03304757550358772,0.18242450058460236,0.08870714902877808
results/learning_rules/resnet18_cifar100/resnet18_cifar100_bp_baseline_w0p35_e100_20260515_004702_12988836,layer1.1.conv1,24,131072,0.004023643676191568,0.1345018595457077,0.11237234622240067,-0.10843166708946228,0.010024589486420155,0.09140706062316895,0.33783766627311707,0.21369923651218414
results/learning_rules/resnet18_cifar100/resnet18_cifar100_bp_baseline_w0p35_e100_20260515_004702_12988836,layer1.1.conv2,24,131072,0.0009466313640587032,0.16768142580986023,0.1365538239479065,-0.09334622323513031,0.03915582224726677,0.09822360426187515,0.04236137866973877,0.052237752825021744
results/learning_rules/resnet18_cifar100/resnet18_cifar100_bp_baseline_w0p35_e100_20260515_004702_12988836,layer2.0.conv1,48,131072,-0.015034901909530163,0.08860991895198822,0.06622752547264099,-0.05231316015124321,-0.014764776453375816,0.028322262689471245,0.7039833068847656,0.21513843536376953
results/learning_rules/resnet18_cifar100/resnet18_cifar100_bp_baseline_w0p35_e100_20260515_004702_12988836,layer2.0.conv2,48,131072,0.06115860864520073,0.10517183691263199,0.1023484393954277,-0.008535029366612434,0.07525502145290375,0.14048932492733002,0.18648195266723633,0.12317442148923874
results/learning_rules/resnet18_cifar100/resnet18_cifar100_bp_baseline_w0p35_e100_20260515_004702_12988836,layer2.0.downsample.0,48,131072,-0.0007389963138848543,0.14205771684646606,0.11181554943323135,-0.0846610963344574,-0.030558405444025993,0.08459974080324173,0.08240599185228348,0.0776030421257019
results/learning_rules/resnet18_cifar100/resnet18_cifar100_bp_baseline_w0p35_e100_20260515_004702_12988836,layer2.1.conv1,48,131072,0.029548659920692444,0.14931580424308777,0.12504804134368896,-0.07747534662485123,0.030623143538832664,0.1460886001586914,0.46702900528907776,0.3845526874065399
results/learning_rules/resnet18_cifar100/resnet18_cifar100_bp_baseline_w0p35_e100_20260515_004702_12988836,layer2.1.conv2,48,131072,-0.024887705221772194,0.08641810715198517,0.07038649171590805,-0.07910843193531036,-0.017779402434825897,0.03243381157517433,0.053825464099645615,0.0693221315741539
results/learning_rules/resnet18_cifar100/resnet18_cifar100_bp_baseline_w0p35_e100_20260515_004702_12988836,layer3.0.conv1,96,131072,-0.05426722764968872,0.14074914157390594,0.12327593564987183,-0.14936883747577667,-0.05823676288127899,0.033891867846250534,0.8002458214759827,0.419202595949173
results/learning_rules/resnet18_cifar100/resnet18_cifar100_bp_baseline_w0p35_e100_20260515_004702_12988836,layer3.0.conv2,96,131072,-0.035522859543561935,0.11295928061008453,0.10214763134717941,-0.11092113703489304,-0.06481590867042542,0.04163467884063721,0.2554442882537842,0.30695411562919617
results/learning_rules/resnet18_cifar100/resnet18_cifar100_bp_baseline_w0p35_e100_20260515_004702_12988836,layer3.0.downsample.0,96,131072,-0.01722400076687336,0.14646956324577332,0.12209001928567886,-0.122707799077034,-0.02631295472383499,0.08390377461910248,0.11775984615087509,0.15867571532726288
results/learning_rules/resnet18_cifar100/resnet18_cifar100_bp_baseline_w0p35_e100_20260515_004702_12988836,layer3.1.conv1,96,131072,-0.00746561074629426,0.09009179472923279,0.06797280162572861,-0.05363773554563522,-0.0008372863521799445,0.04205658286809921,0.42738962173461914,0.539508581161499
results/learning_rules/resnet18_cifar100/resnet18_cifar100_bp_baseline_w0p35_e100_20260515_004702_12988836,layer3.1.conv2,96,131072,-0.06534828245639801,0.07945511490106583,0.08735183626413345,-0.12749403715133667,-0.0691143125295639,-0.0037776222452521324,0.03006657399237156,0.1138618215918541
results/learning_rules/resnet18_cifar100/resnet18_cifar100_bp_baseline_w0p35_e100_20260515_004702_12988836,layer4.0.conv1,192,32768,-0.017286622896790504,0.09151621162891388,0.07572994381189346,-0.08134659379720688,-0.011179077439010143,0.05029359832406044,0.4977509677410126,0.5681808590888977
results/learning_rules/resnet18_cifar100/resnet18_cifar100_bp_baseline_w0p35_e100_20260515_004702_12988836,layer4.0.conv2,192,32768,-0.025584029033780098,0.09816023707389832,0.0815376415848732,-0.095738984644413,-0.02567625790834427,0.030943768098950386,0.09255998581647873,0.35689210891723633
results/learning_rules/resnet18_cifar100/resnet18_cifar100_bp_baseline_w0p35_e100_20260515_004702_12988836,layer4.0.downsample.0,192,32768,-0.0010193822672590613,0.12223315238952637,0.10535170882940292,-0.10138551890850067,-0.0004730841610580683,0.1041923314332962,0.0943356528878212,0.22139693796634674
results/learning_rules/resnet18_cifar100/resnet18_cifar100_bp_baseline_w0p35_e100_20260515_004702_12988836,layer4.1.conv1,192,32768,-0.04635515436530113,0.0779157355427742,0.07156086713075638,-0.10773304849863052,-0.03978295996785164,0.0009297861834056675,0.273078054189682,0.6800580024719238
results/learning_rules/resnet18_cifar100/resnet18_cifar100_bp_baseline_w0p35_e100_20260515_004702_12988836,layer4.1.conv2,192,32768,0.021653221920132637,0.07744268327951431,0.06614986062049866,-0.03204436972737312,0.023436468094587326,0.07522803544998169,0.025241626426577568,0.3219301998615265
results/learning_rules/resnet18_cifar100/resnet18_cifar100_bp_baseline_w0p35_lam0p3_e100_20260515_163735_13121603,conv1,24,131072,-0.15389306843280792,0.6159169673919678,0.5405657887458801,-0.8208588361740112,-0.05593344196677208,0.22167016565799713,1.5643686056137085,0.8669570088386536
results/learning_rules/resnet18_cifar100/resnet18_cifar100_bp_baseline_w0p35_lam0p3_e100_20260515_163735_13121603,layer1.0.conv1,24,131072,-0.0005784655804745853,0.19368267059326172,0.1592877060174942,-0.13521575927734375,0.020172100514173508,0.1017182320356369,0.28047940135002136,0.20835477113723755
results/learning_rules/resnet18_cifar100/resnet18_cifar100_bp_baseline_w0p35_lam0p3_e100_20260515_163735_13121603,layer1.0.conv2,24,131072,0.0049114953726530075,0.11073637753725052,0.087950199842453,-0.06851770728826523,-0.010830728337168694,0.0831567645072937,0.1789560168981552,0.0864984318614006
results/learning_rules/resnet18_cifar100/resnet18_cifar100_bp_baseline_w0p35_lam0p3_e100_20260515_163735_13121603,layer1.1.conv1,24,131072,-0.0037382792215794325,0.14186586439609528,0.12665076553821564,-0.1099695935845375,0.01995668187737465,0.13881927728652954,0.46185311675071716,0.22971880435943604
results/learning_rules/resnet18_cifar100/resnet18_cifar100_bp_baseline_w0p35_lam0p3_e100_20260515_163735_13121603,layer1.1.conv2,24,131072,0.020765656605362892,0.09161214530467987,0.07018183171749115,-0.04415290802717209,0.010384658351540565,0.05685827136039734,0.029618455097079277,0.0343920961022377
results/learning_rules/resnet18_cifar100/resnet18_cifar100_bp_baseline_w0p35_lam0p3_e100_20260515_163735_13121603,layer2.0.conv1,48,131072,0.027420634403824806,0.1278926134109497,0.10721230506896973,-0.06497244536876678,0.029214976355433464,0.11216963827610016,0.7357489466667175,0.249222531914711
results/learning_rules/resnet18_cifar100/resnet18_cifar100_bp_baseline_w0p35_lam0p3_e100_20260515_163735_13121603,layer2.0.conv2,48,131072,-0.019971998408436775,0.14641965925693512,0.12119084596633911,-0.10374429076910019,-0.04279589653015137,0.08618549257516861,0.18449360132217407,0.18852148950099945
results/learning_rules/resnet18_cifar100/resnet18_cifar100_bp_baseline_w0p35_lam0p3_e100_20260515_163735_13121603,layer2.0.downsample.0,48,131072,0.019077081233263016,0.13074786961078644,0.10010658949613571,-0.05440736562013626,0.03433578088879585,0.098951555788517,0.10462478548288345,0.09015318751335144
results/learning_rules/resnet18_cifar100/resnet18_cifar100_bp_baseline_w0p35_lam0p3_e100_20260515_163735_13121603,layer2.1.conv1,48,131072,0.015682516619563103,0.13925063610076904,0.11366888880729675,-0.09079090505838394,-0.015438288450241089,0.11185159534215927,0.4526686370372772,0.4434289038181305
results/learning_rules/resnet18_cifar100/resnet18_cifar100_bp_baseline_w0p35_lam0p3_e100_20260515_163735_13121603,layer2.1.conv2,48,131072,-0.06281504780054092,0.11542906612157822,0.1078416034579277,-0.13767428696155548,-0.07646149396896362,0.022339990362524986,0.044377535581588745,0.10326937586069107
results/learning_rules/resnet18_cifar100/resnet18_cifar100_bp_baseline_w0p35_lam0p3_e100_20260515_163735_13121603,layer3.0.conv1,96,131072,-0.05493243411183357,0.16365553438663483,0.14306268095970154,-0.19538091123104095,-0.05312664434313774,0.052834391593933105,0.7451993823051453,0.4219173192977905
results/learning_rules/resnet18_cifar100/resnet18_cifar100_bp_baseline_w0p35_lam0p3_e100_20260515_163735_13121603,layer3.0.conv2,96,131072,-0.02775726653635502,0.13674049079418182,0.11628509312868118,-0.1372990608215332,-0.013285149820148945,0.07945958524942398,0.24799059331417084,0.32665756344795227
results/learning_rules/resnet18_cifar100/resnet18_cifar100_bp_baseline_w0p35_lam0p3_e100_20260515_163735_13121603,layer3.0.downsample.0,96,131072,0.017087168991565704,0.16546015441417694,0.1407410055398941,-0.11927074193954468,-0.01037004217505455,0.15999941527843475,0.10803646594285965,0.15917326509952545
results/learning_rules/resnet18_cifar100/resnet18_cifar100_bp_baseline_w0p35_lam0p3_e100_20260515_163735_13121603,layer3.1.conv1,96,131072,-0.018550798296928406,0.09750828891992569,0.08092273026704788,-0.08345603197813034,-0.021186523139476776,0.04791828617453575,0.42450764775276184,0.5899609923362732
results/learning_rules/resnet18_cifar100/resnet18_cifar100_bp_baseline_w0p35_lam0p3_e100_20260515_163735_13121603,layer3.1.conv2,96,131072,-0.08968784660100937,0.08894103765487671,0.10914330929517746,-0.15152916312217712,-0.10533663630485535,-0.03201242908835411,0.03127029910683632,0.12240010499954224
results/learning_rules/resnet18_cifar100/resnet18_cifar100_bp_baseline_w0p35_lam0p3_e100_20260515_163735_13121603,layer4.0.conv1,192,32768,-0.03012293018400669,0.11246650665998459,0.09433227777481079,-0.10466816276311874,-0.03501021862030029,0.042365897446870804,0.4721775949001312,0.5918736457824707
results/learning_rules/resnet18_cifar100/resnet18_cifar100_bp_baseline_w0p35_lam0p3_e100_20260515_163735_13121603,layer4.0.conv2,192,32768,-0.015726814046502113,0.08306942135095596,0.0661788061261177,-0.07112295925617218,-0.01370189804583788,0.042505212128162384,0.0878351628780365,0.3424972593784332
results/learning_rules/resnet18_cifar100/resnet18_cifar100_bp_baseline_w0p35_lam0p3_e100_20260515_163735_13121603,layer4.0.downsample.0,192,32768,-0.024165978655219078,0.13267934322357178,0.11255285143852234,-0.13269981741905212,-0.020191725343465805,0.09338393062353134,0.0889408215880394,0.23624826967716217
results/learning_rules/resnet18_cifar100/resnet18_cifar100_bp_baseline_w0p35_lam0p3_e100_20260515_163735_13121603,layer4.1.conv1,192,32768,-0.056528106331825256,0.07719162851572037,0.0770169273018837,-0.10938812792301178,-0.05056360363960266,-0.008580774068832397,0.2826858460903168,0.668704092502594
results/learning_rules/resnet18_cifar100/resnet18_cifar100_bp_baseline_w0p35_lam0p3_e100_20260515_163735_13121603,layer4.1.conv2,192,32768,0.021380430087447166,0.07218718528747559,0.06306737661361694,-0.03674822673201561,0.025097189471125603,0.07471707463264465,0.025075672194361687,0.299324095249176
results/learning_rules/resnet18_cifar100/resnet18_cifar100_bp_baseline_w0p35_lam0p3_e100_20260515_165525_13121604,conv1,24,131072,-0.0012130761751905084,0.6281806826591492,0.550224244594574,-0.679882287979126,0.10341955721378326,0.6392873525619507,1.5439563989639282,0.8614569306373596
results/learning_rules/resnet18_cifar100/resnet18_cifar100_bp_baseline_w0p35_lam0p3_e100_20260515_165525_13121604,layer1.0.conv1,24,131072,0.0006115436553955078,0.1636473834514618,0.13108175992965698,-0.15286244451999664,0.01127590797841549,0.10481905192136765,0.24402360618114471,0.21635617315769196
results/learning_rules/resnet18_cifar100/resnet18_cifar100_bp_baseline_w0p35_lam0p3_e100_20260515_165525_13121604,layer1.0.conv2,24,131072,-0.032645922154188156,0.0839146077632904,0.0676916167140007,-0.08268514275550842,-0.01485955249518156,0.015398765914142132,0.19700343906879425,0.0820346400141716
results/learning_rules/resnet18_cifar100/resnet18_cifar100_bp_baseline_w0p35_lam0p3_e100_20260515_165525_13121604,layer1.1.conv1,24,131072,-0.008207716047763824,0.14398245513439178,0.11120778322219849,-0.08089274168014526,0.028418533504009247,0.05846081301569939,0.46439048647880554,0.21926195919513702
results/learning_rules/resnet18_cifar100/resnet18_cifar100_bp_baseline_w0p35_lam0p3_e100_20260515_165525_13121604,layer1.1.conv2,24,131072,0.004290989134460688,0.12708570063114166,0.1085212305188179,-0.08731064945459366,0.002819562330842018,0.10980640351772308,0.017270222306251526,0.03868023678660393
results/learning_rules/resnet18_cifar100/resnet18_cifar100_bp_baseline_w0p35_lam0p3_e100_20260515_165525_13121604,layer2.0.conv1,48,131072,-0.01658453792333603,0.15070602297782898,0.11760058999061584,-0.11716233938932419,-0.008471045643091202,0.05100386589765549,0.6868913769721985,0.22325503826141357
results/learning_rules/resnet18_cifar100/resnet18_cifar100_bp_baseline_w0p35_lam0p3_e100_20260515_165525_13121604,layer2.0.conv2,48,131072,0.009929428808391094,0.1671665608882904,0.13523852825164795,-0.10254465788602829,0.018342938274145126,0.1446399688720703,0.2009410262107849,0.17806099355220795
results/learning_rules/resnet18_cifar100/resnet18_cifar100_bp_baseline_w0p35_lam0p3_e100_20260515_165525_13121604,layer2.0.downsample.0,48,131072,0.0170139092952013,0.12103399634361267,0.09992564469575882,-0.0788627415895462,0.010613744147121906,0.1075204461812973,0.10031843185424805,0.08164498209953308
results/learning_rules/resnet18_cifar100/resnet18_cifar100_bp_baseline_w0p35_lam0p3_e100_20260515_165525_13121604,layer2.1.conv1,48,131072,0.03783908858895302,0.1823177933692932,0.15637899935245514,-0.1124693751335144,0.016903378069400787,0.1930440217256546,0.4726998805999756,0.4490870535373688
results/learning_rules/resnet18_cifar100/resnet18_cifar100_bp_baseline_w0p35_lam0p3_e100_20260515_165525_13121604,layer2.1.conv2,48,131072,-0.09170156717300415,0.11966141313314438,0.12718206644058228,-0.1644667088985443,-0.11306189000606537,-0.025445228442549706,0.0536448173224926,0.102155901491642
results/learning_rules/resnet18_cifar100/resnet18_cifar100_bp_baseline_w0p35_lam0p3_e100_20260515_165525_13121604,layer3.0.conv1,96,131072,-0.04955603554844856,0.16759240627288818,0.1467895358800888,-0.1786406934261322,-0.07408396899700165,0.06480298936367035,0.7977566719055176,0.4457411766052246
results/learning_rules/resnet18_cifar100/resnet18_cifar100_bp_baseline_w0p35_lam0p3_e100_20260515_165525_13121604,layer3.0.conv2,96,131072,-0.0355583056807518,0.1343972235918045,0.11193692684173584,-0.1304245889186859,-0.03519318252801895,0.053470730781555176,0.24612951278686523,0.32218724489212036
results/learning_rules/resnet18_cifar100/resnet18_cifar100_bp_baseline_w0p35_lam0p3_e100_20260515_165525_13121604,layer3.0.downsample.0,96,131072,-0.008806563913822174,0.1762630045413971,0.15320570766925812,-0.1464105099439621,-0.00501285120844841,0.12559399008750916,0.11609655618667603,0.17223002016544342
results/learning_rules/resnet18_cifar100/resnet18_cifar100_bp_baseline_w0p35_lam0p3_e100_20260515_165525_13121604,layer3.1.conv1,96,131072,-0.012430191040039062,0.10683329403400421,0.08470984548330307,-0.07626446336507797,-0.0010263043222948909,0.05711294338107109,0.4418579638004303,0.5668776035308838
results/learning_rules/resnet18_cifar100/resnet18_cifar100_bp_baseline_w0p35_lam0p3_e100_20260515_165525_13121604,layer3.1.conv2,96,131072,-0.09162440150976181,0.09896466881036758,0.11522850394248962,-0.15972110629081726,-0.10237117856740952,-0.038120344281196594,0.02946867048740387,0.11408588290214539
results/learning_rules/resnet18_cifar100/resnet18_cifar100_bp_baseline_w0p35_lam0p3_e100_20260515_165525_13121604,layer4.0.conv1,192,32768,-0.022786200046539307,0.1277499496936798,0.10613638907670975,-0.11625589430332184,-0.035886555910110474,0.06919851899147034,0.48248299956321716,0.5903007388114929
results/learning_rules/resnet18_cifar100/resnet18_cifar100_bp_baseline_w0p35_lam0p3_e100_20260515_165525_13121604,layer4.0.conv2,192,32768,-0.014131220988929272,0.08572929352521896,0.06852856278419495,-0.07902948558330536,-0.00832931138575077,0.042908474802970886,0.09167476743459702,0.32755258679389954
results/learning_rules/resnet18_cifar100/resnet18_cifar100_bp_baseline_w0p35_lam0p3_e100_20260515_165525_13121604,layer4.0.downsample.0,192,32768,-0.041848987340927124,0.1537409871816635,0.13627514243125916,-0.16503004729747772,-0.055048272013664246,0.09291503578424454,0.09554935246706009,0.2310844212770462
results/learning_rules/resnet18_cifar100/resnet18_cifar100_bp_baseline_w0p35_lam0p3_e100_20260515_165525_13121604,layer4.1.conv1,192,32768,-0.05895521864295006,0.0831717848777771,0.08304554224014282,-0.1154480129480362,-0.05986981838941574,-0.005005147308111191,0.2722587585449219,0.6535264849662781
results/learning_rules/resnet18_cifar100/resnet18_cifar100_bp_baseline_w0p35_lam0p3_e100_20260515_165525_13121604,layer4.1.conv2,192,32768,0.024526109918951988,0.07774005830287933,0.06636536866426468,-0.032441332936286926,0.019055455923080444,0.08444690704345703,0.024058930575847626,0.28186067938804626
results/learning_rules/resnet18_cifar100/resnet18_cifar100_bp_baseline_w0p35_lam0p3_e100_20260515_165620_13121605,conv1,24,131072,-0.0880131945014,0.6369413137435913,0.5724175572395325,-0.760240375995636,-0.07584349811077118,0.4199666380882263,1.585990071296692,0.8013665676116943
results/learning_rules/resnet18_cifar100/resnet18_cifar100_bp_baseline_w0p35_lam0p3_e100_20260515_165620_13121605,layer1.0.conv1,24,131072,0.021232804283499718,0.16025777161121368,0.13429775834083557,-0.10140471160411835,-0.005703361704945564,0.16066879034042358,0.27895715832710266,0.23169948160648346
results/learning_rules/resnet18_cifar100/resnet18_cifar100_bp_baseline_w0p35_lam0p3_e100_20260515_165620_13121605,layer1.0.conv2,24,131072,0.04770630598068237,0.10184556245803833,0.08687523752450943,-0.02565118297934532,0.04027972370386124,0.10385999083518982,0.19405411183834076,0.10823940485715866
results/learning_rules/resnet18_cifar100/resnet18_cifar100_bp_baseline_w0p35_lam0p3_e100_20260515_165620_13121605,layer1.1.conv1,24,131072,-0.03840912505984306,0.18262320756912231,0.16628645360469818,-0.20030632615089417,-0.07883631438016891,0.12372968345880508,0.41575613617897034,0.2372829169034958
results/learning_rules/resnet18_cifar100/resnet18_cifar100_bp_baseline_w0p35_lam0p3_e100_20260515_165620_13121605,layer1.1.conv2,24,131072,0.0060973078943789005,0.20926527678966522,0.18635255098342896,-0.20912030339241028,-0.04914936423301697,0.22215434908866882,0.02492172084748745,0.03984427452087402
results/learning_rules/resnet18_cifar100/resnet18_cifar100_bp_baseline_w0p35_lam0p3_e100_20260515_165620_13121605,layer2.0.conv1,48,131072,-0.01455853134393692,0.1401108354330063,0.118296317756176,-0.10722839832305908,-0.038999252021312714,0.07628818601369858,0.8312845230102539,0.2280436009168625
results/learning_rules/resnet18_cifar100/resnet18_cifar100_bp_baseline_w0p35_lam0p3_e100_20260515_165620_13121605,layer2.0.conv2,48,131072,0.058139700442552567,0.16315436363220215,0.14335507154464722,-0.05518914759159088,0.0634201169013977,0.18739500641822815,0.19225044548511505,0.11299388855695724
results/learning_rules/resnet18_cifar100/resnet18_cifar100_bp_baseline_w0p35_lam0p3_e100_20260515_165620_13121605,layer2.0.downsample.0,48,131072,0.00039957635453902185,0.14485450088977814,0.11265750974416733,-0.11254429817199707,0.009680229239165783,0.09427160024642944,0.09876883029937744,0.08108756691217422
results/learning_rules/resnet18_cifar100/resnet18_cifar100_bp_baseline_w0p35_lam0p3_e100_20260515_165620_13121605,layer2.1.conv1,48,131072,0.04281773790717125,0.1810670793056488,0.15421085059642792,-0.08480602502822876,0.040589313954114914,0.18850760161876678,0.4850815236568451,0.3776465356349945
results/learning_rules/resnet18_cifar100/resnet18_cifar100_bp_baseline_w0p35_lam0p3_e100_20260515_165620_13121605,layer2.1.conv2,48,131072,-0.03598206117749214,0.09504963457584381,0.08598128706216812,-0.1073741465806961,-0.0438823327422142,0.019438790157437325,0.056866031140089035,0.0752577930688858
results/learning_rules/resnet18_cifar100/resnet18_cifar100_bp_baseline_w0p35_lam0p3_e100_20260515_165620_13121605,layer3.0.conv1,96,131072,-0.0614410825073719,0.1814996898174286,0.16453735530376434,-0.19825983047485352,-0.10512286424636841,0.06808583438396454,0.803981363773346,0.4223538935184479
results/learning_rules/resnet18_cifar100/resnet18_cifar100_bp_baseline_w0p35_lam0p3_e100_20260515_165620_13121605,layer3.0.conv2,96,131072,-0.04791189357638359,0.14943084120750427,0.12645496428012848,-0.13951103389263153,-0.05173990875482559,0.037072066217660904,0.23377536237239838,0.3038271367549896
results/learning_rules/resnet18_cifar100/resnet18_cifar100_bp_baseline_w0p35_lam0p3_e100_20260515_165620_13121605,layer3.0.downsample.0,96,131072,-0.0033640351612120867,0.20428909361362457,0.17042897641658783,-0.13996392488479614,-0.02309597283601761,0.1512434333562851,0.11182726174592972,0.1597694754600525
results/learning_rules/resnet18_cifar100/resnet18_cifar100_bp_baseline_w0p35_lam0p3_e100_20260515_165620_13121605,layer3.1.conv1,96,131072,-0.01934679038822651,0.1050577387213707,0.08356738835573196,-0.08082888275384903,-0.020874669775366783,0.04893069714307785,0.4412395656108856,0.5187047719955444
results/learning_rules/resnet18_cifar100/resnet18_cifar100_bp_baseline_w0p35_lam0p3_e100_20260515_165620_13121605,layer3.1.conv2,96,131072,-0.1197337731719017,0.10275929421186447,0.1370972841978073,-0.1902974247932434,-0.12637540698051453,-0.06553871929645538,0.03021795116364956,0.11739575862884521
results/learning_rules/resnet18_cifar100/resnet18_cifar100_bp_baseline_w0p35_lam0p3_e100_20260515_165620_13121605,layer4.0.conv1,192,32768,-0.03207951411604881,0.11850063502788544,0.09953266382217407,-0.1203106939792633,-0.042013272643089294,0.04021289944648743,0.45825862884521484,0.5399304032325745
results/learning_rules/resnet18_cifar100/resnet18_cifar100_bp_baseline_w0p35_lam0p3_e100_20260515_165620_13121605,layer4.0.conv2,192,32768,-0.029692769050598145,0.10271865874528885,0.09121189266443253,-0.1041046679019928,-0.04832615703344345,0.04092597961425781,0.08766720443964005,0.323058158159256
results/learning_rules/resnet18_cifar100/resnet18_cifar100_bp_baseline_w0p35_lam0p3_e100_20260515_165620_13121605,layer4.0.downsample.0,192,32768,-0.02857193350791931,0.14720773696899414,0.1262020319700241,-0.1435968577861786,-0.0395238921046257,0.08368774503469467,0.09382977336645126,0.21445254981517792
results/learning_rules/resnet18_cifar100/resnet18_cifar100_bp_baseline_w0p35_lam0p3_e100_20260515_165620_13121605,layer4.1.conv1,192,32768,-0.08730720728635788,0.08145079016685486,0.10111431032419205,-0.151582732796669,-0.09493669867515564,-0.031626034528017044,0.2529352605342865,0.630774199962616
results/learning_rules/resnet18_cifar100/resnet18_cifar100_bp_baseline_w0p35_lam0p3_e100_20260515_165620_13121605,layer4.1.conv2,192,32768,0.025239260867238045,0.0655093565583229,0.0559363029897213,-0.021322550252079964,0.024362526834011078,0.06352173537015915,0.024654574692249298,0.27881303429603577
results/learning_rules/resnet18_cifar100/resnet18_cifar100_bp_baseline_w0p5_e100_20260515_002850_12988797,conv1,32,131072,-0.07121777534484863,0.6072855591773987,0.5339170694351196,-0.7373201847076416,0.0003105439245700836,0.3920630216598511,1.371067762374878,0.683497428894043
results/learning_rules/resnet18_cifar100/resnet18_cifar100_bp_baseline_w0p5_e100_20260515_002850_12988797,layer1.0.conv1,32,131072,-0.03422164544463158,0.22711780667304993,0.19153061509132385,-0.17973461747169495,-0.05661274120211601,0.12850777804851532,0.19657471776008606,0.21377652883529663
results/learning_rules/resnet18_cifar100/resnet18_cifar100_bp_baseline_w0p5_e100_20260515_002850_12988797,layer1.0.conv2,32,131072,0.03417915478348732,0.09943097084760666,0.09435860812664032,-0.058051787316799164,0.05376967042684555,0.12389478087425232,0.11798107624053955,0.10996339470148087
results/learning_rules/resnet18_cifar100/resnet18_cifar100_bp_baseline_w0p5_e100_20260515_002850_12988797,layer1.1.conv1,32,131072,0.0016820640303194523,0.12046392261981964,0.10144511610269547,-0.0969213992357254,0.005207341630011797,0.10854530334472656,0.4869444668292999,0.1828649938106537
results/learning_rules/resnet18_cifar100/resnet18_cifar100_bp_baseline_w0p5_e100_20260515_002850_12988797,layer1.1.conv2,32,131072,0.05235337093472481,0.13232386112213135,0.1074260026216507,-0.005101045593619347,0.04358327388763428,0.13883580267429352,0.06644073128700256,0.05663078650832176
results/learning_rules/resnet18_cifar100/resnet18_cifar100_bp_baseline_w0p5_e100_20260515_002850_12988797,layer2.0.conv1,64,131072,-0.00682927155867219,0.14738012850284576,0.12075440585613251,-0.12241077423095703,0.0013778102584183216,0.0949411690235138,0.5025374293327332,0.22530871629714966
results/learning_rules/resnet18_cifar100/resnet18_cifar100_bp_baseline_w0p5_e100_20260515_002850_12988797,layer2.0.conv2,64,131072,0.023998325690627098,0.12567810714244843,0.10708743333816528,-0.07740078121423721,0.024590149521827698,0.11929133534431458,0.1236736923456192,0.1114359125494957
results/learning_rules/resnet18_cifar100/resnet18_cifar100_bp_baseline_w0p5_e100_20260515_002850_12988797,layer2.0.downsample.0,64,131072,-0.01137914601713419,0.15991352498531342,0.13108818233013153,-0.14373600482940674,-0.01222006045281887,0.10503111779689789,0.07582147419452667,0.07851401716470718
results/learning_rules/resnet18_cifar100/resnet18_cifar100_bp_baseline_w0p5_e100_20260515_002850_12988797,layer2.1.conv1,64,131072,0.06488404422998428,0.16805534064769745,0.15050320327281952,-0.08295293152332306,0.07501716911792755,0.19561916589736938,0.36512377858161926,0.33496129512786865
results/learning_rules/resnet18_cifar100/resnet18_cifar100_bp_baseline_w0p5_e100_20260515_002850_12988797,layer2.1.conv2,64,131072,-0.10202527046203613,0.17111928761005402,0.16800931096076965,-0.2213069349527359,-0.1317983865737915,0.052623555064201355,0.03023264743387699,0.06915916502475739
results/learning_rules/resnet18_cifar100/resnet18_cifar100_bp_baseline_w0p5_e100_20260515_002850_12988797,layer3.0.conv1,128,131072,-0.05240172520279884,0.15897239744663239,0.13795985281467438,-0.17565375566482544,-0.05613720044493675,0.05835120379924774,0.5946523547172546,0.325462281703949
results/learning_rules/resnet18_cifar100/resnet18_cifar100_bp_baseline_w0p5_e100_20260515_002850_12988797,layer3.0.conv2,128,131072,-0.020857777446508408,0.11258050799369812,0.09200043976306915,-0.10015121102333069,-0.023814303800463676,0.04824847728013992,0.19455887377262115,0.2501853108406067
results/learning_rules/resnet18_cifar100/resnet18_cifar100_bp_baseline_w0p5_e100_20260515_002850_12988797,layer3.0.downsample.0,128,131072,5.058944225311279e-06,0.1644653081893921,0.13203126192092896,-0.10590803623199463,-0.01916343718767166,0.0970899760723114,0.08141668885946274,0.12429516762495041
results/learning_rules/resnet18_cifar100/resnet18_cifar100_bp_baseline_w0p5_e100_20260515_002850_12988797,layer3.1.conv1,128,131072,0.0020929849706590176,0.08742648363113403,0.07018011808395386,-0.0549435131251812,0.013042028993368149,0.0672525018453598,0.32772940397262573,0.4538135230541229
results/learning_rules/resnet18_cifar100/resnet18_cifar100_bp_baseline_w0p5_e100_20260515_002850_12988797,layer3.1.conv2,128,131072,-0.0835845023393631,0.08225153386592865,0.10217216610908508,-0.1389482170343399,-0.09759365022182465,-0.044498227536678314,0.022335415706038475,0.10253016650676727
results/learning_rules/resnet18_cifar100/resnet18_cifar100_bp_baseline_w0p5_e100_20260515_002850_12988797,layer4.0.conv1,256,32768,-0.018180517479777336,0.09173983335494995,0.07633570581674576,-0.080699622631073,-0.024063333868980408,0.041408225893974304,0.3338621258735657,0.4324692487716675
results/learning_rules/resnet18_cifar100/resnet18_cifar100_bp_baseline_w0p5_e100_20260515_002850_12988797,layer4.0.conv2,256,32768,-0.026211224496364594,0.07657128572463989,0.06593060493469238,-0.08113132417201996,-0.027422655373811722,0.030624480918049812,0.062210146337747574,0.263231486082077
results/learning_rules/resnet18_cifar100/resnet18_cifar100_bp_baseline_w0p5_e100_20260515_002850_12988797,layer4.0.downsample.0,256,32768,-0.015320472419261932,0.10915224999189377,0.0904412791132927,-0.09708916395902634,-0.01814867928624153,0.0594300702214241,0.06474979221820831,0.1707899570465088
results/learning_rules/resnet18_cifar100/resnet18_cifar100_bp_baseline_w0p5_e100_20260515_002850_12988797,layer4.1.conv1,256,32768,-0.07236004620790482,0.07067357748746872,0.08398061990737915,-0.11801817268133163,-0.07148618996143341,-0.027094371616840363,0.1663600355386734,0.4863435626029968
results/learning_rules/resnet18_cifar100/resnet18_cifar100_bp_baseline_w0p5_e100_20260515_002850_12988797,layer4.1.conv2,256,32768,0.008555827662348747,0.0745265856385231,0.06048741191625595,-0.042793646454811096,-0.002427176106721163,0.0671241506934166,0.016219235956668854,0.24681517481803894
results/learning_rules/resnet18_cifar100/resnet18_cifar100_bp_baseline_w0p5_e100_20260515_002928_12988811,conv1,32,131072,-0.07926077395677567,0.6492469310760498,0.5651168823242188,-0.7872569561004639,-0.029637187719345093,0.5322378277778625,1.189670205116272,0.5894012451171875
results/learning_rules/resnet18_cifar100/resnet18_cifar100_bp_baseline_w0p5_e100_20260515_002928_12988811,layer1.0.conv1,32,131072,-0.02280941791832447,0.18263886868953705,0.15224206447601318,-0.13664434850215912,-0.022442150861024857,0.12928138673305511,0.21624156832695007,0.14674846827983856
results/learning_rules/resnet18_cifar100/resnet18_cifar100_bp_baseline_w0p5_e100_20260515_002928_12988811,layer1.0.conv2,32,131072,0.013911264017224312,0.11816219240427017,0.09186597168445587,-0.06196638569235802,-0.0022936523891985416,0.06616395711898804,0.14990022778511047,0.10448092967271805
results/learning_rules/resnet18_cifar100/resnet18_cifar100_bp_baseline_w0p5_e100_20260515_002928_12988811,layer1.1.conv1,32,131072,-0.014144247397780418,0.11809833347797394,0.0889577865600586,-0.06575585901737213,-0.002765851793810725,0.07137954980134964,0.33097153902053833,0.1551065444946289
results/learning_rules/resnet18_cifar100/resnet18_cifar100_bp_baseline_w0p5_e100_20260515_002928_12988811,layer1.1.conv2,32,131072,0.009839176200330257,0.10687413066625595,0.08781417459249496,-0.07794174551963806,0.018003828823566437,0.08744966238737106,0.0229928158223629,0.03116074949502945
results/learning_rules/resnet18_cifar100/resnet18_cifar100_bp_baseline_w0p5_e100_20260515_002928_12988811,layer2.0.conv1,64,131072,-0.008056510239839554,0.11435411125421524,0.08908923715353012,-0.07645487040281296,-0.008778482675552368,0.05839460343122482,0.4427783191204071,0.15578250586986542
results/learning_rules/resnet18_cifar100/resnet18_cifar100_bp_baseline_w0p5_e100_20260515_002928_12988811,layer2.0.conv2,64,131072,0.020569678395986557,0.17574025690555573,0.15002137422561646,-0.11095581948757172,0.02815430238842964,0.15413953363895416,0.1507212370634079,0.11166805773973465
results/learning_rules/resnet18_cifar100/resnet18_cifar100_bp_baseline_w0p5_e100_20260515_002928_12988811,layer2.0.downsample.0,64,131072,-0.027682039886713028,0.15242141485214233,0.12231804430484772,-0.11997635662555695,-0.046400319784879684,0.04673656448721886,0.05974063649773598,0.05507729575037956
results/learning_rules/resnet18_cifar100/resnet18_cifar100_bp_baseline_w0p5_e100_20260515_002928_12988811,layer2.1.conv1,64,131072,0.09194488823413849,0.1392907053232193,0.13122054934501648,-0.0012728264555335045,0.08138389885425568,0.1792551428079605,0.36414510011672974,0.2988269031047821
results/learning_rules/resnet18_cifar100/resnet18_cifar100_bp_baseline_w0p5_e100_20260515_002928_12988811,layer2.1.conv2,64,131072,-0.08649513125419617,0.1076672300696373,0.11659543216228485,-0.1672152429819107,-0.10603900253772736,-0.009083228185772896,0.034969888627529144,0.06677298247814178
results/learning_rules/resnet18_cifar100/resnet18_cifar100_bp_baseline_w0p5_e100_20260515_002928_12988811,layer3.0.conv1,128,131072,-0.04787925258278847,0.15112806856632233,0.13271981477737427,-0.16669492423534393,-0.06135758012533188,0.06651218980550766,0.564193606376648,0.3085063695907593
results/learning_rules/resnet18_cifar100/resnet18_cifar100_bp_baseline_w0p5_e100_20260515_002928_12988811,layer3.0.conv2,128,131072,-0.024073228240013123,0.11877696216106415,0.09767401218414307,-0.11132596433162689,-0.01810138113796711,0.06974354386329651,0.1810382604598999,0.238347128033638
results/learning_rules/resnet18_cifar100/resnet18_cifar100_bp_baseline_w0p5_e100_20260515_002928_12988811,layer3.0.downsample.0,128,131072,-0.011897528544068336,0.16444836556911469,0.14073006808757782,-0.13083890080451965,-0.010179493576288223,0.1257888674736023,0.08240966498851776,0.1187933087348938
results/learning_rules/resnet18_cifar100/resnet18_cifar100_bp_baseline_w0p5_e100_20260515_002928_12988811,layer3.1.conv1,128,131072,0.006067211739718914,0.07643379271030426,0.06272577494382858,-0.05007337033748627,0.007934973575174809,0.06109866872429848,0.33549004793167114,0.42191600799560547
results/learning_rules/resnet18_cifar100/resnet18_cifar100_bp_baseline_w0p5_e100_20260515_002928_12988811,layer3.1.conv2,128,131072,-0.08900399506092072,0.06286103278398514,0.09793239086866379,-0.13244369626045227,-0.08943603187799454,-0.061198920011520386,0.022887106984853745,0.10132492333650589
results/learning_rules/resnet18_cifar100/resnet18_cifar100_bp_baseline_w0p5_e100_20260515_002928_12988811,layer4.0.conv1,256,32768,-0.015493307262659073,0.07773203402757645,0.06235351040959358,-0.0645182728767395,-0.012314421124756336,0.043893661350011826,0.3245294988155365,0.4208125174045563
results/learning_rules/resnet18_cifar100/resnet18_cifar100_bp_baseline_w0p5_e100_20260515_002928_12988811,layer4.0.conv2,256,32768,-0.030260078608989716,0.07791532576084137,0.06883341073989868,-0.08967944979667664,-0.03378263860940933,0.020910996943712234,0.06248559430241585,0.24608629941940308
results/learning_rules/resnet18_cifar100/resnet18_cifar100_bp_baseline_w0p5_e100_20260515_002928_12988811,layer4.0.downsample.0,256,32768,-0.01483924500644207,0.10551490634679794,0.08722240477800369,-0.09184650331735611,-0.027270156890153885,0.058515775948762894,0.06356561928987503,0.16493891179561615
results/learning_rules/resnet18_cifar100/resnet18_cifar100_bp_baseline_w0p5_e100_20260515_002928_12988811,layer4.1.conv1,256,32768,-0.10508701205253601,0.07123689353466034,0.10996867716312408,-0.14955180883407593,-0.1083940714597702,-0.059618379920721054,0.1690397560596466,0.49415796995162964
results/learning_rules/resnet18_cifar100/resnet18_cifar100_bp_baseline_w0p5_e100_20260515_002928_12988811,layer4.1.conv2,256,32768,0.013521037995815277,0.07384423166513443,0.06004883721470833,-0.04061039909720421,0.009177004918456078,0.06282524019479752,0.015174339525401592,0.2460550218820572
results/learning_rules/resnet18_cifar100/resnet18_cifar100_bp_baseline_w0p5_lam0p3_e100_20260515_165902_13121606,conv1,32,131072,-0.0037825992330908775,0.6396291851997375,0.5581244826316833,-0.7218736410140991,0.04003956913948059,0.6232694387435913,1.4008504152297974,0.6537997722625732
results/learning_rules/resnet18_cifar100/resnet18_cifar100_bp_baseline_w0p5_lam0p3_e100_20260515_165902_13121606,layer1.0.conv1,32,131072,-0.023284193128347397,0.22877143323421478,0.18951857089996338,-0.22644653916358948,-0.0036783451214432716,0.14447183907032013,0.2292128950357437,0.18464359641075134
results/learning_rules/resnet18_cifar100/resnet18_cifar100_bp_baseline_w0p5_lam0p3_e100_20260515_165902_13121606,layer1.0.conv2,32,131072,-0.007742915768176317,0.10070700198411942,0.08791469782590866,-0.09350088238716125,0.0029369178228080273,0.07958689332008362,0.1542179435491562,0.09396284073591232
results/learning_rules/resnet18_cifar100/resnet18_cifar100_bp_baseline_w0p5_lam0p3_e100_20260515_165902_13121606,layer1.1.conv1,32,131072,-0.0014897177461534739,0.14336922764778137,0.12390372902154922,-0.11391361057758331,0.009321942925453186,0.09893637895584106,0.2979077696800232,0.1738617867231369
results/learning_rules/resnet18_cifar100/resnet18_cifar100_bp_baseline_w0p5_lam0p3_e100_20260515_165902_13121606,layer1.1.conv2,32,131072,0.044126443564891815,0.11702434718608856,0.10006599128246307,-0.017735756933689117,0.04272542893886566,0.12174586206674576,0.024008747190237045,0.043376121670007706
results/learning_rules/resnet18_cifar100/resnet18_cifar100_bp_baseline_w0p5_lam0p3_e100_20260515_165902_13121606,layer2.0.conv1,64,131072,0.005800675600767136,0.16460095345973969,0.13453716039657593,-0.11545567959547043,0.01417520921677351,0.1272912472486496,0.4376665949821472,0.16729702055454254
results/learning_rules/resnet18_cifar100/resnet18_cifar100_bp_baseline_w0p5_lam0p3_e100_20260515_165902_13121606,layer2.0.conv2,64,131072,0.056838259100914,0.1591525673866272,0.13726089894771576,-0.026507940143346786,0.0699671059846878,0.17329685389995575,0.1539463847875595,0.11702169477939606
results/learning_rules/resnet18_cifar100/resnet18_cifar100_bp_baseline_w0p5_lam0p3_e100_20260515_165902_13121606,layer2.0.downsample.0,64,131072,0.028509359806776047,0.16447435319423676,0.1437012404203415,-0.09607023745775223,0.061841413378715515,0.15926598012447357,0.055097032338380814,0.059230100363492966
results/learning_rules/resnet18_cifar100/resnet18_cifar100_bp_baseline_w0p5_lam0p3_e100_20260515_165902_13121606,layer2.1.conv1,64,131072,0.07087327539920807,0.16679169237613678,0.15130719542503357,-0.05354670062661171,0.07605120539665222,0.1982080042362213,0.378065824508667,0.30790162086486816
results/learning_rules/resnet18_cifar100/resnet18_cifar100_bp_baseline_w0p5_lam0p3_e100_20260515_165902_13121606,layer2.1.conv2,64,131072,-0.07813432812690735,0.12042905390262604,0.115287646651268,-0.1563674509525299,-0.07910861074924469,0.025104105472564697,0.041220054030418396,0.07416333258152008
results/learning_rules/resnet18_cifar100/resnet18_cifar100_bp_baseline_w0p5_lam0p3_e100_20260515_165902_13121606,layer3.0.conv1,128,131072,-0.060874275863170624,0.15712115168571472,0.13914883136749268,-0.1738998293876648,-0.06869258731603622,0.05060333013534546,0.6046839356422424,0.34041714668273926
results/learning_rules/resnet18_cifar100/resnet18_cifar100_bp_baseline_w0p5_lam0p3_e100_20260515_165902_13121606,layer3.0.conv2,128,131072,-0.0220443457365036,0.10793200135231018,0.0898897796869278,-0.11076851934194565,-0.015774086117744446,0.058819729834795,0.1790948510169983,0.24218818545341492
results/learning_rules/resnet18_cifar100/resnet18_cifar100_bp_baseline_w0p5_lam0p3_e100_20260515_165902_13121606,layer3.0.downsample.0,128,131072,-0.020610317587852478,0.16305269300937653,0.13908424973487854,-0.14724186062812805,-0.026414653286337852,0.09995679557323456,0.08599995076656342,0.12691989541053772
results/learning_rules/resnet18_cifar100/resnet18_cifar100_bp_baseline_w0p5_lam0p3_e100_20260515_165902_13121606,layer3.1.conv1,128,131072,-0.0026823878288269043,0.07720033079385757,0.061596956104040146,-0.05642637610435486,0.008075589314103127,0.042132195085287094,0.3328857421875,0.4283714294433594
results/learning_rules/resnet18_cifar100/resnet18_cifar100_bp_baseline_w0p5_lam0p3_e100_20260515_165902_13121606,layer3.1.conv2,128,131072,-0.0641179159283638,0.07024433463811874,0.07950188219547272,-0.11872179061174393,-0.06242048740386963,-0.01633257232606411,0.020833659917116165,0.10424958169460297
results/learning_rules/resnet18_cifar100/resnet18_cifar100_bp_baseline_w0p5_lam0p3_e100_20260515_165902_13121606,layer4.0.conv1,256,32768,-0.02365662343800068,0.10084312409162521,0.08537404239177704,-0.09048305451869965,-0.03196278586983681,0.044575951993465424,0.3239032030105591,0.436775267124176
results/learning_rules/resnet18_cifar100/resnet18_cifar100_bp_baseline_w0p5_lam0p3_e100_20260515_165902_13121606,layer4.0.conv2,256,32768,-0.0186990424990654,0.07624296844005585,0.06496252119541168,-0.07495938241481781,-0.01650703139603138,0.04022137448191643,0.060072798281908035,0.2555094063282013
results/learning_rules/resnet18_cifar100/resnet18_cifar100_bp_baseline_w0p5_lam0p3_e100_20260515_165902_13121606,layer4.0.downsample.0,256,32768,-0.005553337279707193,0.10992222279310226,0.09237709641456604,-0.09413763135671616,-0.012942017987370491,0.07826578617095947,0.061473675072193146,0.16655036807060242
results/learning_rules/resnet18_cifar100/resnet18_cifar100_bp_baseline_w0p5_lam0p3_e100_20260515_165902_13121606,layer4.1.conv1,256,32768,-0.08800671249628067,0.07662166655063629,0.09921277314424515,-0.14146515727043152,-0.0893658697605133,-0.040855955332517624,0.1762268990278244,0.5260225534439087
results/learning_rules/resnet18_cifar100/resnet18_cifar100_bp_baseline_w0p5_lam0p3_e100_20260515_165902_13121606,layer4.1.conv2,256,32768,0.011333268135786057,0.08553477376699448,0.07167909294366837,-0.05527199059724808,0.007961966097354889,0.07508480548858643,0.015353268012404442,0.24459414184093475
results/learning_rules/resnet18_cifar100/resnet18_cifar100_bp_baseline_w0p5_lam0p3_e100_20260515_165902_13121607,conv1,32,131072,0.07660583406686783,0.666965663433075,0.6098008155822754,-0.6982266306877136,0.27229785919189453,0.6698405146598816,1.2457268238067627,0.6400396227836609
results/learning_rules/resnet18_cifar100/resnet18_cifar100_bp_baseline_w0p5_lam0p3_e100_20260515_165902_13121607,layer1.0.conv1,32,131072,0.029936721548438072,0.18447227776050568,0.1391720324754715,-0.05415067821741104,0.014288922771811485,0.12010567635297775,0.23101641237735748,0.14967696368694305
results/learning_rules/resnet18_cifar100/resnet18_cifar100_bp_baseline_w0p5_lam0p3_e100_20260515_165902_13121607,layer1.0.conv2,32,131072,0.008999721147119999,0.12573879957199097,0.1115511953830719,-0.09164401888847351,0.04173416271805763,0.09336438775062561,0.1604301780462265,0.07129361480474472
results/learning_rules/resnet18_cifar100/resnet18_cifar100_bp_baseline_w0p5_lam0p3_e100_20260515_165902_13121607,layer1.1.conv1,32,131072,-0.03485814854502678,0.1403743475675583,0.11177518218755722,-0.11420553922653198,-0.01729181781411171,0.0648249164223671,0.35964322090148926,0.16820333898067474
results/learning_rules/resnet18_cifar100/resnet18_cifar100_bp_baseline_w0p5_lam0p3_e100_20260515_165902_13121607,layer1.1.conv2,32,131072,0.00790633074939251,0.1197269856929779,0.09764526784420013,-0.06978383660316467,0.015890076756477356,0.10037095844745636,0.02581298165023327,0.04063292220234871
results/learning_rules/resnet18_cifar100/resnet18_cifar100_bp_baseline_w0p5_lam0p3_e100_20260515_165902_13121607,layer2.0.conv1,64,131072,0.018770968541502953,0.14858661592006683,0.12194424122571945,-0.08528069406747818,0.031364232301712036,0.10682712495326996,0.5052307844161987,0.1817188709974289
results/learning_rules/resnet18_cifar100/resnet18_cifar100_bp_baseline_w0p5_lam0p3_e100_20260515_165902_13121607,layer2.0.conv2,64,131072,0.07268254458904266,0.1938525140285492,0.17201165854930878,-0.058859411627054214,0.09191395342350006,0.21718381345272064,0.1340218037366867,0.11300338059663773
results/learning_rules/resnet18_cifar100/resnet18_cifar100_bp_baseline_w0p5_lam0p3_e100_20260515_165902_13121607,layer2.0.downsample.0,64,131072,0.03375093266367912,0.1475367546081543,0.12210957705974579,-0.06556254625320435,0.022311978042125702,0.13216328620910645,0.06952720880508423,0.06497268378734589
results/learning_rules/resnet18_cifar100/resnet18_cifar100_bp_baseline_w0p5_lam0p3_e100_20260515_165902_13121607,layer2.1.conv1,64,131072,0.06336477398872375,0.1613236963748932,0.14376941323280334,-0.06673938035964966,0.06633602827787399,0.17449942231178284,0.37171274423599243,0.3325139582157135
results/learning_rules/resnet18_cifar100/resnet18_cifar100_bp_baseline_w0p5_lam0p3_e100_20260515_165902_13121607,layer2.1.conv2,64,131072,-0.05324128270149231,0.09740863740444183,0.08923381567001343,-0.12357378005981445,-0.05257592350244522,0.022332236170768738,0.037992917001247406,0.06875671446323395
results/learning_rules/resnet18_cifar100/resnet18_cifar100_bp_baseline_w0p5_lam0p3_e100_20260515_165902_13121607,layer3.0.conv1,128,131072,-0.08416797965765,0.19261930882930756,0.17521493136882782,-0.22017095983028412,-0.10304203629493713,0.04082900285720825,0.5649005174636841,0.35107389092445374
results/learning_rules/resnet18_cifar100/resnet18_cifar100_bp_baseline_w0p5_lam0p3_e100_20260515_165902_13121607,layer3.0.conv2,128,131072,-0.03900418430566788,0.13328538835048676,0.11164062470197678,-0.12990474700927734,-0.044276826083660126,0.03833554685115814,0.18522362411022186,0.25874757766723633
results/learning_rules/resnet18_cifar100/resnet18_cifar100_bp_baseline_w0p5_lam0p3_e100_20260515_165902_13121607,layer3.0.downsample.0,128,131072,-0.03458116948604584,0.19417636096477509,0.17201176285743713,-0.20235779881477356,-0.03753796964883804,0.10514452308416367,0.08073912560939789,0.12901684641838074
results/learning_rules/resnet18_cifar100/resnet18_cifar100_bp_baseline_w0p5_lam0p3_e100_20260515_165902_13121607,layer3.1.conv1,128,131072,-0.005542425438761711,0.10863979905843735,0.0824180394411087,-0.06073727831244469,0.00735432468354702,0.06375572085380554,0.3298105001449585,0.44934532046318054
results/learning_rules/resnet18_cifar100/resnet18_cifar100_bp_baseline_w0p5_lam0p3_e100_20260515_165902_13121607,layer3.1.conv2,128,131072,-0.05938345193862915,0.07298225164413452,0.07875602692365646,-0.11369706690311432,-0.0596357062458992,-0.01679070293903351,0.021672001108527184,0.08133647590875626
results/learning_rules/resnet18_cifar100/resnet18_cifar100_bp_baseline_w0p5_lam0p3_e100_20260515_165902_13121607,layer4.0.conv1,256,32768,-0.035168521106243134,0.10962779819965363,0.09537073969841003,-0.11207503080368042,-0.04052625223994255,0.053260933607816696,0.32618576288223267,0.42788076400756836
results/learning_rules/resnet18_cifar100/resnet18_cifar100_bp_baseline_w0p5_lam0p3_e100_20260515_165902_13121607,layer4.0.conv2,256,32768,-0.016565078869462013,0.0791146457195282,0.06423251330852509,-0.06910866498947144,-0.01604863628745079,0.032082248479127884,0.06096529960632324,0.24874535202980042
results/learning_rules/resnet18_cifar100/resnet18_cifar100_bp_baseline_w0p5_lam0p3_e100_20260515_165902_13121607,layer4.0.downsample.0,256,32768,-0.04258303716778755,0.1417902410030365,0.12599846720695496,-0.15605075657367706,-0.05633918568491936,0.06276819854974747,0.06432516127824783,0.167776957154274
results/learning_rules/resnet18_cifar100/resnet18_cifar100_bp_baseline_w0p5_lam0p3_e100_20260515_165902_13121607,layer4.1.conv1,256,32768,-0.06052003428339958,0.07921970635652542,0.0810755044221878,-0.11509576439857483,-0.05670095607638359,-0.013972923159599304,0.16004356741905212,0.47115418314933777
results/learning_rules/resnet18_cifar100/resnet18_cifar100_bp_baseline_w0p5_lam0p3_e100_20260515_165902_13121607,layer4.1.conv2,256,32768,0.014820384792983532,0.07647804170846939,0.06365276873111725,-0.03763755410909653,0.005967719480395317,0.0779210776090622,0.015812337398529053,0.2434806376695633
results/learning_rules/resnet18_cifar100/resnet18_cifar100_bp_baseline_w0p5_lam0p3_e100_20260515_171316_13121608,conv1,32,131072,-0.087310791015625,0.6270928978919983,0.5590401887893677,-0.7395355701446533,0.04696042090654373,0.4405260682106018,1.3073883056640625,0.6378176212310791
results/learning_rules/resnet18_cifar100/resnet18_cifar100_bp_baseline_w0p5_lam0p3_e100_20260515_171316_13121608,layer1.0.conv1,32,131072,-0.04640716314315796,0.18654584884643555,0.16130314767360687,-0.197016179561615,-0.05992060899734497,0.10774865746498108,0.22338292002677917,0.1552765816450119
results/learning_rules/resnet18_cifar100/resnet18_cifar100_bp_baseline_w0p5_lam0p3_e100_20260515_171316_13121608,layer1.0.conv2,32,131072,0.013846289366483688,0.08672840148210526,0.07090435922145844,-0.04777047783136368,0.006709118373692036,0.0659986063838005,0.16145333647727966,0.08395715802907944
results/learning_rules/resnet18_cifar100/resnet18_cifar100_bp_baseline_w0p5_lam0p3_e100_20260515_171316_13121608,layer1.1.conv1,32,131072,0.004085035063326359,0.1321583390235901,0.1073291078209877,-0.10417378693819046,0.021409373730421066,0.08205005526542664,0.30515390634536743,0.14783263206481934
results/learning_rules/resnet18_cifar100/resnet18_cifar100_bp_baseline_w0p5_lam0p3_e100_20260515_171316_13121608,layer1.1.conv2,32,131072,0.02393719181418419,0.1401119977235794,0.11748204380273819,-0.07856621593236923,0.04405735060572624,0.12133073061704636,0.022256815806031227,0.02978094294667244
results/learning_rules/resnet18_cifar100/resnet18_cifar100_bp_baseline_w0p5_lam0p3_e100_20260515_171316_13121608,layer2.0.conv1,64,131072,-0.006292363628745079,0.16568176448345184,0.13391132652759552,-0.12547850608825684,-0.03801228106021881,0.09198568761348724,0.4619009494781494,0.15127494931221008
results/learning_rules/resnet18_cifar100/resnet18_cifar100_bp_baseline_w0p5_lam0p3_e100_20260515_171316_13121608,layer2.0.conv2,64,131072,0.0883096233010292,0.18619458377361298,0.17774665355682373,-0.05501353368163109,0.1209322139620781,0.24084757268428802,0.15354782342910767,0.11615438014268875
results/learning_rules/resnet18_cifar100/resnet18_cifar100_bp_baseline_w0p5_lam0p3_e100_20260515_171316_13121608,layer2.0.downsample.0,64,131072,-0.0029658619314432144,0.14183592796325684,0.11027823388576508,-0.08476673066616058,0.006345274858176708,0.0812082290649414,0.05968097969889641,0.05272988975048065
results/learning_rules/resnet18_cifar100/resnet18_cifar100_bp_baseline_w0p5_lam0p3_e100_20260515_171316_13121608,layer2.1.conv1,64,131072,0.04975634068250656,0.15807972848415375,0.1412329375743866,-0.09393342584371567,0.05347089841961861,0.17502637207508087,0.366123765707016,0.2871573269367218
results/learning_rules/resnet18_cifar100/resnet18_cifar100_bp_baseline_w0p5_lam0p3_e100_20260515_171316_13121608,layer2.1.conv2,64,131072,-0.008235587738454342,0.07801209390163422,0.0665053203701973,-0.07554739713668823,-0.016430746763944626,0.053095731884241104,0.04576849192380905,0.061326343566179276
results/learning_rules/resnet18_cifar100/resnet18_cifar100_bp_baseline_w0p5_lam0p3_e100_20260515_171316_13121608,layer3.0.conv1,128,131072,-0.08808591961860657,0.19162604212760925,0.1826244443655014,-0.23920536041259766,-0.1163482517004013,0.06007888540625572,0.6009845733642578,0.3255975842475891
results/learning_rules/resnet18_cifar100/resnet18_cifar100_bp_baseline_w0p5_lam0p3_e100_20260515_171316_13121608,layer3.0.conv2,128,131072,-0.03824508935213089,0.15644535422325134,0.1331615298986435,-0.1516144871711731,-0.04323597252368927,0.0646824836730957,0.18639923632144928,0.23787540197372437
results/learning_rules/resnet18_cifar100/resnet18_cifar100_bp_baseline_w0p5_lam0p3_e100_20260515_171316_13121608,layer3.0.downsample.0,128,131072,-0.013844821602106094,0.21464157104492188,0.1813873052597046,-0.16930131614208221,-0.034257568418979645,0.17479543387889862,0.08740714937448502,0.1214982345700264
results/learning_rules/resnet18_cifar100/resnet18_cifar100_bp_baseline_w0p5_lam0p3_e100_20260515_171316_13121608,layer3.1.conv1,128,131072,-0.006890122313052416,0.07970643788576126,0.06399582326412201,-0.059748776257038116,-0.009203458204865456,0.044025346636772156,0.336063414812088,0.4314187169075012
results/learning_rules/resnet18_cifar100/resnet18_cifar100_bp_baseline_w0p5_lam0p3_e100_20260515_171316_13121608,layer3.1.conv2,128,131072,-0.08725392818450928,0.07379677891731262,0.09854153543710709,-0.13643936812877655,-0.09519609808921814,-0.04538071155548096,0.02197938598692417,0.09546966850757599
results/learning_rules/resnet18_cifar100/resnet18_cifar100_bp_baseline_w0p5_lam0p3_e100_20260515_171316_13121608,layer4.0.conv1,256,32768,-0.03462080657482147,0.10737700760364532,0.09185681492090225,-0.10529010742902756,-0.038481153547763824,0.0326617956161499,0.3295169770717621,0.41465210914611816
results/learning_rules/resnet18_cifar100/resnet18_cifar100_bp_baseline_w0p5_lam0p3_e100_20260515_171316_13121608,layer4.0.conv2,256,32768,-0.02379521355032921,0.07535739988088608,0.0629088431596756,-0.07040717452764511,-0.026531614363193512,0.026730839163064957,0.06232566758990288,0.24478325247764587
results/learning_rules/resnet18_cifar100/resnet18_cifar100_bp_baseline_w0p5_lam0p3_e100_20260515_171316_13121608,layer4.0.downsample.0,256,32768,-0.024354206398129463,0.14000068604946136,0.12030114978551865,-0.1262117326259613,-0.025741539895534515,0.07875736802816391,0.06325342506170273,0.16800947487354279
results/learning_rules/resnet18_cifar100/resnet18_cifar100_bp_baseline_w0p5_lam0p3_e100_20260515_171316_13121608,layer4.1.conv1,256,32768,-0.06814638525247574,0.06573649495840073,0.07745479792356491,-0.11634162068367004,-0.07103946059942245,-0.017875928431749344,0.1711525321006775,0.45839136838912964
results/learning_rules/resnet18_cifar100/resnet18_cifar100_bp_baseline_w0p5_lam0p3_e100_20260515_171316_13121608,layer4.1.conv2,256,32768,0.021834008395671844,0.07509050518274307,0.0642278790473938,-0.035334326326847076,0.024974554777145386,0.06844176352024078,0.01561944093555212,0.23989059031009674
results/learning_rules/resnet18_cifar100/resnet18_cifar100_bp_rtp_lam0p03_e100_20260514_122100_12873746,conv1,64,131072,0.06192228943109512,0.5642136335372925,0.4816940724849701,-0.45528820157051086,0.09032097458839417,0.5126506090164185,0.7201705574989319,0.2919824719429016
results/learning_rules/resnet18_cifar100/resnet18_cifar100_bp_rtp_lam0p03_e100_20260514_122100_12873746,layer1.0.conv1,64,131072,-0.037083450704813004,0.13661779463291168,0.11687967926263809,-0.14469899237155914,-0.045690882951021194,0.05233476683497429,0.10553872585296631,0.06601409614086151
results/learning_rules/resnet18_cifar100/resnet18_cifar100_bp_rtp_lam0p03_e100_20260514_122100_12873746,layer1.0.conv2,64,131072,-0.01750752702355385,0.11184906214475632,0.0895097553730011,-0.08781671524047852,-0.0171748585999012,0.06873229891061783,0.07364007085561752,0.0524945892393589
results/learning_rules/resnet18_cifar100/resnet18_cifar100_bp_rtp_lam0p03_e100_20260514_122100_12873746,layer1.1.conv1,64,131072,0.007645823061466217,0.15371841192245483,0.12695907056331635,-0.09707852452993393,0.029330328106880188,0.11058764904737473,0.18920381367206573,0.07221484184265137
results/learning_rules/resnet18_cifar100/resnet18_cifar100_bp_rtp_lam0p03_e100_20260514_122100_12873746,layer1.1.conv2,64,131072,0.001111227786168456,0.12319283187389374,0.10324820876121521,-0.08494268357753754,-0.009956011548638344,0.10682205110788345,0.014094346202909946,0.020991211757063866
results/learning_rules/resnet18_cifar100/resnet18_cifar100_bp_rtp_lam0p03_e100_20260514_122100_12873746,layer2.0.conv1,128,131072,0.03738200291991234,0.13533778488636017,0.11503728479146957,-0.07250861078500748,0.03552493453025818,0.14163656532764435,0.1914813220500946,0.0767688900232315
results/learning_rules/resnet18_cifar100/resnet18_cifar100_bp_rtp_lam0p03_e100_20260514_122100_12873746,layer2.0.conv2,128,131072,0.027044709771871567,0.15564574301242828,0.13027900457382202,-0.08622828125953674,0.039768703281879425,0.14030061662197113,0.06050746887922287,0.05829884484410286
results/learning_rules/resnet18_cifar100/resnet18_cifar100_bp_rtp_lam0p03_e100_20260514_122100_12873746,layer2.0.downsample.0,128,131072,0.010813746601343155,0.14870157837867737,0.12133098393678665,-0.08292657881975174,0.015270082280039787,0.10957737267017365,0.027010442689061165,0.027118900790810585
results/learning_rules/resnet18_cifar100/resnet18_cifar100_bp_rtp_lam0p03_e100_20260514_122100_12873746,layer2.1.conv1,128,131072,0.07618445158004761,0.1624080240726471,0.1435447484254837,-0.03675149753689766,0.0679006278514862,0.20011886954307556,0.17758828401565552,0.12936623394489288
results/learning_rules/resnet18_cifar100/resnet18_cifar100_bp_rtp_lam0p03_e100_20260514_122100_12873746,layer2.1.conv2,128,131072,-0.07253602147102356,0.12009551376104355,0.1167483851313591,-0.16442863643169403,-0.08035239577293396,-0.02025632932782173,0.018845772370696068,0.030033061280846596
results/learning_rules/resnet18_cifar100/resnet18_cifar100_bp_rtp_lam0p03_e100_20260514_122100_12873746,layer3.0.conv1,256,131072,-0.08220341801643372,0.17962494492530823,0.16759270429611206,-0.22092196345329285,-0.09013397991657257,0.05217668041586876,0.24549095332622528,0.12832435965538025
results/learning_rules/resnet18_cifar100/resnet18_cifar100_bp_rtp_lam0p03_e100_20260514_122100_12873746,layer3.0.conv2,256,131072,-0.009225097484886646,0.10329835116863251,0.08455149829387665,-0.07718338072299957,-0.008476044982671738,0.06114925444126129,0.07581903040409088,0.08514568209648132
results/learning_rules/resnet18_cifar100/resnet18_cifar100_bp_rtp_lam0p03_e100_20260514_122100_12873746,layer3.0.downsample.0,256,131072,-0.0035547539591789246,0.19535061717033386,0.16850055754184723,-0.17345549166202545,0.027271226048469543,0.14534269273281097,0.03412924334406853,0.0453374981880188
results/learning_rules/resnet18_cifar100/resnet18_cifar100_bp_rtp_lam0p03_e100_20260514_122100_12873746,layer3.1.conv1,256,131072,0.026779655367136,0.082710862159729,0.0708865374326706,-0.02363378182053566,0.030812300741672516,0.08599871397018433,0.13916189968585968,0.18206080794334412
results/learning_rules/resnet18_cifar100/resnet18_cifar100_bp_rtp_lam0p03_e100_20260514_122100_12873746,layer3.1.conv2,256,131072,-0.03791050240397453,0.05749526992440224,0.05590696632862091,-0.08174605667591095,-0.040031805634498596,0.004858328960835934,0.008989331312477589,0.045378219336271286
results/learning_rules/resnet18_cifar100/resnet18_cifar100_bp_rtp_lam0p03_e100_20260514_122100_12873746,layer4.0.conv1,512,32768,-0.018855053931474686,0.07632448524236679,0.0631960779428482,-0.07314039021730423,-0.02000816911458969,0.030629336833953857,0.12707790732383728,0.1746768355369568
results/learning_rules/resnet18_cifar100/resnet18_cifar100_bp_rtp_lam0p03_e100_20260514_122100_12873746,layer4.0.conv2,512,32768,-0.03246159479022026,0.0709928572177887,0.06431704759597778,-0.08189564943313599,-0.039461977779865265,0.012679112143814564,0.02202325500547886,0.1133149191737175
results/learning_rules/resnet18_cifar100/resnet18_cifar100_bp_rtp_lam0p03_e100_20260514_122100_12873746,layer4.0.downsample.0,512,32768,-0.01611202210187912,0.09785116463899612,0.08012693375349045,-0.08614528924226761,-0.010746777057647705,0.05183807387948036,0.02305722050368786,0.06674493849277496
results/learning_rules/resnet18_cifar100/resnet18_cifar100_bp_rtp_lam0p03_e100_20260514_122100_12873746,layer4.1.conv1,512,32768,-0.13998907804489136,0.051856786012649536,0.14012904465198517,-0.17372217774391174,-0.13934530317783356,-0.10980834811925888,0.05658595636487007,0.22058658301830292
results/learning_rules/resnet18_cifar100/resnet18_cifar100_bp_rtp_lam0p03_e100_20260514_122100_12873746,layer4.1.conv2,512,32768,0.025881066918373108,0.06038482114672661,0.05306757241487503,-0.014541279524564743,0.027707435190677643,0.06609107553958893,0.00500840786844492,0.14622485637664795
results/learning_rules/resnet18_cifar100/resnet18_cifar100_bp_rtp_lam0p03_e100_20260514_122630_12873747,conv1,64,131072,0.125981867313385,0.5558699369430542,0.49221286177635193,-0.2924657464027405,0.17660777270793915,0.6246679425239563,0.7079288959503174,0.36866331100463867
results/learning_rules/resnet18_cifar100/resnet18_cifar100_bp_rtp_lam0p03_e100_20260514_122630_12873747,layer1.0.conv1,64,131072,0.0015680731739848852,0.15615011751651764,0.12726818025112152,-0.10652437806129456,0.005697030108422041,0.10727537423372269,0.10195398330688477,0.1190839484333992
results/learning_rules/resnet18_cifar100/resnet18_cifar100_bp_rtp_lam0p03_e100_20260514_122630_12873747,layer1.0.conv2,64,131072,0.01664462871849537,0.07806446403265,0.06203179061412811,-0.03195038065314293,0.018477313220500946,0.06361131370067596,0.07955678552389145,0.08819165080785751
results/learning_rules/resnet18_cifar100/resnet18_cifar100_bp_rtp_lam0p03_e100_20260514_122630_12873747,layer1.1.conv1,64,131072,0.0413731187582016,0.10161557793617249,0.09161065518856049,-0.033944521099328995,0.04265960678458214,0.11662280559539795,0.1692352592945099,0.12032990157604218
results/learning_rules/resnet18_cifar100/resnet18_cifar100_bp_rtp_lam0p03_e100_20260514_122630_12873747,layer1.1.conv2,64,131072,-0.004869232419878244,0.11340578645467758,0.09559608995914459,-0.07484661787748337,-0.02293439209461212,0.07098007202148438,0.01066723931580782,0.016989249736070633
results/learning_rules/resnet18_cifar100/resnet18_cifar100_bp_rtp_lam0p03_e100_20260514_122630_12873747,layer2.0.conv1,128,131072,0.014533930458128452,0.11632918566465378,0.09435626864433289,-0.06481674313545227,0.018762748688459396,0.08645913004875183,0.2182377129793167,0.12358187884092331
results/learning_rules/resnet18_cifar100/resnet18_cifar100_bp_rtp_lam0p03_e100_20260514_122630_12873747,layer2.0.conv2,128,131072,-0.005541995167732239,0.11691697686910629,0.0932203158736229,-0.07712924480438232,0.009495030157268047,0.07575630396604538,0.0631985068321228,0.06582178920507431
results/learning_rules/resnet18_cifar100/resnet18_cifar100_bp_rtp_lam0p03_e100_20260514_122630_12873747,layer2.0.downsample.0,128,131072,-0.019410256296396255,0.14148364961147308,0.10955125093460083,-0.10265665501356125,-0.020250435918569565,0.06808551400899887,0.03312613070011139,0.04327355697751045
results/learning_rules/resnet18_cifar100/resnet18_cifar100_bp_rtp_lam0p03_e100_20260514_122630_12873747,layer2.1.conv1,128,131072,0.037539273500442505,0.08129352331161499,0.07248125225305557,-0.01863238401710987,0.03157805651426315,0.0840536430478096,0.18243491649627686,0.18298552930355072
results/learning_rules/resnet18_cifar100/resnet18_cifar100_bp_rtp_lam0p03_e100_20260514_122630_12873747,layer2.1.conv2,128,131072,-0.051870688796043396,0.08679778128862381,0.08113238215446472,-0.10742641985416412,-0.052053242921829224,0.006948303431272507,0.01801760494709015,0.03513544797897339
results/learning_rules/resnet18_cifar100/resnet18_cifar100_bp_rtp_lam0p03_e100_20260514_122630_12873747,layer3.0.conv1,256,131072,-0.05919875577092171,0.11497380584478378,0.10564321279525757,-0.14529424905776978,-0.06006776541471481,0.015192843042314053,0.219224214553833,0.15688391029834747
results/learning_rules/resnet18_cifar100/resnet18_cifar100_bp_rtp_lam0p03_e100_20260514_122630_12873747,layer3.0.conv2,256,131072,-0.007167931646108627,0.07224908471107483,0.05561666935682297,-0.044321004301309586,-0.0032052351161837578,0.03680996596813202,0.07565315067768097,0.11663755029439926
results/learning_rules/resnet18_cifar100/resnet18_cifar100_bp_rtp_lam0p03_e100_20260514_122630_12873747,layer3.0.downsample.0,256,131072,-0.020436100661754608,0.12215282768011093,0.1024298146367073,-0.10152743011713028,-0.03205244243144989,0.07449808716773987,0.030334126204252243,0.05817095562815666
results/learning_rules/resnet18_cifar100/resnet18_cifar100_bp_rtp_lam0p03_e100_20260514_122630_12873747,layer3.1.conv1,256,131072,0.0013253823854029179,0.05742926895618439,0.045382607728242874,-0.03703807666897774,-0.00288719916716218,0.03657900169491768,0.1380675584077835,0.2282319813966751
results/learning_rules/resnet18_cifar100/resnet18_cifar100_bp_rtp_lam0p03_e100_20260514_122630_12873747,layer3.1.conv2,256,131072,-0.05009368807077408,0.05993811786174774,0.06591664999723434,-0.0936174988746643,-0.057148829102516174,-0.008798593655228615,0.00948438048362732,0.05191374570131302
results/learning_rules/resnet18_cifar100/resnet18_cifar100_bp_rtp_lam0p03_e100_20260514_122630_12873747,layer4.0.conv1,512,32768,-0.021442700177431107,0.06742774695158005,0.057145942002534866,-0.0710514560341835,-0.025372663512825966,0.023119263350963593,0.1299775391817093,0.22820937633514404
results/learning_rules/resnet18_cifar100/resnet18_cifar100_bp_rtp_lam0p03_e100_20260514_122630_12873747,layer4.0.conv2,512,32768,-0.014036713168025017,0.06667960435152054,0.05447934940457344,-0.06011446937918663,-0.01861158385872841,0.025749702006578445,0.02291717566549778,0.1298217922449112
results/learning_rules/resnet18_cifar100/resnet18_cifar100_bp_rtp_lam0p03_e100_20260514_122630_12873747,layer4.0.downsample.0,512,32768,-0.007113195024430752,0.06915566325187683,0.054910995066165924,-0.05078262835741043,-0.008091634139418602,0.03439760580658913,0.024074524641036987,0.08641377836465836
results/learning_rules/resnet18_cifar100/resnet18_cifar100_bp_rtp_lam0p03_e100_20260514_122630_12873747,layer4.1.conv1,512,32768,-0.11438688635826111,0.055317994207143784,0.11591965705156326,-0.151304692029953,-0.11503738164901733,-0.07846337556838989,0.05752767622470856,0.24244621396064758
results/learning_rules/resnet18_cifar100/resnet18_cifar100_bp_rtp_lam0p03_e100_20260514_122630_12873747,layer4.1.conv2,512,32768,0.017142362892627716,0.07331287115812302,0.060456711798906326,-0.03354071453213692,0.018001670017838478,0.06410625576972961,0.004862238187342882,0.14771492779254913
results/learning_rules/resnet18_cifar100/resnet18_cifar100_bp_rtp_lam0p1_e100_20260514_125028_12873748,conv1,64,131072,0.023068511858582497,0.5570538640022278,0.4861605763435364,-0.4657949209213257,0.09765031933784485,0.4678570032119751,0.7268754243850708,0.31274932622909546
results/learning_rules/resnet18_cifar100/resnet18_cifar100_bp_rtp_lam0p1_e100_20260514_125028_12873748,layer1.0.conv1,64,131072,0.0004117884673178196,0.12572818994522095,0.10245621204376221,-0.10553675889968872,0.008082490414381027,0.0898851752281189,0.10189777612686157,0.06133365258574486
results/learning_rules/resnet18_cifar100/resnet18_cifar100_bp_rtp_lam0p1_e100_20260514_125028_12873748,layer1.0.conv2,64,131072,-0.023770488798618317,0.12128692865371704,0.10130062699317932,-0.09642226248979568,-0.013761816546320915,0.05254924297332764,0.06914072483778,0.03887837380170822
results/learning_rules/resnet18_cifar100/resnet18_cifar100_bp_rtp_lam0p1_e100_20260514_125028_12873748,layer1.1.conv1,64,131072,-0.005668045952916145,0.1288628876209259,0.10827372223138809,-0.10637061297893524,0.0053623998537659645,0.08451631665229797,0.18023955821990967,0.06520424038171768
results/learning_rules/resnet18_cifar100/resnet18_cifar100_bp_rtp_lam0p1_e100_20260514_125028_12873748,layer1.1.conv2,64,131072,-0.00990287959575653,0.11177846044301987,0.09250801801681519,-0.08727923035621643,-0.02465648762881756,0.07787898927927017,0.015574360266327858,0.017913419753313065
results/learning_rules/resnet18_cifar100/resnet18_cifar100_bp_rtp_lam0p1_e100_20260514_125028_12873748,layer2.0.conv1,128,131072,0.02837427705526352,0.1410108506679535,0.11747109144926071,-0.06971517950296402,0.03566749766469002,0.12052969634532928,0.19628991186618805,0.07462136447429657
results/learning_rules/resnet18_cifar100/resnet18_cifar100_bp_rtp_lam0p1_e100_20260514_125028_12873748,layer2.0.conv2,128,131072,0.04817907139658928,0.16457371413707733,0.1396779716014862,-0.06893971562385559,0.06113148480653763,0.16357041895389557,0.06174791604280472,0.055273957550525665
results/learning_rules/resnet18_cifar100/resnet18_cifar100_bp_rtp_lam0p1_e100_20260514_125028_12873748,layer2.0.downsample.0,128,131072,0.015049819834530354,0.13415208458900452,0.10821487754583359,-0.06868855655193329,0.029886726289987564,0.11069081723690033,0.02649238146841526,0.026187283918261528
results/learning_rules/resnet18_cifar100/resnet18_cifar100_bp_rtp_lam0p1_e100_20260514_125028_12873748,layer2.1.conv1,128,131072,0.08223552256822586,0.15717999637126923,0.14420950412750244,-0.01718178763985634,0.08207375556230545,0.19857314229011536,0.1775723695755005,0.11267143487930298
results/learning_rules/resnet18_cifar100/resnet18_cifar100_bp_rtp_lam0p1_e100_20260514_125028_12873748,layer2.1.conv2,128,131072,-0.02137148007750511,0.09055556356906891,0.07681656628847122,-0.09227553755044937,-0.03550835698843002,0.04392170161008835,0.018332617357373238,0.027462264522910118
results/learning_rules/resnet18_cifar100/resnet18_cifar100_bp_rtp_lam0p1_e100_20260514_125028_12873748,layer3.0.conv1,256,131072,-0.06901185214519501,0.15952050685882568,0.1491374522447586,-0.1946113109588623,-0.09059713780879974,0.04357924684882164,0.24082866311073303,0.11029084771871567
results/learning_rules/resnet18_cifar100/resnet18_cifar100_bp_rtp_lam0p1_e100_20260514_125028_12873748,layer3.0.conv2,256,131072,-0.009567962028086185,0.10600810497999191,0.08764547854661942,-0.0917511135339737,-0.01336347870528698,0.06842821091413498,0.07623782753944397,0.08550449460744858
results/learning_rules/resnet18_cifar100/resnet18_cifar100_bp_rtp_lam0p1_e100_20260514_125028_12873748,layer3.0.downsample.0,256,131072,-0.016716744750738144,0.16198600828647614,0.13309739530086517,-0.13381855189800262,-0.015688376501202583,0.10219227522611618,0.03234991431236267,0.038862358778715134
results/learning_rules/resnet18_cifar100/resnet18_cifar100_bp_rtp_lam0p1_e100_20260514_125028_12873748,layer3.1.conv1,256,131072,0.02854406274855137,0.07981980592012405,0.06792988628149033,-0.019868740811944008,0.03396439552307129,0.07990992069244385,0.13973982632160187,0.17741650342941284
results/learning_rules/resnet18_cifar100/resnet18_cifar100_bp_rtp_lam0p1_e100_20260514_125028_12873748,layer3.1.conv2,256,131072,-0.03156787157058716,0.05452822148799896,0.05353693291544914,-0.06792590022087097,-0.03908507525920868,0.0020859576761722565,0.008880170993506908,0.04091024026274681
results/learning_rules/resnet18_cifar100/resnet18_cifar100_bp_rtp_lam0p1_e100_20260514_125028_12873748,layer4.0.conv1,512,32768,-0.01978767104446888,0.06294254213571548,0.05388614535331726,-0.06788148730993271,-0.022120214998722076,0.026396827772259712,0.13441887497901917,0.177723228931427
results/learning_rules/resnet18_cifar100/resnet18_cifar100_bp_rtp_lam0p1_e100_20260514_125028_12873748,layer4.0.conv2,512,32768,-0.028276950120925903,0.06256435811519623,0.056900594383478165,-0.07136943936347961,-0.03348558396100998,0.015848219394683838,0.021860096603631973,0.10623466968536377
results/learning_rules/resnet18_cifar100/resnet18_cifar100_bp_rtp_lam0p1_e100_20260514_125028_12873748,layer4.0.downsample.0,512,32768,-0.013775656931102276,0.0802672728896141,0.0649242252111435,-0.06628172099590302,-0.012792072258889675,0.03835803642868996,0.024109777063131332,0.06694178283214569
results/learning_rules/resnet18_cifar100/resnet18_cifar100_bp_rtp_lam0p1_e100_20260514_125028_12873748,layer4.1.conv1,512,32768,-0.12210269272327423,0.054227229207754135,0.12303884327411652,-0.16031308472156525,-0.12189372628927231,-0.08768582344055176,0.055830612778663635,0.20439383387565613
results/learning_rules/resnet18_cifar100/resnet18_cifar100_bp_rtp_lam0p1_e100_20260514_125028_12873748,layer4.1.conv2,512,32768,0.029948409646749496,0.06829702854156494,0.06114265322685242,-0.01577366143465042,0.032757408916950226,0.0806368887424469,0.004986015614122152,0.14625497162342072
results/learning_rules/resnet18_cifar100/resnet18_cifar100_bp_rtp_lam0p1_e100_20260514_131543_12873749,conv1,64,131072,-0.01008980255573988,0.5924354195594788,0.5206251740455627,-0.583928108215332,0.00616850983351469,0.5712121725082397,0.7176782488822937,0.4403252601623535
results/learning_rules/resnet18_cifar100/resnet18_cifar100_bp_rtp_lam0p1_e100_20260514_131543_12873749,layer1.0.conv1,64,131072,0.0010543521493673325,0.19999293982982635,0.163900226354599,-0.1230718120932579,0.013153964653611183,0.16679349541664124,0.11224134266376495,0.10604526847600937
results/learning_rules/resnet18_cifar100/resnet18_cifar100_bp_rtp_lam0p1_e100_20260514_131543_12873749,layer1.0.conv2,64,131072,0.01603846438229084,0.1023930013179779,0.07933799922466278,-0.0432538241147995,0.016576891764998436,0.08930439502000809,0.08069848269224167,0.05659550428390503
results/learning_rules/resnet18_cifar100/resnet18_cifar100_bp_rtp_lam0p1_e100_20260514_131543_12873749,layer1.1.conv1,64,131072,0.045738592743873596,0.10843580961227417,0.09669633209705353,-0.03253220021724701,0.0567968487739563,0.12083529680967331,0.17501264810562134,0.10648201406002045
results/learning_rules/resnet18_cifar100/resnet18_cifar100_bp_rtp_lam0p1_e100_20260514_131543_12873749,layer1.1.conv2,64,131072,0.014174760319292545,0.1011805608868599,0.08378822356462479,-0.06320492923259735,0.016597013920545578,0.09089463949203491,0.01064588688313961,0.01958310231566429
results/learning_rules/resnet18_cifar100/resnet18_cifar100_bp_rtp_lam0p1_e100_20260514_131543_12873749,layer2.0.conv1,128,131072,0.013000307604670525,0.11195994168519974,0.08930783718824387,-0.062398236244916916,0.00020825755200348794,0.07990235835313797,0.23472490906715393,0.10473529994487762
results/learning_rules/resnet18_cifar100/resnet18_cifar100_bp_rtp_lam0p1_e100_20260514_131543_12873749,layer2.0.conv2,128,131072,-0.0164817962795496,0.10080578178167343,0.0773688405752182,-0.07318921387195587,-0.016070354729890823,0.03626693785190582,0.06510496139526367,0.070012666285038
results/learning_rules/resnet18_cifar100/resnet18_cifar100_bp_rtp_lam0p1_e100_20260514_131543_12873749,layer2.0.downsample.0,128,131072,0.008861926384270191,0.12427495419979095,0.10234493762254715,-0.08608192950487137,0.018725067377090454,0.1109757125377655,0.03514275327324867,0.03564077615737915
results/learning_rules/resnet18_cifar100/resnet18_cifar100_bp_rtp_lam0p1_e100_20260514_131543_12873749,layer2.1.conv1,128,131072,0.028395820409059525,0.11299578100442886,0.09641583263874054,-0.03702886030077934,0.030522283166646957,0.11669129878282547,0.18194343149662018,0.16039472818374634
results/learning_rules/resnet18_cifar100/resnet18_cifar100_bp_rtp_lam0p1_e100_20260514_131543_12873749,layer2.1.conv2,128,131072,-0.06867232918739319,0.0978313609957695,0.09945813566446304,-0.14483043551445007,-0.07427345216274261,-0.0010818837909027934,0.01769871450960636,0.041535794734954834
results/learning_rules/resnet18_cifar100/resnet18_cifar100_bp_rtp_lam0p1_e100_20260514_131543_12873749,layer3.0.conv1,256,131072,-0.05202518776059151,0.13192963600158691,0.11703382432460785,-0.14679086208343506,-0.059342168271541595,0.03847576677799225,0.23275579512119293,0.16772307455539703
results/learning_rules/resnet18_cifar100/resnet18_cifar100_bp_rtp_lam0p1_e100_20260514_131543_12873749,layer3.0.conv2,256,131072,-0.009380362927913666,0.07849480211734772,0.06258389353752136,-0.06456159055233002,-0.005216670222580433,0.04051046073436737,0.07798084616661072,0.1203581839799881
results/learning_rules/resnet18_cifar100/resnet18_cifar100_bp_rtp_lam0p1_e100_20260514_131543_12873749,layer3.0.downsample.0,256,131072,-0.011014450341463089,0.1476568579673767,0.12177439033985138,-0.10945909470319748,-0.013497134670615196,0.09100618958473206,0.03167927265167236,0.06134740635752678
results/learning_rules/resnet18_cifar100/resnet18_cifar100_bp_rtp_lam0p1_e100_20260514_131543_12873749,layer3.1.conv1,256,131072,-0.006282116286456585,0.07668951153755188,0.061047494411468506,-0.05639537796378136,-0.007025578990578651,0.049090199172496796,0.14162172377109528,0.2323543280363083
results/learning_rules/resnet18_cifar100/resnet18_cifar100_bp_rtp_lam0p1_e100_20260514_131543_12873749,layer3.1.conv2,256,131072,-0.0628061518073082,0.06352599710226059,0.07689996063709259,-0.11012691259384155,-0.06790567934513092,-0.023899300023913383,0.009022642858326435,0.0523335225880146
results/learning_rules/resnet18_cifar100/resnet18_cifar100_bp_rtp_lam0p1_e100_20260514_131543_12873749,layer4.0.conv1,512,32768,-0.0262005552649498,0.0810566395521164,0.06866349279880524,-0.0821087658405304,-0.029227012768387794,0.022134331986308098,0.13216640055179596,0.22635440528392792
results/learning_rules/resnet18_cifar100/resnet18_cifar100_bp_rtp_lam0p1_e100_20260514_131543_12873749,layer4.0.conv2,512,32768,-0.025009330362081528,0.07430892437696457,0.06501642614603043,-0.07756253331899643,-0.03135687857866287,0.02337409183382988,0.023505864664912224,0.13351106643676758
results/learning_rules/resnet18_cifar100/resnet18_cifar100_bp_rtp_lam0p1_e100_20260514_131543_12873749,layer4.0.downsample.0,512,32768,0.0036601549945771694,0.09051501750946045,0.07342364639043808,-0.0598316416144371,0.002242771675810218,0.06687647104263306,0.02351868525147438,0.08440671116113663
results/learning_rules/resnet18_cifar100/resnet18_cifar100_bp_rtp_lam0p1_e100_20260514_131543_12873749,layer4.1.conv1,512,32768,-0.11637946218252182,0.05773026868700981,0.11745554953813553,-0.15459321439266205,-0.11986619979143143,-0.07774953544139862,0.058673251420259476,0.25194674730300903
results/learning_rules/resnet18_cifar100/resnet18_cifar100_bp_rtp_lam0p1_e100_20260514_131543_12873749,layer4.1.conv2,512,32768,0.020280512049794197,0.055175524204969406,0.047644246369600296,-0.014993280172348022,0.019709501415491104,0.05954962223768234,0.005416408646851778,0.15171273052692413
results/learning_rules/resnet18_cifar100/resnet18_cifar100_bp_rtp_lam0p3_e100_20260514_131724_12873750,conv1,64,131072,0.03541378304362297,0.522373378276825,0.4457760453224182,-0.2994316816329956,0.07569325715303421,0.43754228949546814,0.6712453365325928,0.2036093920469284
results/learning_rules/resnet18_cifar100/resnet18_cifar100_bp_rtp_lam0p3_e100_20260514_131724_12873750,layer1.0.conv1,64,131072,0.01548069715499878,0.22552670538425446,0.1869567483663559,-0.14881756901741028,-0.009183131158351898,0.20139756798744202,0.09834595769643784,0.06264408677816391
results/learning_rules/resnet18_cifar100/resnet18_cifar100_bp_rtp_lam0p3_e100_20260514_131724_12873750,layer1.0.conv2,64,131072,-0.012855952605605125,0.12013987451791763,0.09263820946216583,-0.07770626991987228,-0.010735495947301388,0.07228442281484604,0.06723495572805405,0.04433266073465347
results/learning_rules/resnet18_cifar100/resnet18_cifar100_bp_rtp_lam0p3_e100_20260514_131724_12873750,layer1.1.conv1,64,131072,0.018371189013123512,0.13659842312335968,0.11496470123529434,-0.07641663402318954,0.012773518450558186,0.12810856103897095,0.16924721002578735,0.05833125486969948
results/learning_rules/resnet18_cifar100/resnet18_cifar100_bp_rtp_lam0p3_e100_20260514_131724_12873750,layer1.1.conv2,64,131072,-0.006269487552344799,0.10097190737724304,0.0822470560669899,-0.07656654715538025,-0.02029239758849144,0.06128416955471039,0.015042904764413834,0.01742415875196457
results/learning_rules/resnet18_cifar100/resnet18_cifar100_bp_rtp_lam0p3_e100_20260514_131724_12873750,layer2.0.conv1,128,131072,0.02613968960940838,0.10018962621688843,0.08372817933559418,-0.047009456902742386,0.019702395424246788,0.09490811079740524,0.19042128324508667,0.07036617398262024
results/learning_rules/resnet18_cifar100/resnet18_cifar100_bp_rtp_lam0p3_e100_20260514_131724_12873750,layer2.0.conv2,128,131072,0.011508747935295105,0.15182361006736755,0.11402058601379395,-0.07930728048086166,6.863614544272423e-05,0.10157313197851181,0.06017722934484482,0.05773331969976425
results/learning_rules/resnet18_cifar100/resnet18_cifar100_bp_rtp_lam0p3_e100_20260514_131724_12873750,layer2.0.downsample.0,128,131072,-0.0022694291546940804,0.12380556762218475,0.09991110116243362,-0.08063311874866486,0.01576831564307213,0.08272798359394073,0.024603283032774925,0.024570219218730927
results/learning_rules/resnet18_cifar100/resnet18_cifar100_bp_rtp_lam0p3_e100_20260514_131724_12873750,layer2.1.conv1,128,131072,0.038506731390953064,0.10665889829397202,0.0882321372628212,-0.03573949635028839,0.027237165719270706,0.11229000985622406,0.17351800203323364,0.11918886005878448
results/learning_rules/resnet18_cifar100/resnet18_cifar100_bp_rtp_lam0p3_e100_20260514_131724_12873750,layer2.1.conv2,128,131072,0.026261484250426292,0.0791022777557373,0.06608180701732635,-0.02186014875769615,0.0261400043964386,0.07755681127309799,0.01602168008685112,0.027454916387796402
results/learning_rules/resnet18_cifar100/resnet18_cifar100_bp_rtp_lam0p3_e100_20260514_131724_12873750,layer3.0.conv1,256,131072,-0.04017955809831619,0.12253057211637497,0.1024211123585701,-0.126675084233284,-0.04116268455982208,0.03378758952021599,0.23615297675132751,0.12366649508476257
results/learning_rules/resnet18_cifar100/resnet18_cifar100_bp_rtp_lam0p3_e100_20260514_131724_12873750,layer3.0.conv2,256,131072,0.0012341351248323917,0.09342968463897705,0.07565233111381531,-0.06609123945236206,0.0011515618534758687,0.06527961045503616,0.07656923681497574,0.09856180846691132
results/learning_rules/resnet18_cifar100/resnet18_cifar100_bp_rtp_lam0p3_e100_20260514_131724_12873750,layer3.0.downsample.0,256,131072,-0.015957536175847054,0.12331417202949524,0.10289879143238068,-0.1026906669139862,-0.02359638921916485,0.08002564311027527,0.03016575798392296,0.04308445379137993
results/learning_rules/resnet18_cifar100/resnet18_cifar100_bp_rtp_lam0p3_e100_20260514_131724_12873750,layer3.1.conv1,256,131072,0.032981500029563904,0.07297506928443909,0.06600979715585709,-0.01220002118498087,0.040881671011447906,0.08626272529363632,0.13487502932548523,0.1857782006263733
results/learning_rules/resnet18_cifar100/resnet18_cifar100_bp_rtp_lam0p3_e100_20260514_131724_12873750,layer3.1.conv2,256,131072,0.033550240099430084,0.06099830940365791,0.05588683485984802,-0.004305863752961159,0.036316558718681335,0.0730389654636383,0.008629393763840199,0.04353555664420128
results/learning_rules/resnet18_cifar100/resnet18_cifar100_bp_rtp_lam0p3_e100_20260514_131724_12873750,layer4.0.conv1,512,32768,0.013765454292297363,0.06034006178379059,0.05009680986404419,-0.0275985486805439,0.01895231008529663,0.05572672188282013,0.1299918293952942,0.19152604043483734
results/learning_rules/resnet18_cifar100/resnet18_cifar100_bp_rtp_lam0p3_e100_20260514_131724_12873750,layer4.0.conv2,512,32768,-0.017282741144299507,0.0571109876036644,0.047670699656009674,-0.05487225204706192,-0.017986390739679337,0.020628634840250015,0.021957702934741974,0.11888296157121658
results/learning_rules/resnet18_cifar100/resnet18_cifar100_bp_rtp_lam0p3_e100_20260514_131724_12873750,layer4.0.downsample.0,512,32768,0.001357347471639514,0.06497453898191452,0.05244537815451622,-0.047891974449157715,0.00017824876704253256,0.04801947996020317,0.02294713258743286,0.07483427971601486
results/learning_rules/resnet18_cifar100/resnet18_cifar100_bp_rtp_lam0p3_e100_20260514_131724_12873750,layer4.1.conv1,512,32768,-0.07610452175140381,0.05063624307513237,0.07980494201183319,-0.11057932674884796,-0.07886390388011932,-0.043943651020526886,0.05551500245928764,0.23854345083236694
results/learning_rules/resnet18_cifar100/resnet18_cifar100_bp_rtp_lam0p3_e100_20260514_131724_12873750,layer4.1.conv2,512,32768,0.028742676600813866,0.06562674790620804,0.058016955852508545,-0.01923728734254837,0.02960173785686493,0.08022036403417587,0.005096706561744213,0.16146323084831238
results/learning_rules/resnet18_cifar100/resnet18_cifar100_bp_rtp_lam0p3_e100_20260514_132240_12873751,conv1,64,131072,0.042756587266922,0.4990147352218628,0.4122815728187561,-0.31986555457115173,0.048890240490436554,0.4113694131374359,0.6678013801574707,0.266131192445755
results/learning_rules/resnet18_cifar100/resnet18_cifar100_bp_rtp_lam0p3_e100_20260514_132240_12873751,layer1.0.conv1,64,131072,0.011438975110650063,0.17630508542060852,0.14326851069927216,-0.12200482934713364,-0.005469543393701315,0.13251948356628418,0.10468000173568726,0.05459727346897125
results/learning_rules/resnet18_cifar100/resnet18_cifar100_bp_rtp_lam0p3_e100_20260514_132240_12873751,layer1.0.conv2,64,131072,-0.00027738569770008326,0.09873709082603455,0.07775633782148361,-0.047078266739845276,0.02249748259782791,0.0689835175871849,0.07288409769535065,0.03846001997590065
results/learning_rules/resnet18_cifar100/resnet18_cifar100_bp_rtp_lam0p3_e100_20260514_132240_12873751,layer1.1.conv1,64,131072,0.01869608834385872,0.11701595038175583,0.09707589447498322,-0.0711478665471077,0.02879357524216175,0.09567614644765854,0.16497570276260376,0.062252167612314224
results/learning_rules/resnet18_cifar100/resnet18_cifar100_bp_rtp_lam0p3_e100_20260514_132240_12873751,layer1.1.conv2,64,131072,-0.012961353175342083,0.10114648938179016,0.08250675350427628,-0.0774683728814125,-0.012493394315242767,0.05510367453098297,0.01042441837489605,0.0145103195682168
results/learning_rules/resnet18_cifar100/resnet18_cifar100_bp_rtp_lam0p3_e100_20260514_132240_12873751,layer2.0.conv1,128,131072,0.04324204474687576,0.12777003645896912,0.10630041360855103,-0.042024966329336166,0.03246419504284859,0.132043719291687,0.2235013246536255,0.06837437301874161
results/learning_rules/resnet18_cifar100/resnet18_cifar100_bp_rtp_lam0p3_e100_20260514_132240_12873751,layer2.0.conv2,128,131072,-0.007493738085031509,0.13719843327999115,0.10610608756542206,-0.09761083126068115,-0.004197008442133665,0.06581959128379822,0.06226562336087227,0.05276164785027504
results/learning_rules/resnet18_cifar100/resnet18_cifar100_bp_rtp_lam0p3_e100_20260514_132240_12873751,layer2.0.downsample.0,128,131072,0.02802458591759205,0.11690126359462738,0.09402300417423248,-0.05163440853357315,0.010139986872673035,0.11040055006742477,0.03275304660201073,0.02405085414648056
results/learning_rules/resnet18_cifar100/resnet18_cifar100_bp_rtp_lam0p3_e100_20260514_132240_12873751,layer2.1.conv1,128,131072,0.04578899219632149,0.14419908821582794,0.12102635204792023,-0.037289101630449295,0.057819806039333344,0.14231909811496735,0.17636413872241974,0.10886280238628387
results/learning_rules/resnet18_cifar100/resnet18_cifar100_bp_rtp_lam0p3_e100_20260514_132240_12873751,layer2.1.conv2,128,131072,-0.031855471432209015,0.08999006450176239,0.07706189155578613,-0.08781149238348007,-0.03632982075214386,0.033407580107450485,0.01680934801697731,0.028017999604344368
results/learning_rules/resnet18_cifar100/resnet18_cifar100_bp_rtp_lam0p3_e100_20260514_132240_12873751,layer3.0.conv1,256,131072,-0.05984128266572952,0.1361760050058365,0.12374216318130493,-0.15845301747322083,-0.07070165872573853,0.04607277736067772,0.22605052590370178,0.10739585012197495
results/learning_rules/resnet18_cifar100/resnet18_cifar100_bp_rtp_lam0p3_e100_20260514_132240_12873751,layer3.0.conv2,256,131072,0.00473660696297884,0.09081192314624786,0.07162156701087952,-0.056653983891010284,0.008006587624549866,0.05767328292131424,0.07533431053161621,0.08759790658950806
results/learning_rules/resnet18_cifar100/resnet18_cifar100_bp_rtp_lam0p3_e100_20260514_132240_12873751,layer3.0.downsample.0,256,131072,-0.021364158019423485,0.1463012993335724,0.11812185496091843,-0.1220708042383194,-0.02058274671435356,0.07948768138885498,0.02925446443259716,0.03799893707036972
results/learning_rules/resnet18_cifar100/resnet18_cifar100_bp_rtp_lam0p3_e100_20260514_132240_12873751,layer3.1.conv1,256,131072,0.016441967338323593,0.07305449992418289,0.059048138558864594,-0.028071878477931023,0.018347036093473434,0.06858251988887787,0.1342790573835373,0.16646477580070496
results/learning_rules/resnet18_cifar100/resnet18_cifar100_bp_rtp_lam0p3_e100_20260514_132240_12873751,layer3.1.conv2,256,131072,-0.006552675738930702,0.04916909709572792,0.040292493999004364,-0.0426320806145668,-0.0034526691306382418,0.027402006089687347,0.008709999732673168,0.04244016110897064
results/learning_rules/resnet18_cifar100/resnet18_cifar100_bp_rtp_lam0p3_e100_20260514_132240_12873751,layer4.0.conv1,512,32768,-0.026458684355020523,0.06693330407142639,0.057975511997938156,-0.07137241214513779,-0.03073444776237011,0.01307014562189579,0.1314655840396881,0.16829779744148254
results/learning_rules/resnet18_cifar100/resnet18_cifar100_bp_rtp_lam0p3_e100_20260514_132240_12873751,layer4.0.conv2,512,32768,-0.026690959930419922,0.06197848916053772,0.05545518919825554,-0.07094172388315201,-0.030848635360598564,0.017497189342975616,0.022266125306487083,0.10302475839853287
results/learning_rules/resnet18_cifar100/resnet18_cifar100_bp_rtp_lam0p3_e100_20260514_132240_12873751,layer4.0.downsample.0,512,32768,-0.016067862510681152,0.06926944106817245,0.05726751685142517,-0.0663444772362709,-0.01670329086482525,0.030243372544646263,0.023274624720215797,0.06291525065898895
results/learning_rules/resnet18_cifar100/resnet18_cifar100_bp_rtp_lam0p3_e100_20260514_132240_12873751,layer4.1.conv1,512,32768,-0.15243536233901978,0.05348007380962372,0.1525343954563141,-0.1894552856683731,-0.15364313125610352,-0.12199535220861435,0.05750231072306633,0.21285688877105713
results/learning_rules/resnet18_cifar100/resnet18_cifar100_bp_rtp_lam0p3_e100_20260514_132240_12873751,layer4.1.conv2,512,32768,0.027175340801477432,0.06315232813358307,0.055518873035907745,-0.021107448264956474,0.025641607120633125,0.07226327806711197,0.004994913004338741,0.13966889679431915
results/learning_rules/resnet18_cifar100/resnet18_cifar100_bp_rtp_lam1_e100_20260514_134630_12873752,conv1,64,131072,0.0001520588994026184,0.5139681696891785,0.43299761414527893,-0.4135303497314453,-0.0030877776443958282,0.3888116776943207,0.631804883480072,0.2437407672405243
results/learning_rules/resnet18_cifar100/resnet18_cifar100_bp_rtp_lam1_e100_20260514_134630_12873752,layer1.0.conv1,64,131072,-0.017842186614871025,0.1308794468641281,0.10473832488059998,-0.09773049503564835,-0.019342169165611267,0.06501295417547226,0.09557259827852249,0.08562636375427246
results/learning_rules/resnet18_cifar100/resnet18_cifar100_bp_rtp_lam1_e100_20260514_134630_12873752,layer1.0.conv2,64,131072,-0.0015785545110702515,0.07782554626464844,0.058246612548828125,-0.056614167988300323,-0.014646118506789207,0.03950875997543335,0.06453461199998856,0.05863700807094574
results/learning_rules/resnet18_cifar100/resnet18_cifar100_bp_rtp_lam1_e100_20260514_134630_12873752,layer1.1.conv1,64,131072,0.01237933337688446,0.1058560162782669,0.08743814378976822,-0.059781309217214584,0.011029300279915333,0.09734655171632767,0.15726730227470398,0.08286283910274506
results/learning_rules/resnet18_cifar100/resnet18_cifar100_bp_rtp_lam1_e100_20260514_134630_12873752,layer1.1.conv2,64,131072,0.002989057917147875,0.10860878229141235,0.08852458000183105,-0.0791792944073677,-0.010689356364309788,0.06536448746919632,0.016868045553565025,0.020273620262742043
results/learning_rules/resnet18_cifar100/resnet18_cifar100_bp_rtp_lam1_e100_20260514_134630_12873752,layer2.0.conv1,128,131072,-0.012997107580304146,0.0811973586678505,0.0672040656208992,-0.06716752797365189,-0.01776178553700447,0.047564417123794556,0.1874779462814331,0.09230954945087433
results/learning_rules/resnet18_cifar100/resnet18_cifar100_bp_rtp_lam1_e100_20260514_134630_12873752,layer2.0.conv2,128,131072,0.02346010133624077,0.13757258653640747,0.10835397243499756,-0.06391134858131409,0.022437121719121933,0.10498914867639542,0.05949823185801506,0.07362926751375198
results/learning_rules/resnet18_cifar100/resnet18_cifar100_bp_rtp_lam1_e100_20260514_134630_12873752,layer2.0.downsample.0,128,131072,-0.034959230571985245,0.11152490973472595,0.08913089334964752,-0.09798316657543182,-0.028953779488801956,0.03406836465001106,0.023571770638227463,0.03318306431174278
results/learning_rules/resnet18_cifar100/resnet18_cifar100_bp_rtp_lam1_e100_20260514_134630_12873752,layer2.1.conv1,128,131072,0.02296612784266472,0.10291018337011337,0.08186952769756317,-0.04254097864031792,0.025492627173662186,0.08558918535709381,0.17213720083236694,0.14554041624069214
results/learning_rules/resnet18_cifar100/resnet18_cifar100_bp_rtp_lam1_e100_20260514_134630_12873752,layer2.1.conv2,128,131072,-0.005422932095825672,0.0695510134100914,0.054039690643548965,-0.05238405615091324,-0.000774113810621202,0.038857124745845795,0.01503262110054493,0.027306867763400078
results/learning_rules/resnet18_cifar100/resnet18_cifar100_bp_rtp_lam1_e100_20260514_134630_12873752,layer3.0.conv1,256,131072,-0.02558239921927452,0.1065588966012001,0.08423509448766708,-0.08569152653217316,-0.018227573484182358,0.044215261936187744,0.24176499247550964,0.1357450932264328
results/learning_rules/resnet18_cifar100/resnet18_cifar100_bp_rtp_lam1_e100_20260514_134630_12873752,layer3.0.conv2,256,131072,-0.01036044955253601,0.08050890266895294,0.0642869770526886,-0.06458893418312073,-0.005223657935857773,0.040655918419361115,0.07511058449745178,0.10020212084054947
results/learning_rules/resnet18_cifar100/resnet18_cifar100_bp_rtp_lam1_e100_20260514_134630_12873752,layer3.0.downsample.0,256,131072,-0.005437412299215794,0.09748376160860062,0.07739235460758209,-0.06908939778804779,-0.007916586473584175,0.05637471005320549,0.028031814843416214,0.04922788590192795
results/learning_rules/resnet18_cifar100/resnet18_cifar100_bp_rtp_lam1_e100_20260514_134630_12873752,layer3.1.conv1,256,131072,-0.008996781893074512,0.06654578447341919,0.05229600518941879,-0.05249606445431709,-0.0072495038621127605,0.030242791399359703,0.13356252014636993,0.18943852186203003
results/learning_rules/resnet18_cifar100/resnet18_cifar100_bp_rtp_lam1_e100_20260514_134630_12873752,layer3.1.conv2,256,131072,-0.03227438032627106,0.05441658943891525,0.0504436157643795,-0.06799396127462387,-0.029008882120251656,0.00427956972271204,0.008616924285888672,0.04491035267710686
results/learning_rules/resnet18_cifar100/resnet18_cifar100_bp_rtp_lam1_e100_20260514_134630_12873752,layer4.0.conv1,512,32768,-0.01219992060214281,0.05542120337486267,0.04586087167263031,-0.04965128377079964,-0.011297956109046936,0.024891018867492676,0.1403091996908188,0.19988691806793213
results/learning_rules/resnet18_cifar100/resnet18_cifar100_bp_rtp_lam1_e100_20260514_134630_12873752,layer4.0.conv2,512,32768,-0.03825748339295387,0.07773876935243607,0.0723988264799118,-0.09467019140720367,-0.04631161317229271,0.01352370623499155,0.022301580756902695,0.12634582817554474
results/learning_rules/resnet18_cifar100/resnet18_cifar100_bp_rtp_lam1_e100_20260514_134630_12873752,layer4.0.downsample.0,512,32768,0.00025319744599983096,0.060498546808958054,0.04778936505317688,-0.040298670530319214,0.0018356726504862309,0.038237668573856354,0.023441368713974953,0.07493788003921509
results/learning_rules/resnet18_cifar100/resnet18_cifar100_bp_rtp_lam1_e100_20260514_134630_12873752,layer4.1.conv1,512,32768,-0.11218561232089996,0.052493590861558914,0.1135016605257988,-0.14416612684726715,-0.1122487336397171,-0.07963074743747711,0.052517879754304886,0.23292866349220276
results/learning_rules/resnet18_cifar100/resnet18_cifar100_bp_rtp_lam1_e100_20260514_134630_12873752,layer4.1.conv2,512,32768,0.036326974630355835,0.07601185888051987,0.06943599879741669,-0.018305353820323944,0.03921876847743988,0.09093460440635681,0.005429037380963564,0.16095969080924988
results/learning_rules/resnet18_cifar100/resnet18_cifar100_bp_rtp_lam1_e100_20260514_135356_12873754,conv1,64,131072,0.0344664566218853,0.4803970754146576,0.39790600538253784,-0.3131679594516754,0.039090052247047424,0.47943854331970215,0.6664599776268005,0.22271446883678436
results/learning_rules/resnet18_cifar100/resnet18_cifar100_bp_rtp_lam1_e100_20260514_135356_12873754,layer1.0.conv1,64,131072,0.009929468855261803,0.16749896109104156,0.1369394063949585,-0.11441829800605774,0.027229830622673035,0.1268632411956787,0.09207196533679962,0.07318664342164993
results/learning_rules/resnet18_cifar100/resnet18_cifar100_bp_rtp_lam1_e100_20260514_135356_12873754,layer1.0.conv2,64,131072,0.010263261385262012,0.08652105927467346,0.06393484026193619,-0.030901556834578514,0.00820886343717575,0.06434566527605057,0.06781245768070221,0.04811700060963631
results/learning_rules/resnet18_cifar100/resnet18_cifar100_bp_rtp_lam1_e100_20260514_135356_12873754,layer1.1.conv1,64,131072,0.0051686642691493034,0.09936913847923279,0.08186331391334534,-0.06055975332856178,0.022776715457439423,0.08816097676753998,0.15196502208709717,0.06572327017784119
results/learning_rules/resnet18_cifar100/resnet18_cifar100_bp_rtp_lam1_e100_20260514_135356_12873754,layer1.1.conv2,64,131072,0.005665002390742302,0.07164645940065384,0.05625343695282936,-0.0569533035159111,0.004200737923383713,0.043561916798353195,0.011683677323162556,0.014339340850710869
results/learning_rules/resnet18_cifar100/resnet18_cifar100_bp_rtp_lam1_e100_20260514_135356_12873754,layer2.0.conv1,128,131072,-0.026687413454055786,0.09045332670211792,0.07945099472999573,-0.09661591053009033,-0.035031214356422424,0.05192097648978233,0.2090798020362854,0.07573974132537842
results/learning_rules/resnet18_cifar100/resnet18_cifar100_bp_rtp_lam1_e100_20260514_135356_12873754,layer2.0.conv2,128,131072,-0.0224246047437191,0.1123356968164444,0.08783768117427826,-0.08198340982198715,-0.01154835894703865,0.05075150728225708,0.05736339092254639,0.051242295652627945
results/learning_rules/resnet18_cifar100/resnet18_cifar100_bp_rtp_lam1_e100_20260514_135356_12873754,layer2.0.downsample.0,128,131072,0.003247304819524288,0.10539695620536804,0.0836460068821907,-0.06770492345094681,0.007187223993241787,0.0758075937628746,0.028802378103137016,0.02730627730488777
results/learning_rules/resnet18_cifar100/resnet18_cifar100_bp_rtp_lam1_e100_20260514_135356_12873754,layer2.1.conv1,128,131072,0.0027849129401147366,0.07507378607988358,0.06105075776576996,-0.04706703498959541,0.00652550021186471,0.05705149844288826,0.16900739073753357,0.10006342083215714
results/learning_rules/resnet18_cifar100/resnet18_cifar100_bp_rtp_lam1_e100_20260514_135356_12873754,layer2.1.conv2,128,131072,0.025553308427333832,0.06543047726154327,0.05620716139674187,-0.021574893966317177,0.02764558047056198,0.07292268425226212,0.015212500467896461,0.027584830299019814
results/learning_rules/resnet18_cifar100/resnet18_cifar100_bp_rtp_lam1_e100_20260514_135356_12873754,layer3.0.conv1,256,131072,-0.015600989572703838,0.08127923309803009,0.0633205771446228,-0.0647406205534935,-0.0065949782729148865,0.04430742189288139,0.2217167615890503,0.09946814924478531
results/learning_rules/resnet18_cifar100/resnet18_cifar100_bp_rtp_lam1_e100_20260514_135356_12873754,layer3.0.conv2,256,131072,-0.01572098396718502,0.064028300344944,0.052756354212760925,-0.05467132478952408,-0.016604367643594742,0.027739746496081352,0.07551270723342896,0.08346426486968994
results/learning_rules/resnet18_cifar100/resnet18_cifar100_bp_rtp_lam1_e100_20260514_135356_12873754,layer3.0.downsample.0,256,131072,-0.010585879907011986,0.09583192318677902,0.07615883648395538,-0.07563231885433197,-0.011459136381745338,0.04644389823079109,0.026038477197289467,0.03443142771720886
results/learning_rules/resnet18_cifar100/resnet18_cifar100_bp_rtp_lam1_e100_20260514_135356_12873754,layer3.1.conv1,256,131072,-0.0073743234388530254,0.057014454156160355,0.04504813998937607,-0.041832227259874344,-0.009758125990629196,0.024281095713377,0.1298748403787613,0.16694918274879456
results/learning_rules/resnet18_cifar100/resnet18_cifar100_bp_rtp_lam1_e100_20260514_135356_12873754,layer3.1.conv2,256,131072,-0.02275959774851799,0.05147532746195793,0.04491834342479706,-0.05736352130770683,-0.02282477170228958,0.012190164066851139,0.008036538027226925,0.043559662997722626
results/learning_rules/resnet18_cifar100/resnet18_cifar100_bp_rtp_lam1_e100_20260514_135356_12873754,layer4.0.conv1,512,32768,-0.026253674179315567,0.06428586691617966,0.05554555356502533,-0.06725449115037918,-0.026446186006069183,0.017437320202589035,0.13542874157428741,0.17817741632461548
results/learning_rules/resnet18_cifar100/resnet18_cifar100_bp_rtp_lam1_e100_20260514_135356_12873754,layer4.0.conv2,512,32768,-0.03372082859277725,0.07353010773658752,0.06775309145450592,-0.08248259127140045,-0.04044608399271965,0.018514949828386307,0.0219356007874012,0.10792045295238495
results/learning_rules/resnet18_cifar100/resnet18_cifar100_bp_rtp_lam1_e100_20260514_135356_12873754,layer4.0.downsample.0,512,32768,-0.007930654101073742,0.06394500285387039,0.05139535665512085,-0.050475914031267166,-0.009337808936834335,0.036129266023635864,0.022023377940058708,0.06569890677928925
results/learning_rules/resnet18_cifar100/resnet18_cifar100_bp_rtp_lam1_e100_20260514_135356_12873754,layer4.1.conv1,512,32768,-0.13598012924194336,0.0609208345413208,0.13718421757221222,-0.17941826581954956,-0.13861829042434692,-0.09946395456790924,0.0536826029419899,0.21292206645011902
results/learning_rules/resnet18_cifar100/resnet18_cifar100_bp_rtp_lam1_e100_20260514_135356_12873754,layer4.1.conv2,512,32768,0.019648289307951927,0.06500200927257538,0.05234067887067795,-0.022290635854005814,0.014424072578549385,0.05804123729467392,0.005379896145313978,0.1534457951784134
results/learning_rules/resnet18_cifar100/resnet18_cifar100_bp_tard_lam0p03_e100_20260514_102620_12873738,conv1,64,131072,0.034479156136512756,0.5838692784309387,0.5125235319137573,-0.44182494282722473,-0.03403694927692413,0.5962522029876709,0.7012684345245361,0.2511199712753296
results/learning_rules/resnet18_cifar100/resnet18_cifar100_bp_tard_lam0p03_e100_20260514_102620_12873738,layer1.0.conv1,64,131072,-0.01224326528608799,0.1482839584350586,0.11808153241872787,-0.09745647013187408,-0.013619203120470047,0.08645570278167725,0.10815149545669556,0.07883081585168839
results/learning_rules/resnet18_cifar100/resnet18_cifar100_bp_tard_lam0p03_e100_20260514_102620_12873738,layer1.0.conv2,64,131072,0.021693984046578407,0.09124456346035004,0.0780961886048317,-0.037134867161512375,0.03685518354177475,0.07894594967365265,0.07259397208690643,0.05251467600464821
results/learning_rules/resnet18_cifar100/resnet18_cifar100_bp_tard_lam0p03_e100_20260514_102620_12873738,layer1.1.conv1,64,131072,0.03566582500934601,0.13624075055122375,0.12292040884494781,-0.07280881702899933,0.0668235719203949,0.15280507504940033,0.17920298874378204,0.06315719336271286
results/learning_rules/resnet18_cifar100/resnet18_cifar100_bp_tard_lam0p03_e100_20260514_102620_12873738,layer1.1.conv2,64,131072,-0.02294141799211502,0.10656319558620453,0.08779226988554001,-0.09450875222682953,-0.027077367529273033,0.042198553681373596,0.015117913484573364,0.015484697185456753
results/learning_rules/resnet18_cifar100/resnet18_cifar100_bp_tard_lam0p03_e100_20260514_102620_12873738,layer2.0.conv1,128,131072,-0.018847543746232986,0.09078427404165268,0.07795803993940353,-0.08371711522340775,-0.030992301180958748,0.04301348328590393,0.19556206464767456,0.07006176561117172
results/learning_rules/resnet18_cifar100/resnet18_cifar100_bp_tard_lam0p03_e100_20260514_102620_12873738,layer2.0.conv2,128,131072,0.002629023976624012,0.12523403763771057,0.09974486380815506,-0.07815073430538177,0.0060083759017288685,0.0891278088092804,0.06189434230327606,0.04748603701591492
results/learning_rules/resnet18_cifar100/resnet18_cifar100_bp_tard_lam0p03_e100_20260514_102620_12873738,layer2.0.downsample.0,128,131072,-0.047755587846040726,0.14444531500339508,0.12191475182771683,-0.15090011060237885,-0.04052777960896492,0.049436330795288086,0.02707844041287899,0.02479875274002552
results/learning_rules/resnet18_cifar100/resnet18_cifar100_bp_tard_lam0p03_e100_20260514_102620_12873738,layer2.1.conv1,128,131072,0.010036987252533436,0.08514480292797089,0.06712299585342407,-0.033976152539253235,0.010682223364710808,0.056890275329351425,0.1761431097984314,0.10764130204916
results/learning_rules/resnet18_cifar100/resnet18_cifar100_bp_tard_lam0p03_e100_20260514_102620_12873738,layer2.1.conv2,128,131072,0.00979482289403677,0.07433771342039108,0.061762675642967224,-0.04495229572057724,0.010242102667689323,0.06382686644792557,0.017457012087106705,0.028441257774829865
results/learning_rules/resnet18_cifar100/resnet18_cifar100_bp_tard_lam0p03_e100_20260514_102620_12873738,layer3.0.conv1,256,131072,-0.011141136288642883,0.0975031703710556,0.07606423646211624,-0.06765583157539368,-0.009222876280546188,0.05266167223453522,0.23839592933654785,0.11282984167337418
results/learning_rules/resnet18_cifar100/resnet18_cifar100_bp_tard_lam0p03_e100_20260514_102620_12873738,layer3.0.conv2,256,131072,-0.017450470477342606,0.09447826445102692,0.07661019265651703,-0.0786181390285492,-0.018477218225598335,0.04088309407234192,0.0763440728187561,0.09506687521934509
results/learning_rules/resnet18_cifar100/resnet18_cifar100_bp_tard_lam0p03_e100_20260514_102620_12873738,layer3.0.downsample.0,256,131072,-0.018741505220532417,0.11177189648151398,0.08993875980377197,-0.09096155315637589,-0.022668974474072456,0.05547293275594711,0.03317047655582428,0.039094626903533936
results/learning_rules/resnet18_cifar100/resnet18_cifar100_bp_tard_lam0p03_e100_20260514_102620_12873738,layer3.1.conv1,256,131072,-0.028129011392593384,0.06262380629777908,0.05662297457456589,-0.0691874697804451,-0.037563256919384,0.008715162985026836,0.13834376633167267,0.18542519211769104
results/learning_rules/resnet18_cifar100/resnet18_cifar100_bp_tard_lam0p03_e100_20260514_102620_12873738,layer3.1.conv2,256,131072,-0.02360687404870987,0.058234941214323044,0.05206580087542534,-0.06696707010269165,-0.03153593838214874,0.01971815899014473,0.009068937040865421,0.04303709417581558
results/learning_rules/resnet18_cifar100/resnet18_cifar100_bp_tard_lam0p03_e100_20260514_102620_12873738,layer4.0.conv1,512,32768,-0.0038469466380774975,0.07396169006824493,0.05833752080798149,-0.05122258514165878,-0.005926935467869043,0.04087133705615997,0.1260083168745041,0.1834663599729538
results/learning_rules/resnet18_cifar100/resnet18_cifar100_bp_tard_lam0p03_e100_20260514_102620_12873738,layer4.0.conv2,512,32768,-0.05049686133861542,0.0891636312007904,0.08663232624530792,-0.11759506165981293,-0.05933729559183121,0.0157674141228199,0.022060155868530273,0.11693823337554932
results/learning_rules/resnet18_cifar100/resnet18_cifar100_bp_tard_lam0p03_e100_20260514_102620_12873738,layer4.0.downsample.0,512,32768,0.00924398098140955,0.08687104284763336,0.07102765887975693,-0.05234920233488083,0.006098024547100067,0.07411487400531769,0.023312024772167206,0.06775668263435364
results/learning_rules/resnet18_cifar100/resnet18_cifar100_bp_tard_lam0p03_e100_20260514_102620_12873738,layer4.1.conv1,512,32768,-0.15936599671840668,0.0535968579351902,0.15944591164588928,-0.19557560980319977,-0.162793830037117,-0.1217995434999466,0.05659620463848114,0.22770273685455322
results/learning_rules/resnet18_cifar100/resnet18_cifar100_bp_tard_lam0p03_e100_20260514_102620_12873738,layer4.1.conv2,512,32768,0.0272345133125782,0.05850822851061821,0.05291024222970009,-0.013542002998292446,0.030043378472328186,0.06735850870609283,0.005267707630991936,0.15210369229316711
results/learning_rules/resnet18_cifar100/resnet18_cifar100_bp_tard_lam0p03_e100_20260514_103326_12873739,conv1,64,131072,0.01771397888660431,0.5522578358650208,0.4563825726509094,-0.42943820357322693,0.04285756126046181,0.42380303144454956,0.723529040813446,0.31160885095596313
results/learning_rules/resnet18_cifar100/resnet18_cifar100_bp_tard_lam0p03_e100_20260514_103326_12873739,layer1.0.conv1,64,131072,-0.006656107492744923,0.15002338588237762,0.12310871481895447,-0.09416476637125015,-0.024931427091360092,0.10259664058685303,0.10966936498880386,0.09035395085811615
results/learning_rules/resnet18_cifar100/resnet18_cifar100_bp_tard_lam0p03_e100_20260514_103326_12873739,layer1.0.conv2,64,131072,0.011105168610811234,0.07871552556753159,0.0592506118118763,-0.046318333595991135,0.008289385586977005,0.052582960575819016,0.0831017717719078,0.07130829989910126
results/learning_rules/resnet18_cifar100/resnet18_cifar100_bp_tard_lam0p03_e100_20260514_103326_12873739,layer1.1.conv1,64,131072,0.02985440008342266,0.087613046169281,0.07497841119766235,-0.01591547578573227,0.0382193848490715,0.09154899418354034,0.17656108736991882,0.09822776913642883
results/learning_rules/resnet18_cifar100/resnet18_cifar100_bp_tard_lam0p03_e100_20260514_103326_12873739,layer1.1.conv2,64,131072,-0.0014002465177327394,0.10161378979682922,0.0855851024389267,-0.08403763920068741,0.007041252683848143,0.06783474236726761,0.010674934834241867,0.014126786962151527
results/learning_rules/resnet18_cifar100/resnet18_cifar100_bp_tard_lam0p03_e100_20260514_103326_12873739,layer2.0.conv1,128,131072,0.0076380507089197636,0.10085725039243698,0.08231383562088013,-0.06419897824525833,0.0034678089432418346,0.07647594064474106,0.2276248037815094,0.10129199177026749
results/learning_rules/resnet18_cifar100/resnet18_cifar100_bp_tard_lam0p03_e100_20260514_103326_12873739,layer2.0.conv2,128,131072,-0.019665248692035675,0.10128803551197052,0.07995077967643738,-0.08194775879383087,-0.021870020776987076,0.042462050914764404,0.06462595611810684,0.05636143684387207
results/learning_rules/resnet18_cifar100/resnet18_cifar100_bp_tard_lam0p03_e100_20260514_103326_12873739,layer2.0.downsample.0,128,131072,-0.006339067593216896,0.13125582039356232,0.10434446483850479,-0.09398740530014038,0.0024015652015805244,0.07961459457874298,0.03404795005917549,0.03581119701266289
results/learning_rules/resnet18_cifar100/resnet18_cifar100_bp_tard_lam0p03_e100_20260514_103326_12873739,layer2.1.conv1,128,131072,0.03592870384454727,0.0886167362332344,0.0784311294555664,-0.027426959946751595,0.03610912710428238,0.10254708677530289,0.18325074017047882,0.14452628791332245
results/learning_rules/resnet18_cifar100/resnet18_cifar100_bp_tard_lam0p03_e100_20260514_103326_12873739,layer2.1.conv2,128,131072,-0.009995419532060623,0.10405988246202469,0.08534301817417145,-0.07984475046396255,-0.023318808525800705,0.0634603202342987,0.01840152032673359,0.03228805959224701
results/learning_rules/resnet18_cifar100/resnet18_cifar100_bp_tard_lam0p03_e100_20260514_103326_12873739,layer3.0.conv1,256,131072,-0.03905032202601433,0.10503794997930527,0.09123072773218155,-0.10912325978279114,-0.04376908764243126,0.028373096138238907,0.22799399495124817,0.1404488980770111
results/learning_rules/resnet18_cifar100/resnet18_cifar100_bp_tard_lam0p03_e100_20260514_103326_12873739,layer3.0.conv2,256,131072,0.003742137923836708,0.0714249387383461,0.055513981729745865,-0.04206885024905205,0.0012827387545257807,0.04732028767466545,0.0775429978966713,0.10961423069238663
results/learning_rules/resnet18_cifar100/resnet18_cifar100_bp_tard_lam0p03_e100_20260514_103326_12873739,layer3.0.downsample.0,256,131072,-0.015608417801558971,0.11572673916816711,0.09199867397546768,-0.09034053981304169,-0.009948606602847576,0.05884391814470291,0.031970586627721786,0.05251282453536987
results/learning_rules/resnet18_cifar100/resnet18_cifar100_bp_tard_lam0p03_e100_20260514_103326_12873739,layer3.1.conv1,256,131072,0.02419489622116089,0.05750194191932678,0.05087815225124359,-0.018151994794607162,0.02824746072292328,0.06608293205499649,0.13789428770542145,0.21142138540744781
results/learning_rules/resnet18_cifar100/resnet18_cifar100_bp_tard_lam0p03_e100_20260514_103326_12873739,layer3.1.conv2,256,131072,0.015115422196686268,0.05307973548769951,0.04333881288766861,-0.017688864842057228,0.012936705723404884,0.04863058403134346,0.009443388320505619,0.048357076942920685
results/learning_rules/resnet18_cifar100/resnet18_cifar100_bp_tard_lam0p03_e100_20260514_103326_12873739,layer4.0.conv1,512,32768,-0.011045248247683048,0.06786299496889114,0.055045437067747116,-0.055498361587524414,-0.01369001716375351,0.029975082725286484,0.12744538486003876,0.20594669878482819
results/learning_rules/resnet18_cifar100/resnet18_cifar100_bp_tard_lam0p03_e100_20260514_103326_12873739,layer4.0.conv2,512,32768,-0.027821775525808334,0.07283376157283783,0.0644712820649147,-0.07959333807229996,-0.03425629436969757,0.01651141047477722,0.02253817394375801,0.1261170208454132
results/learning_rules/resnet18_cifar100/resnet18_cifar100_bp_tard_lam0p03_e100_20260514_103326_12873739,layer4.0.downsample.0,512,32768,-0.0026055925991386175,0.07400897890329361,0.060449935495853424,-0.05728747323155403,-0.0035714562982320786,0.04739157855510712,0.023139111697673798,0.07786828279495239
results/learning_rules/resnet18_cifar100/resnet18_cifar100_bp_tard_lam0p03_e100_20260514_103326_12873739,layer4.1.conv1,512,32768,-0.13535329699516296,0.049945633858442307,0.1355658620595932,-0.17102965712547302,-0.13668286800384521,-0.10360363125801086,0.05946149304509163,0.24130207300186157
results/learning_rules/resnet18_cifar100/resnet18_cifar100_bp_tard_lam0p03_e100_20260514_103326_12873739,layer4.1.conv2,512,32768,0.027252493426203728,0.06795760989189148,0.05878134071826935,-0.018834548071026802,0.02732444554567337,0.07607021927833557,0.005134951323270798,0.15695682168006897
results/learning_rules/resnet18_cifar100/resnet18_cifar100_bp_tard_lam0p1_e100_20260514_105713_12873740,conv1,64,131072,0.07960067689418793,0.4882260859012604,0.42295098304748535,-0.29602375626564026,0.11310619860887527,0.4948955178260803,0.6831297874450684,0.1381579339504242
results/learning_rules/resnet18_cifar100/resnet18_cifar100_bp_tard_lam0p1_e100_20260514_105713_12873740,layer1.0.conv1,64,131072,-0.02317720279097557,0.22877193987369537,0.17874382436275482,-0.14421723783016205,0.01172218844294548,0.1263686865568161,0.10606509447097778,0.0646047294139862
results/learning_rules/resnet18_cifar100/resnet18_cifar100_bp_tard_lam0p1_e100_20260514_105713_12873740,layer1.0.conv2,64,131072,0.04171202704310417,0.11432252079248428,0.09816610813140869,-0.03646356239914894,0.04689284786581993,0.1055818721652031,0.07370035350322723,0.04801766574382782
results/learning_rules/resnet18_cifar100/resnet18_cifar100_bp_tard_lam0p1_e100_20260514_105713_12873740,layer1.1.conv1,64,131072,0.0065575847402215,0.123013436794281,0.1025463342666626,-0.10840290784835815,0.01902191713452339,0.10055355727672577,0.18095967173576355,0.059886544942855835
results/learning_rules/resnet18_cifar100/resnet18_cifar100_bp_tard_lam0p1_e100_20260514_105713_12873740,layer1.1.conv2,64,131072,0.0077878208830952644,0.1145632341504097,0.09275487065315247,-0.07448769360780716,-0.001926580909639597,0.07098376750946045,0.015201888978481293,0.012019285000860691
results/learning_rules/resnet18_cifar100/resnet18_cifar100_bp_tard_lam0p1_e100_20260514_105713_12873740,layer2.0.conv1,128,131072,-0.0014817023184150457,0.11293142288923264,0.09431852400302887,-0.0845310389995575,-0.01952345483005047,0.08637761324644089,0.19293805956840515,0.06602590531110764
results/learning_rules/resnet18_cifar100/resnet18_cifar100_bp_tard_lam0p1_e100_20260514_105713_12873740,layer2.0.conv2,128,131072,0.0166253000497818,0.11867627501487732,0.09278609603643417,-0.06350533664226532,0.013235381804406643,0.07787901163101196,0.06069812923669815,0.042627956718206406
results/learning_rules/resnet18_cifar100/resnet18_cifar100_bp_tard_lam0p1_e100_20260514_105713_12873740,layer2.0.downsample.0,128,131072,-0.05342642590403557,0.15006934106349945,0.1296079009771347,-0.1688435822725296,-0.055926740169525146,0.04661213979125023,0.02650892175734043,0.022665981203317642
results/learning_rules/resnet18_cifar100/resnet18_cifar100_bp_tard_lam0p1_e100_20260514_105713_12873740,layer2.1.conv1,128,131072,0.04282350838184357,0.08469496667385101,0.07661175727844238,-0.018282180652022362,0.05183911323547363,0.09502663463354111,0.1762463003396988,0.10716377198696136
results/learning_rules/resnet18_cifar100/resnet18_cifar100_bp_tard_lam0p1_e100_20260514_105713_12873740,layer2.1.conv2,128,131072,0.01674572192132473,0.08113854378461838,0.06645695120096207,-0.045404840260744095,0.015045849606394768,0.07014654576778412,0.017557116225361824,0.02690594643354416
results/learning_rules/resnet18_cifar100/resnet18_cifar100_bp_tard_lam0p1_e100_20260514_105713_12873740,layer3.0.conv1,256,131072,-0.053463611751794815,0.09922074526548386,0.09081614762544632,-0.1195734441280365,-0.053943388164043427,0.009079357609152794,0.23822742700576782,0.10099709033966064
results/learning_rules/resnet18_cifar100/resnet18_cifar100_bp_tard_lam0p1_e100_20260514_105713_12873740,layer3.0.conv2,256,131072,-0.012204470112919807,0.07462436705827713,0.05842796340584755,-0.05283612012863159,-0.012156045995652676,0.037898171693086624,0.07863607257604599,0.08103176206350327
results/learning_rules/resnet18_cifar100/resnet18_cifar100_bp_tard_lam0p1_e100_20260514_105713_12873740,layer3.0.downsample.0,256,131072,-0.021793385967612267,0.11420325189828873,0.09490109980106354,-0.10751587152481079,-0.02009432204067707,0.06644938886165619,0.03276246041059494,0.03618570789694786
results/learning_rules/resnet18_cifar100/resnet18_cifar100_bp_tard_lam0p1_e100_20260514_105713_12873740,layer3.1.conv1,256,131072,-0.006513042841106653,0.06032167375087738,0.047980062663555145,-0.044139664620161057,-0.004129819571971893,0.0355382114648819,0.13867345452308655,0.165675550699234
results/learning_rules/resnet18_cifar100/resnet18_cifar100_bp_tard_lam0p1_e100_20260514_105713_12873740,layer3.1.conv2,256,131072,0.009867298416793346,0.053883396089076996,0.04316597431898117,-0.028404265642166138,0.007748343050479889,0.04539043456315994,0.008668414317071438,0.040429361164569855
results/learning_rules/resnet18_cifar100/resnet18_cifar100_bp_tard_lam0p1_e100_20260514_105713_12873740,layer4.0.conv1,512,32768,0.015446016564965248,0.06060768663883209,0.04927606135606766,-0.024811996147036552,0.01784432865679264,0.05526985228061676,0.13117431104183197,0.17654097080230713
results/learning_rules/resnet18_cifar100/resnet18_cifar100_bp_tard_lam0p1_e100_20260514_105713_12873740,layer4.0.conv2,512,32768,-0.05022382736206055,0.08463588356971741,0.08160118013620377,-0.111840158700943,-0.057098083198070526,0.0025599480140954256,0.022091593593358994,0.11160477995872498
results/learning_rules/resnet18_cifar100/resnet18_cifar100_bp_tard_lam0p1_e100_20260514_105713_12873740,layer4.0.downsample.0,512,32768,0.004004246089607477,0.06665322929620743,0.05391712486743927,-0.04345887899398804,0.00594512140378356,0.049020856618881226,0.024006688967347145,0.06625054031610489
results/learning_rules/resnet18_cifar100/resnet18_cifar100_bp_tard_lam0p1_e100_20260514_105713_12873740,layer4.1.conv1,512,32768,-0.14867250621318817,0.04963293671607971,0.14884741604328156,-0.18206466734409332,-0.15007001161575317,-0.11958053708076477,0.053999632596969604,0.21013709902763367
results/learning_rules/resnet18_cifar100/resnet18_cifar100_bp_tard_lam0p1_e100_20260514_105713_12873740,layer4.1.conv2,512,32768,0.03128436207771301,0.07455265522003174,0.06557030975818634,-0.01859494112432003,0.03384841978549957,0.0831076130270958,0.005045797675848007,0.155166894197464
results/learning_rules/resnet18_cifar100/resnet18_cifar100_bp_tard_lam0p1_e100_20260514_112252_12873741,conv1,64,131072,0.02423522248864174,0.5772722363471985,0.502338707447052,-0.40991660952568054,0.1354266107082367,0.5201054811477661,0.7480864524841309,0.27983537316322327
results/learning_rules/resnet18_cifar100/resnet18_cifar100_bp_tard_lam0p1_e100_20260514_112252_12873741,layer1.0.conv1,64,131072,-0.022638477385044098,0.16937251389026642,0.14394214749336243,-0.1631898134946823,-0.03175930678844452,0.0854758620262146,0.10748216509819031,0.061918556690216064
results/learning_rules/resnet18_cifar100/resnet18_cifar100_bp_tard_lam0p1_e100_20260514_112252_12873741,layer1.0.conv2,64,131072,0.014582453295588493,0.0903601422905922,0.07434243708848953,-0.03535600006580353,0.035542480647563934,0.07757794111967087,0.08264680951833725,0.04354460909962654
results/learning_rules/resnet18_cifar100/resnet18_cifar100_bp_tard_lam0p1_e100_20260514_112252_12873741,layer1.1.conv1,64,131072,0.026767568662762642,0.11028435826301575,0.09663106501102448,-0.048223283141851425,0.03155698627233505,0.10743057727813721,0.1759694516658783,0.07613697648048401
results/learning_rules/resnet18_cifar100/resnet18_cifar100_bp_tard_lam0p1_e100_20260514_112252_12873741,layer1.1.conv2,64,131072,0.007636199239641428,0.10810178518295288,0.08688457310199738,-0.06563469022512436,0.009717069566249847,0.08700896799564362,0.009880760684609413,0.016215847805142403
results/learning_rules/resnet18_cifar100/resnet18_cifar100_bp_tard_lam0p1_e100_20260514_112252_12873741,layer2.0.conv1,128,131072,0.02729170024394989,0.13297100365161896,0.11104424297809601,-0.07514014840126038,0.008465006947517395,0.12547723948955536,0.22741883993148804,0.07862822711467743
results/learning_rules/resnet18_cifar100/resnet18_cifar100_bp_tard_lam0p1_e100_20260514_112252_12873741,layer2.0.conv2,128,131072,0.0008021612884476781,0.10119912773370743,0.0812503919005394,-0.06169335916638374,-0.005240549333393574,0.05939090996980667,0.06352432072162628,0.045155562460422516
results/learning_rules/resnet18_cifar100/resnet18_cifar100_bp_tard_lam0p1_e100_20260514_112252_12873741,layer2.0.downsample.0,128,131072,0.0033545815385878086,0.1202835738658905,0.09709316492080688,-0.08005757629871368,0.0005163503810763359,0.09372007101774216,0.034310996532440186,0.027901526540517807
results/learning_rules/resnet18_cifar100/resnet18_cifar100_bp_tard_lam0p1_e100_20260514_112252_12873741,layer2.1.conv1,128,131072,0.0475640669465065,0.11400527507066727,0.09993232786655426,-0.035487644374370575,0.05918718874454498,0.11252179741859436,0.18131819367408752,0.11308672279119492
results/learning_rules/resnet18_cifar100/resnet18_cifar100_bp_tard_lam0p1_e100_20260514_112252_12873741,layer2.1.conv2,128,131072,-0.0038807366508990526,0.10820388793945312,0.08872857689857483,-0.08061830699443817,0.0010179788805544376,0.07237446308135986,0.018017301335930824,0.02671031840145588
results/learning_rules/resnet18_cifar100/resnet18_cifar100_bp_tard_lam0p1_e100_20260514_112252_12873741,layer3.0.conv1,256,131072,-0.07387197017669678,0.13129524886608124,0.12210877239704132,-0.17203137278556824,-0.07533127814531326,0.011776808649301529,0.22671741247177124,0.11742391437292099
results/learning_rules/resnet18_cifar100/resnet18_cifar100_bp_tard_lam0p1_e100_20260514_112252_12873741,layer3.0.conv2,256,131072,-0.000489130849018693,0.0823240578174591,0.06397013366222382,-0.05057944357395172,-0.0032867956906557083,0.05387473851442337,0.07663367688655853,0.10082526504993439
results/learning_rules/resnet18_cifar100/resnet18_cifar100_bp_tard_lam0p1_e100_20260514_112252_12873741,layer3.0.downsample.0,256,131072,-0.021320849657058716,0.15070955455303192,0.12484851479530334,-0.13563458621501923,-0.0073870643973350525,0.08610124886035919,0.0311955027282238,0.04290343075990677
results/learning_rules/resnet18_cifar100/resnet18_cifar100_bp_tard_lam0p1_e100_20260514_112252_12873741,layer3.1.conv1,256,131072,0.016594432294368744,0.06438195705413818,0.05380939319729805,-0.01724596507847309,0.02166229858994484,0.06129498779773712,0.14261814951896667,0.1993376910686493
results/learning_rules/resnet18_cifar100/resnet18_cifar100_bp_tard_lam0p1_e100_20260514_112252_12873741,layer3.1.conv2,256,131072,-0.031241364777088165,0.053868964314460754,0.05072171613574028,-0.06585545837879181,-0.03191202133893967,0.004974708892405033,0.009227597154676914,0.050779037177562714
results/learning_rules/resnet18_cifar100/resnet18_cifar100_bp_tard_lam0p1_e100_20260514_112252_12873741,layer4.0.conv1,512,32768,-0.024414949119091034,0.06161627918481827,0.053145743906497955,-0.06627808511257172,-0.02614746242761612,0.01605772227048874,0.13259656727313995,0.19400253891944885
results/learning_rules/resnet18_cifar100/resnet18_cifar100_bp_tard_lam0p1_e100_20260514_112252_12873741,layer4.0.conv2,512,32768,-0.024415288120508194,0.057913992553949356,0.051401667296886444,-0.06457766890525818,-0.028979260474443436,0.013635167852044106,0.02302234247326851,0.12112947553396225
results/learning_rules/resnet18_cifar100/resnet18_cifar100_bp_tard_lam0p1_e100_20260514_112252_12873741,layer4.0.downsample.0,512,32768,-0.007901123724877834,0.06820788234472275,0.05574246123433113,-0.05383315682411194,-0.006316934712231159,0.042485423386096954,0.02368684858083725,0.0713542252779007
results/learning_rules/resnet18_cifar100/resnet18_cifar100_bp_tard_lam0p1_e100_20260514_112252_12873741,layer4.1.conv1,512,32768,-0.11890087276697159,0.053315166383981705,0.11964214593172073,-0.15288805961608887,-0.11749044805765152,-0.0852588638663292,0.0568460151553154,0.21985164284706116
results/learning_rules/resnet18_cifar100/resnet18_cifar100_bp_tard_lam0p1_e100_20260514_112252_12873741,layer4.1.conv2,512,32768,0.026363499462604523,0.06638877093791962,0.057062868028879166,-0.019437916576862335,0.025100847706198692,0.06990725547075272,0.0050769648514688015,0.14282160997390747
results/learning_rules/resnet18_cifar100/resnet18_cifar100_bp_tard_lam0p1_e100_20260515_013337_12988921,conv1,64,131072,-0.007925689220428467,0.5839160680770874,0.5168879628181458,-0.5266010761260986,-0.01974433846771717,0.5652883052825928,0.7717072367668152,0.2455502301454544
results/learning_rules/resnet18_cifar100/resnet18_cifar100_bp_tard_lam0p1_e100_20260515_013337_12988921,layer1.0.conv1,64,131072,-0.031474560499191284,0.13638845086097717,0.10865871608257294,-0.10946924239397049,-0.02711908333003521,0.06270574033260345,0.09793400764465332,0.08357032388448715
results/learning_rules/resnet18_cifar100/resnet18_cifar100_bp_tard_lam0p1_e100_20260515_013337_12988921,layer1.0.conv2,64,131072,0.0302084032446146,0.09168143570423126,0.0725540965795517,-0.03419556841254234,0.017027584835886955,0.08884862065315247,0.07214327156543732,0.06791480630636215
results/learning_rules/resnet18_cifar100/resnet18_cifar100_bp_tard_lam0p1_e100_20260515_013337_12988921,layer1.1.conv1,64,131072,0.0008111671777442098,0.10786499828100204,0.08924857527017593,-0.07219171524047852,0.02571122720837593,0.07429903000593185,0.14173680543899536,0.07011745125055313
results/learning_rules/resnet18_cifar100/resnet18_cifar100_bp_tard_lam0p1_e100_20260515_013337_12988921,layer1.1.conv2,64,131072,0.00988454557955265,0.1288420408964157,0.11026556044816971,-0.09862914681434631,0.0159414391964674,0.12331186234951019,0.01180141232907772,0.019811561331152916
results/learning_rules/resnet18_cifar100/resnet18_cifar100_bp_tard_lam0p1_e100_20260515_013337_12988921,layer2.0.conv1,128,131072,-0.012568564154207706,0.09527189284563065,0.080810546875,-0.0863306075334549,-0.015725338831543922,0.05781151354312897,0.19312478601932526,0.0667622908949852
results/learning_rules/resnet18_cifar100/resnet18_cifar100_bp_tard_lam0p1_e100_20260515_013337_12988921,layer2.0.conv2,128,131072,0.056710824370384216,0.15503917634487152,0.13553406298160553,-0.05839163064956665,0.07269607484340668,0.15557877719402313,0.06771140545606613,0.05295492336153984
results/learning_rules/resnet18_cifar100/resnet18_cifar100_bp_tard_lam0p1_e100_20260515_013337_12988921,layer2.0.downsample.0,128,131072,-0.02664099633693695,0.13778111338615417,0.1119435578584671,-0.11656732112169266,-0.028386060148477554,0.06436313688755035,0.025714177638292313,0.024287229403853416
results/learning_rules/resnet18_cifar100/resnet18_cifar100_bp_tard_lam0p1_e100_20260515_013337_12988921,layer2.1.conv1,128,131072,0.04068724066019058,0.08824771642684937,0.07764995843172073,-0.027042627334594727,0.042214371263980865,0.10397657006978989,0.181808739900589,0.1203080415725708
results/learning_rules/resnet18_cifar100/resnet18_cifar100_bp_tard_lam0p1_e100_20260515_013337_12988921,layer2.1.conv2,128,131072,-0.016179271042346954,0.08957075327634811,0.07309622317552567,-0.07966993749141693,-0.016744855791330338,0.04263295978307724,0.018841588869690895,0.02793845348060131
results/learning_rules/resnet18_cifar100/resnet18_cifar100_bp_tard_lam0p1_e100_20260515_013337_12988921,layer3.0.conv1,256,131072,-0.03673277422785759,0.11892924457788467,0.09826962649822235,-0.10769270360469818,-0.02961178496479988,0.04102452099323273,0.24650783836841583,0.1254654973745346
results/learning_rules/resnet18_cifar100/resnet18_cifar100_bp_tard_lam0p1_e100_20260515_013337_12988921,layer3.0.conv2,256,131072,-0.0115873534232378,0.0790150836110115,0.06339145451784134,-0.06692769378423691,-0.014144879765808582,0.0423545204102993,0.07932238280773163,0.1070156916975975
results/learning_rules/resnet18_cifar100/resnet18_cifar100_bp_tard_lam0p1_e100_20260515_013337_12988921,layer3.0.downsample.0,256,131072,-0.018111810088157654,0.12469746917486191,0.10188613086938858,-0.11239583790302277,-0.026604264974594116,0.0697241723537445,0.033314064145088196,0.04292644187808037
results/learning_rules/resnet18_cifar100/resnet18_cifar100_bp_tard_lam0p1_e100_20260515_013337_12988921,layer3.1.conv1,256,131072,0.02916722372174263,0.06074286252260208,0.05479352921247482,-0.010336650535464287,0.03203205019235611,0.07515318691730499,0.14154964685440063,0.19368767738342285
results/learning_rules/resnet18_cifar100/resnet18_cifar100_bp_tard_lam0p1_e100_20260515_013337_12988921,layer3.1.conv2,256,131072,-0.04381114989519119,0.05564399063587189,0.05776694416999817,-0.08320853114128113,-0.04553716629743576,-0.0052376738749444485,0.009627215564250946,0.04528336226940155
results/learning_rules/resnet18_cifar100/resnet18_cifar100_bp_tard_lam0p1_e100_20260515_013337_12988921,layer4.0.conv1,512,32768,-0.02065422385931015,0.06244098022580147,0.051991917192935944,-0.06501774489879608,-0.01763153448700905,0.01757117174565792,0.12973695993423462,0.19421307742595673
results/learning_rules/resnet18_cifar100/resnet18_cifar100_bp_tard_lam0p1_e100_20260515_013337_12988921,layer4.0.conv2,512,32768,-0.03582526743412018,0.06908033043146133,0.06492370367050171,-0.08379638195037842,-0.04078780859708786,0.010290192440152168,0.022677544504404068,0.12498534470796585
results/learning_rules/resnet18_cifar100/resnet18_cifar100_bp_tard_lam0p1_e100_20260515_013337_12988921,layer4.0.downsample.0,512,32768,-0.011052409186959267,0.06945568323135376,0.05649292841553688,-0.05661355331540108,-0.00961391907185316,0.036844752728939056,0.02443334273993969,0.0741036906838417
results/learning_rules/resnet18_cifar100/resnet18_cifar100_bp_tard_lam0p1_e100_20260515_013337_12988921,layer4.1.conv1,512,32768,-0.15716685354709625,0.05535919591784477,0.15738126635551453,-0.19471542537212372,-0.15993273258209229,-0.12524795532226562,0.05894593149423599,0.24986159801483154
results/learning_rules/resnet18_cifar100/resnet18_cifar100_bp_tard_lam0p1_e100_20260515_013337_12988921,layer4.1.conv2,512,32768,0.025424780324101448,0.07158833742141724,0.06184513494372368,-0.021068835631012917,0.029174499213695526,0.07602185755968094,0.005514600779861212,0.1609012484550476
results/learning_rules/resnet18_cifar100/resnet18_cifar100_bp_tard_lam0p1_e100_20260515_013409_12988922,conv1,64,131072,0.031064441427588463,0.5293353199958801,0.4502386152744293,-0.333296000957489,0.06834499537944794,0.4440856873989105,0.750806987285614,0.3316679298877716
results/learning_rules/resnet18_cifar100/resnet18_cifar100_bp_tard_lam0p1_e100_20260515_013409_12988922,layer1.0.conv1,64,131072,-0.004190148785710335,0.12073787301778793,0.0988578274846077,-0.07719887048006058,-0.009572381153702736,0.08598913997411728,0.10240594297647476,0.08150266110897064
results/learning_rules/resnet18_cifar100/resnet18_cifar100_bp_tard_lam0p1_e100_20260515_013409_12988922,layer1.0.conv2,64,131072,0.01604093797504902,0.07724610716104507,0.05507482960820198,-0.029498372226953506,0.005222861189395189,0.04104902595281601,0.07109486311674118,0.06685464084148407
results/learning_rules/resnet18_cifar100/resnet18_cifar100_bp_tard_lam0p1_e100_20260515_013409_12988922,layer1.1.conv1,64,131072,-0.015824031084775925,0.11683505028486252,0.09153304994106293,-0.09891805052757263,-0.008456038311123848,0.060811806470155716,0.15474945306777954,0.08230188488960266
results/learning_rules/resnet18_cifar100/resnet18_cifar100_bp_tard_lam0p1_e100_20260515_013409_12988922,layer1.1.conv2,64,131072,-0.007432752288877964,0.10199309140443802,0.08680279552936554,-0.09807310998439789,0.004048505332320929,0.06688889861106873,0.011344675906002522,0.019999278709292412
results/learning_rules/resnet18_cifar100/resnet18_cifar100_bp_tard_lam0p1_e100_20260515_013409_12988922,layer2.0.conv1,128,131072,0.04406940937042236,0.14082959294319153,0.1223815307021141,-0.07473381608724594,0.0429227352142334,0.15092739462852478,0.20955197513103485,0.09323880821466446
results/learning_rules/resnet18_cifar100/resnet18_cifar100_bp_tard_lam0p1_e100_20260515_013409_12988922,layer2.0.conv2,128,131072,0.02145720273256302,0.17511430382728577,0.14485253393650055,-0.09994019567966461,0.0323658250272274,0.14544351398944855,0.07074562460184097,0.07217569649219513
results/learning_rules/resnet18_cifar100/resnet18_cifar100_bp_tard_lam0p1_e100_20260515_013409_12988922,layer2.0.downsample.0,128,131072,0.012167006731033325,0.13934294879436493,0.11675415933132172,-0.09923113882541656,0.027474917471408844,0.11364056169986725,0.028403233736753464,0.031967923045158386
results/learning_rules/resnet18_cifar100/resnet18_cifar100_bp_tard_lam0p1_e100_20260515_013409_12988922,layer2.1.conv1,128,131072,0.06967175751924515,0.14665602147579193,0.13214343786239624,-0.026756417006254196,0.07721583545207977,0.17730140686035156,0.17170585691928864,0.15878431499004364
results/learning_rules/resnet18_cifar100/resnet18_cifar100_bp_tard_lam0p1_e100_20260515_013409_12988922,layer2.1.conv2,128,131072,-0.03194020316004753,0.10790205746889114,0.0948333591222763,-0.11740221828222275,-0.036909762769937515,0.054900702089071274,0.016587622463703156,0.03181816637516022
results/learning_rules/resnet18_cifar100/resnet18_cifar100_bp_tard_lam0p1_e100_20260515_013409_12988922,layer3.0.conv1,256,131072,-0.05564809963107109,0.15157915651798248,0.1319911777973175,-0.16896949708461761,-0.0651971846818924,0.04528498649597168,0.2415083944797516,0.15226998925209045
results/learning_rules/resnet18_cifar100/resnet18_cifar100_bp_tard_lam0p1_e100_20260515_013409_12988922,layer3.0.conv2,256,131072,-0.011219487525522709,0.11908687651157379,0.09698373079299927,-0.09207780659198761,-0.01509014517068863,0.08243205398321152,0.07058144360780716,0.11162015050649643
results/learning_rules/resnet18_cifar100/resnet18_cifar100_bp_tard_lam0p1_e100_20260515_013409_12988922,layer3.0.downsample.0,256,131072,-0.011708675883710384,0.1535041630268097,0.12542541325092316,-0.11629163473844528,-0.022982921451330185,0.10330909490585327,0.03447536379098892,0.05544644966721535
results/learning_rules/resnet18_cifar100/resnet18_cifar100_bp_tard_lam0p1_e100_20260515_013409_12988922,layer3.1.conv1,256,131072,0.026515260338783264,0.08505892008543015,0.07148067653179169,-0.026051398366689682,0.031589895486831665,0.07975204288959503,0.1365717351436615,0.2063370645046234
results/learning_rules/resnet18_cifar100/resnet18_cifar100_bp_tard_lam0p1_e100_20260515_013409_12988922,layer3.1.conv2,256,131072,-0.04353690892457962,0.06285720318555832,0.06406649202108383,-0.08707118034362793,-0.05157993733882904,-0.0008531291969120502,0.009392504580318928,0.05345907062292099
results/learning_rules/resnet18_cifar100/resnet18_cifar100_bp_tard_lam0p1_e100_20260515_013409_12988922,layer4.0.conv1,512,32768,-0.012237973511219025,0.07842160761356354,0.0633041262626648,-0.06397483497858047,-0.009212059900164604,0.04002675041556358,0.12802809476852417,0.20718711614608765
results/learning_rules/resnet18_cifar100/resnet18_cifar100_bp_tard_lam0p1_e100_20260515_013409_12988922,layer4.0.conv2,512,32768,-0.021265342831611633,0.0628887414932251,0.05338316410779953,-0.065184086561203,-0.021536890417337418,0.02079203352332115,0.02255626767873764,0.12485993653535843
results/learning_rules/resnet18_cifar100/resnet18_cifar100_bp_tard_lam0p1_e100_20260515_013409_12988922,layer4.0.downsample.0,512,32768,-0.002204332733526826,0.0774257555603981,0.06163231283426285,-0.056172728538513184,-0.001478301826864481,0.05056741461157799,0.022883741185069084,0.07895173132419586
results/learning_rules/resnet18_cifar100/resnet18_cifar100_bp_tard_lam0p1_e100_20260515_013409_12988922,layer4.1.conv1,512,32768,-0.10000241547822952,0.05642460286617279,0.10137643665075302,-0.13784916698932648,-0.09828013181686401,-0.06112917512655258,0.05725555121898651,0.22914384305477142
results/learning_rules/resnet18_cifar100/resnet18_cifar100_bp_tard_lam0p1_e100_20260515_013409_12988922,layer4.1.conv2,512,32768,0.035244159400463104,0.05931275337934494,0.05501770228147507,-0.002574582351371646,0.034115180373191833,0.06969477236270905,0.005076708737760782,0.16024339199066162
results/learning_rules/resnet18_cifar100/resnet18_cifar100_bp_tard_lam0p1_e100_20260515_015040_12988988,conv1,64,131072,0.0012171268463134766,0.5592642426490784,0.4684799015522003,-0.44437330961227417,-0.028419679030776024,0.4421221613883972,0.7133887410163879,0.2941701412200928
results/learning_rules/resnet18_cifar100/resnet18_cifar100_bp_tard_lam0p1_e100_20260515_015040_12988988,layer1.0.conv1,64,131072,-0.02113315276801586,0.18275780975818634,0.14990472793579102,-0.1426621973514557,-0.023612625896930695,0.10758809745311737,0.10952793806791306,0.09733356535434723
results/learning_rules/resnet18_cifar100/resnet18_cifar100_bp_tard_lam0p1_e100_20260515_015040_12988988,layer1.0.conv2,64,131072,0.00992079358547926,0.1002376601099968,0.07500710338354111,-0.04985447973012924,-0.0030824532732367516,0.05278937518596649,0.06958930194377899,0.05825481563806534
results/learning_rules/resnet18_cifar100/resnet18_cifar100_bp_tard_lam0p1_e100_20260515_015040_12988988,layer1.1.conv1,64,131072,0.021856775507330894,0.12140696495771408,0.09855448454618454,-0.05420753359794617,0.035106413066387177,0.08939962089061737,0.16490814089775085,0.07198432832956314
results/learning_rules/resnet18_cifar100/resnet18_cifar100_bp_tard_lam0p1_e100_20260515_015040_12988988,layer1.1.conv2,64,131072,-0.014421275816857815,0.07364558428525925,0.05811990052461624,-0.056914322078228,-0.0017951575573533773,0.03513770550489426,0.015888769179582596,0.021633710712194443
results/learning_rules/resnet18_cifar100/resnet18_cifar100_bp_tard_lam0p1_e100_20260515_015040_12988988,layer2.0.conv1,128,131072,-0.017804287374019623,0.07490569353103638,0.06292007863521576,-0.07489173114299774,-0.016986194998025894,0.03498179838061333,0.21328683197498322,0.09007151424884796
results/learning_rules/resnet18_cifar100/resnet18_cifar100_bp_tard_lam0p1_e100_20260515_015040_12988988,layer2.0.conv2,128,131072,0.0018882951699197292,0.16178688406944275,0.12916584312915802,-0.09865465760231018,0.0005303029902279377,0.10357801616191864,0.0663309097290039,0.07436805218458176
results/learning_rules/resnet18_cifar100/resnet18_cifar100_bp_tard_lam0p1_e100_20260515_015040_12988988,layer2.0.downsample.0,128,131072,-0.036698613315820694,0.11253369599580765,0.09288045763969421,-0.10992908477783203,-0.033256713300943375,0.03904132544994354,0.031691499054431915,0.03015921078622341
results/learning_rules/resnet18_cifar100/resnet18_cifar100_bp_tard_lam0p1_e100_20260515_015040_12988988,layer2.1.conv1,128,131072,0.017487043514847755,0.11722870171070099,0.08744087815284729,-0.057260241359472275,0.005845238454639912,0.0853932574391365,0.17554506659507751,0.15016989409923553
results/learning_rules/resnet18_cifar100/resnet18_cifar100_bp_tard_lam0p1_e100_20260515_015040_12988988,layer2.1.conv2,128,131072,-0.030627183616161346,0.07347772270441055,0.06450119614601135,-0.08973673731088638,-0.034374356269836426,0.019752290099859238,0.01669296622276306,0.028053386136889458
results/learning_rules/resnet18_cifar100/resnet18_cifar100_bp_tard_lam0p1_e100_20260515_015040_12988988,layer3.0.conv1,256,131072,-0.03981434926390648,0.12983718514442444,0.1081496924161911,-0.12877491116523743,-0.03235528618097305,0.04911145567893982,0.24061593413352966,0.14322467148303986
results/learning_rules/resnet18_cifar100/resnet18_cifar100_bp_tard_lam0p1_e100_20260515_015040_12988988,layer3.0.conv2,256,131072,-0.019286684691905975,0.0838916152715683,0.07015138864517212,-0.07489663362503052,-0.02059122547507286,0.04290861636400223,0.07749925553798676,0.11042686551809311
results/learning_rules/resnet18_cifar100/resnet18_cifar100_bp_tard_lam0p1_e100_20260515_015040_12988988,layer3.0.downsample.0,256,131072,-0.018283454701304436,0.12151412665843964,0.09843093156814575,-0.0955803245306015,-0.0069712987169623375,0.06204809993505478,0.032794803380966187,0.050567325204610825
results/learning_rules/resnet18_cifar100/resnet18_cifar100_bp_tard_lam0p1_e100_20260515_015040_12988988,layer3.1.conv1,256,131072,0.0066041843965649605,0.07763390243053436,0.06061912328004837,-0.047458868473768234,0.0064023928716778755,0.05243198573589325,0.14034825563430786,0.21541669964790344
results/learning_rules/resnet18_cifar100/resnet18_cifar100_bp_tard_lam0p1_e100_20260515_015040_12988988,layer3.1.conv2,256,131072,-0.07634851336479187,0.06912378966808319,0.08948583900928497,-0.12309195101261139,-0.08535155653953552,-0.03766891732811928,0.009627535939216614,0.047171786427497864
results/learning_rules/resnet18_cifar100/resnet18_cifar100_bp_tard_lam0p1_e100_20260515_015040_12988988,layer4.0.conv1,512,32768,-0.0199581291526556,0.07340780645608902,0.060844071209430695,-0.07008294761180878,-0.02302481234073639,0.023500455543398857,0.12714943289756775,0.20534056425094604
results/learning_rules/resnet18_cifar100/resnet18_cifar100_bp_tard_lam0p1_e100_20260515_015040_12988988,layer4.0.conv2,512,32768,-0.015483603812754154,0.06371020525693893,0.05300257354974747,-0.05951517075300217,-0.016449186950922012,0.02830180525779724,0.022097909823060036,0.11950825899839401
results/learning_rules/resnet18_cifar100/resnet18_cifar100_bp_tard_lam0p1_e100_20260515_015040_12988988,layer4.0.downsample.0,512,32768,-0.002563928719609976,0.06606718897819519,0.053317829966545105,-0.05231950059533119,-0.00656120153144002,0.03992664813995361,0.023463694378733635,0.07798146456480026
results/learning_rules/resnet18_cifar100/resnet18_cifar100_bp_tard_lam0p1_e100_20260515_015040_12988988,layer4.1.conv1,512,32768,-0.08707350492477417,0.05341244488954544,0.08984073251485825,-0.1238689199090004,-0.08780928701162338,-0.0527997650206089,0.05731257051229477,0.22220101952552795
results/learning_rules/resnet18_cifar100/resnet18_cifar100_bp_tard_lam0p1_e100_20260515_015040_12988988,layer4.1.conv2,512,32768,0.02023581601679325,0.061366043984889984,0.05143198370933533,-0.022426996380090714,0.018268678337335587,0.06287925690412521,0.005073949228972197,0.1361282467842102
results/learning_rules/resnet18_cifar100/resnet18_cifar100_bp_tard_lam0p1_e100_20260515_020840_12988989,conv1,64,131072,0.11206470429897308,0.5390850901603699,0.4617905616760254,-0.2903585433959961,0.13364727795124054,0.5476783514022827,0.6896685361862183,0.23577669262886047
results/learning_rules/resnet18_cifar100/resnet18_cifar100_bp_tard_lam0p1_e100_20260515_020840_12988989,layer1.0.conv1,64,131072,-0.044890716671943665,0.13833153247833252,0.10461369156837463,-0.1036919504404068,-0.03223281353712082,0.03744594752788544,0.11201580613851547,0.0855516791343689
results/learning_rules/resnet18_cifar100/resnet18_cifar100_bp_tard_lam0p1_e100_20260515_020840_12988989,layer1.0.conv2,64,131072,0.0035679778084158897,0.11079113185405731,0.08050067722797394,-0.05370510742068291,-0.01900811865925789,0.053540002554655075,0.07718067616224289,0.05847780779004097
results/learning_rules/resnet18_cifar100/resnet18_cifar100_bp_tard_lam0p1_e100_20260515_020840_12988989,layer1.1.conv1,64,131072,-0.009597981348633766,0.11558615416288376,0.09370514750480652,-0.10503065586090088,0.005698490887880325,0.0775761753320694,0.16047082841396332,0.06757383048534393
results/learning_rules/resnet18_cifar100/resnet18_cifar100_bp_tard_lam0p1_e100_20260515_020840_12988989,layer1.1.conv2,64,131072,-0.024544376879930496,0.07758774608373642,0.06625252217054367,-0.06900596618652344,-0.030492465943098068,0.03253033757209778,0.010450596921145916,0.014950480312108994
results/learning_rules/resnet18_cifar100/resnet18_cifar100_bp_tard_lam0p1_e100_20260515_020840_12988989,layer2.0.conv1,128,131072,-0.010471930727362633,0.08573271334171295,0.06961175799369812,-0.06558887660503387,-0.0035564079880714417,0.05464542657136917,0.21803955733776093,0.07383564859628677
results/learning_rules/resnet18_cifar100/resnet18_cifar100_bp_tard_lam0p1_e100_20260515_020840_12988989,layer2.0.conv2,128,131072,-0.0023173880763351917,0.15551254153251648,0.11840522289276123,-0.1000698134303093,-0.006118771620094776,0.08430872112512589,0.06761526316404343,0.05959777534008026
results/learning_rules/resnet18_cifar100/resnet18_cifar100_bp_tard_lam0p1_e100_20260515_020840_12988989,layer2.0.downsample.0,128,131072,-0.014485174790024757,0.14367778599262238,0.1132737472653389,-0.0953245684504509,-0.008410265669226646,0.08369798958301544,0.030442729592323303,0.025356652215123177
results/learning_rules/resnet18_cifar100/resnet18_cifar100_bp_tard_lam0p1_e100_20260515_020840_12988989,layer2.1.conv1,128,131072,0.042257919907569885,0.10016440600156784,0.08484554290771484,-0.01690286211669445,0.03722268342971802,0.11381160467863083,0.17616161704063416,0.13163569569587708
results/learning_rules/resnet18_cifar100/resnet18_cifar100_bp_tard_lam0p1_e100_20260515_020840_12988989,layer2.1.conv2,128,131072,-0.02890206314623356,0.0813177153468132,0.07065316289663315,-0.08153887093067169,-0.034712549299001694,0.01875907927751541,0.0185240525752306,0.03297722339630127
results/learning_rules/resnet18_cifar100/resnet18_cifar100_bp_tard_lam0p1_e100_20260515_020840_12988989,layer3.0.conv1,256,131072,-0.023430490866303444,0.14638188481330872,0.12246401607990265,-0.11825084686279297,-0.036640383303165436,0.08424828201532364,0.23588012158870697,0.13491089642047882
results/learning_rules/resnet18_cifar100/resnet18_cifar100_bp_tard_lam0p1_e100_20260515_020840_12988989,layer3.0.conv2,256,131072,-0.012487734667956829,0.09642856568098068,0.07827571779489517,-0.07891209423542023,-0.011251017451286316,0.054360970854759216,0.08015735447406769,0.09726984053850174
results/learning_rules/resnet18_cifar100/resnet18_cifar100_bp_tard_lam0p1_e100_20260515_020840_12988989,layer3.0.downsample.0,256,131072,-0.009095017798244953,0.1453537791967392,0.12104514986276627,-0.11528985947370529,-0.008456293493509293,0.10299181938171387,0.031528644263744354,0.04846388101577759
results/learning_rules/resnet18_cifar100/resnet18_cifar100_bp_tard_lam0p1_e100_20260515_020840_12988989,layer3.1.conv1,256,131072,0.007026521023362875,0.09125898778438568,0.07314315438270569,-0.048785436898469925,0.009041940793395042,0.06832943111658096,0.13896560668945312,0.19192855060100555
results/learning_rules/resnet18_cifar100/resnet18_cifar100_bp_tard_lam0p1_e100_20260515_020840_12988989,layer3.1.conv2,256,131072,-0.04232288524508476,0.06707186996936798,0.06382692605257034,-0.08446148037910461,-0.04245375096797943,0.002513987012207508,0.0091994758695364,0.04906682297587395
results/learning_rules/resnet18_cifar100/resnet18_cifar100_bp_tard_lam0p1_e100_20260515_020840_12988989,layer4.0.conv1,512,32768,0.0030385793652385473,0.06914836913347244,0.05566912144422531,-0.03998463228344917,0.0022746999748051167,0.055106498301029205,0.12950333952903748,0.190204918384552
results/learning_rules/resnet18_cifar100/resnet18_cifar100_bp_tard_lam0p1_e100_20260515_020840_12988989,layer4.0.conv2,512,32768,-0.016860608011484146,0.06056809425354004,0.05070371925830841,-0.05678826570510864,-0.021622613072395325,0.019398320466279984,0.02206525392830372,0.1131337434053421
results/learning_rules/resnet18_cifar100/resnet18_cifar100_bp_tard_lam0p1_e100_20260515_020840_12988989,layer4.0.downsample.0,512,32768,0.007112088147550821,0.07730171829462051,0.06186690181493759,-0.04323628172278404,0.006114551331847906,0.059683654457330704,0.023748362436890602,0.06962104141712189
results/learning_rules/resnet18_cifar100/resnet18_cifar100_bp_tard_lam0p1_e100_20260515_020840_12988989,layer4.1.conv1,512,32768,-0.11374247074127197,0.05554162710905075,0.11426771432161331,-0.146321639418602,-0.11634845286607742,-0.075740285217762,0.05929224565625191,0.22802017629146576
results/learning_rules/resnet18_cifar100/resnet18_cifar100_bp_tard_lam0p1_e100_20260515_020840_12988989,layer4.1.conv2,512,32768,0.02076410874724388,0.05807286500930786,0.04975984990596771,-0.019416872411966324,0.024606531485915184,0.05561497434973717,0.00484954658895731,0.15295588970184326
results/learning_rules/resnet18_cifar100/resnet18_cifar100_bp_tard_lam0p1_e100_20260515_020928_12989035,conv1,64,131072,-0.01601513847708702,0.589504599571228,0.5102779865264893,-0.5741864442825317,0.033133625984191895,0.49013572931289673,0.7689972519874573,0.3850247859954834
results/learning_rules/resnet18_cifar100/resnet18_cifar100_bp_tard_lam0p1_e100_20260515_020928_12989035,layer1.0.conv1,64,131072,-0.028612542897462845,0.18788567185401917,0.1573481261730194,-0.1711198091506958,-0.017710838466882706,0.11093054711818695,0.1017334833741188,0.09274925291538239
results/learning_rules/resnet18_cifar100/resnet18_cifar100_bp_tard_lam0p1_e100_20260515_020928_12989035,layer1.0.conv2,64,131072,-0.009723551571369171,0.11843004077672958,0.09641294181346893,-0.0826096385717392,-0.007839970290660858,0.06620371341705322,0.07419315725564957,0.06117592751979828
results/learning_rules/resnet18_cifar100/resnet18_cifar100_bp_tard_lam0p1_e100_20260515_020928_12989035,layer1.1.conv1,64,131072,0.019275397062301636,0.13395880162715912,0.11467598378658295,-0.06507821381092072,0.05407366156578064,0.12244921177625656,0.14668957889080048,0.08339931070804596
results/learning_rules/resnet18_cifar100/resnet18_cifar100_bp_tard_lam0p1_e100_20260515_020928_12989035,layer1.1.conv2,64,131072,0.03652893006801605,0.17861896753311157,0.15276247262954712,-0.08708679676055908,0.05792587995529175,0.1674872636795044,0.012135190889239311,0.03453555330634117
results/learning_rules/resnet18_cifar100/resnet18_cifar100_bp_tard_lam0p1_e100_20260515_020928_12989035,layer2.0.conv1,128,131072,-0.012701652944087982,0.09212248772382736,0.07548905909061432,-0.07566394656896591,-0.007294449023902416,0.050942614674568176,0.20310038328170776,0.08298370242118835
results/learning_rules/resnet18_cifar100/resnet18_cifar100_bp_tard_lam0p1_e100_20260515_020928_12989035,layer2.0.conv2,128,131072,0.0025939359329640865,0.11191297322511673,0.08769282698631287,-0.06116129085421562,0.013384487479925156,0.07000268995761871,0.06513141840696335,0.05775381624698639
results/learning_rules/resnet18_cifar100/resnet18_cifar100_bp_tard_lam0p1_e100_20260515_020928_12989035,layer2.0.downsample.0,128,131072,0.017827456817030907,0.11861184239387512,0.09590424597263336,-0.056704021990299225,0.03248951584100723,0.10040293633937836,0.027604863047599792,0.029666010290384293
results/learning_rules/resnet18_cifar100/resnet18_cifar100_bp_tard_lam0p1_e100_20260515_020928_12989035,layer2.1.conv1,128,131072,0.03834574669599533,0.09143036603927612,0.07911769300699234,-0.027188338339328766,0.03942650556564331,0.09509194642305374,0.1759418547153473,0.14797598123550415
results/learning_rules/resnet18_cifar100/resnet18_cifar100_bp_tard_lam0p1_e100_20260515_020928_12989035,layer2.1.conv2,128,131072,-0.05347064882516861,0.08660771697759628,0.08513158559799194,-0.11435659974813461,-0.06165740638971329,0.0013517063343897462,0.018844498321413994,0.03862214460968971
results/learning_rules/resnet18_cifar100/resnet18_cifar100_bp_tard_lam0p1_e100_20260515_020928_12989035,layer3.0.conv1,256,131072,-0.03229018300771713,0.13643036782741547,0.11588950455188751,-0.12747041881084442,-0.04304807633161545,0.06629271805286407,0.2449897825717926,0.15569642186164856
results/learning_rules/resnet18_cifar100/resnet18_cifar100_bp_tard_lam0p1_e100_20260515_020928_12989035,layer3.0.conv2,256,131072,-0.022452304139733315,0.09474191069602966,0.07759933918714523,-0.08209585398435593,-0.022780030965805054,0.042442917823791504,0.07787945121526718,0.11997222155332565
results/learning_rules/resnet18_cifar100/resnet18_cifar100_bp_tard_lam0p1_e100_20260515_020928_12989035,layer3.0.downsample.0,256,131072,-0.006884071975946426,0.12940384447574615,0.10491462051868439,-0.08912395685911179,-0.014726657420396805,0.080889493227005,0.03344888612627983,0.05714161694049835
results/learning_rules/resnet18_cifar100/resnet18_cifar100_bp_tard_lam0p1_e100_20260515_020928_12989035,layer3.1.conv1,256,131072,0.008017042651772499,0.068526491522789,0.05492068827152252,-0.03638442978262901,0.006226885132491589,0.0577433779835701,0.1391001045703888,0.2310091257095337
results/learning_rules/resnet18_cifar100/resnet18_cifar100_bp_tard_lam0p1_e100_20260515_020928_12989035,layer3.1.conv2,256,131072,-0.07987281680107117,0.06386632472276688,0.08811765909194946,-0.12248078733682632,-0.08360430598258972,-0.03971332684159279,0.010379192419350147,0.05634916573762894
results/learning_rules/resnet18_cifar100/resnet18_cifar100_bp_tard_lam0p1_e100_20260515_020928_12989035,layer4.0.conv1,512,32768,-0.0186722781509161,0.06865372508764267,0.05815304070711136,-0.06738848239183426,-0.020061515271663666,0.031677450984716415,0.12819220125675201,0.22305993735790253
results/learning_rules/resnet18_cifar100/resnet18_cifar100_bp_tard_lam0p1_e100_20260515_020928_12989035,layer4.0.conv2,512,32768,-0.020598601549863815,0.06579659134149551,0.05714063346385956,-0.06525856256484985,-0.02783680148422718,0.02326057478785515,0.02207086607813835,0.13170097768306732
results/learning_rules/resnet18_cifar100/resnet18_cifar100_bp_tard_lam0p1_e100_20260515_020928_12989035,layer4.0.downsample.0,512,32768,-0.009944193996489048,0.07492168992757797,0.06091908738017082,-0.061204127967357635,-0.0143706314265728,0.03996851295232773,0.02414439432322979,0.08604404330253601
results/learning_rules/resnet18_cifar100/resnet18_cifar100_bp_tard_lam0p1_e100_20260515_020928_12989035,layer4.1.conv1,512,32768,-0.1396864950656891,0.05694001540541649,0.14052081108093262,-0.1793520152568817,-0.1427842080593109,-0.10540048032999039,0.05617211014032364,0.2521985173225403
results/learning_rules/resnet18_cifar100/resnet18_cifar100_bp_tard_lam0p1_e100_20260515_020928_12989035,layer4.1.conv2,512,32768,0.027926117181777954,0.0611431822180748,0.05464164912700653,-0.015774257481098175,0.02774200774729252,0.07290995121002197,0.005290504079312086,0.15831616520881653
results/learning_rules/resnet18_cifar100/resnet18_cifar100_bp_tard_lam0p1_e100_20260515_021610_12989036,conv1,64,131072,0.11000309139490128,0.6047507524490356,0.5514428615570068,-0.5259513258934021,0.2208123356103897,0.6299985647201538,0.7478498220443726,0.1878606081008911
results/learning_rules/resnet18_cifar100/resnet18_cifar100_bp_tard_lam0p1_e100_20260515_021610_12989036,layer1.0.conv1,64,131072,-0.028153689578175545,0.1542341560125351,0.1309446394443512,-0.154152974486351,-0.014115806668996811,0.0866025984287262,0.10808258503675461,0.04501934349536896
results/learning_rules/resnet18_cifar100/resnet18_cifar100_bp_tard_lam0p1_e100_20260515_021610_12989036,layer1.0.conv2,64,131072,-0.015776867046952248,0.08868947625160217,0.07032328099012375,-0.07026515901088715,-0.022265009582042694,0.02957836724817753,0.07040856033563614,0.03520871698856354
results/learning_rules/resnet18_cifar100/resnet18_cifar100_bp_tard_lam0p1_e100_20260515_021610_12989036,layer1.1.conv1,64,131072,-0.0184770654886961,0.13959994912147522,0.11552606523036957,-0.1269327700138092,-0.016037432476878166,0.09614183753728867,0.1600576639175415,0.05605919659137726
results/learning_rules/resnet18_cifar100/resnet18_cifar100_bp_tard_lam0p1_e100_20260515_021610_12989036,layer1.1.conv2,64,131072,-0.001566863153129816,0.08322399109601974,0.06772355735301971,-0.06517116725444794,0.01039278507232666,0.06363639235496521,0.011467017233371735,0.014182871207594872
results/learning_rules/resnet18_cifar100/resnet18_cifar100_bp_tard_lam0p1_e100_20260515_021610_12989036,layer2.0.conv1,128,131072,0.0401131808757782,0.1486670970916748,0.1217447891831398,-0.048645444214344025,0.01928429864346981,0.15147270262241364,0.21072156727313995,0.07172892987728119
results/learning_rules/resnet18_cifar100/resnet18_cifar100_bp_tard_lam0p1_e100_20260515_021610_12989036,layer2.0.conv2,128,131072,0.01914534717798233,0.17384037375450134,0.1366153061389923,-0.09184777736663818,0.020108437165617943,0.11347056925296783,0.0748371109366417,0.06667435169219971
results/learning_rules/resnet18_cifar100/resnet18_cifar100_bp_tard_lam0p1_e100_20260515_021610_12989036,layer2.0.downsample.0,128,131072,0.01126632560044527,0.10998465120792389,0.08806151151657104,-0.06295080482959747,0.003906675148755312,0.09032933413982391,0.02837541699409485,0.023445576429367065
results/learning_rules/resnet18_cifar100/resnet18_cifar100_bp_tard_lam0p1_e100_20260515_021610_12989036,layer2.1.conv1,128,131072,0.06857052445411682,0.14223527908325195,0.12322354316711426,-0.017560886219143867,0.06232699006795883,0.15309762954711914,0.1742018610239029,0.1284410059452057
results/learning_rules/resnet18_cifar100/resnet18_cifar100_bp_tard_lam0p1_e100_20260515_021610_12989036,layer2.1.conv2,128,131072,-0.03900355473160744,0.10252667218446732,0.08827005326747894,-0.10612530261278152,-0.04722762852907181,0.02890968695282936,0.015991725027561188,0.030904557555913925
results/learning_rules/resnet18_cifar100/resnet18_cifar100_bp_tard_lam0p1_e100_20260515_021610_12989036,layer3.0.conv1,256,131072,-0.06004123017191887,0.15754280984401703,0.13776753842830658,-0.1649252474308014,-0.06756551563739777,0.04762648418545723,0.2364087998867035,0.13334953784942627
results/learning_rules/resnet18_cifar100/resnet18_cifar100_bp_tard_lam0p1_e100_20260515_021610_12989036,layer3.0.conv2,256,131072,-0.009122717194259167,0.12473960220813751,0.10164692252874374,-0.09969151765108109,-0.016112307086586952,0.08481446653604507,0.07427189499139786,0.10198875516653061
results/learning_rules/resnet18_cifar100/resnet18_cifar100_bp_tard_lam0p1_e100_20260515_021610_12989036,layer3.0.downsample.0,256,131072,-0.02007058635354042,0.15111754834651947,0.12426657229661942,-0.13045142590999603,-0.025954527780413628,0.08921978622674942,0.03367137163877487,0.046504851430654526
results/learning_rules/resnet18_cifar100/resnet18_cifar100_bp_tard_lam0p1_e100_20260515_021610_12989036,layer3.1.conv1,256,131072,0.04517620801925659,0.08809725195169449,0.07998012006282806,-0.0037317269016057253,0.050270676612854004,0.10028618574142456,0.14046639204025269,0.18103104829788208
results/learning_rules/resnet18_cifar100/resnet18_cifar100_bp_tard_lam0p1_e100_20260515_021610_12989036,layer3.1.conv2,256,131072,0.023756232112646103,0.054858531802892685,0.04767294600605965,-0.01467432826757431,0.023596597835421562,0.06096576526761055,0.01016206294298172,0.045384399592876434
results/learning_rules/resnet18_cifar100/resnet18_cifar100_bp_tard_lam0p1_e100_20260515_021610_12989036,layer4.0.conv1,512,32768,-0.011503402143716812,0.07488536089658737,0.06062372773885727,-0.06172964349389076,-0.00821433961391449,0.039693865925073624,0.12638205289840698,0.17882367968559265
results/learning_rules/resnet18_cifar100/resnet18_cifar100_bp_tard_lam0p1_e100_20260515_021610_12989036,layer4.0.conv2,512,32768,-0.008049475029110909,0.05235099792480469,0.04223470389842987,-0.04518002271652222,-0.008542683906853199,0.02781473472714424,0.02247174270451069,0.11529246717691422
results/learning_rules/resnet18_cifar100/resnet18_cifar100_bp_tard_lam0p1_e100_20260515_021610_12989036,layer4.0.downsample.0,512,32768,-0.019838249310851097,0.07752443104982376,0.06519412994384766,-0.07388468086719513,-0.02106665074825287,0.03578070551156998,0.02314917743206024,0.06618320941925049
results/learning_rules/resnet18_cifar100/resnet18_cifar100_bp_tard_lam0p1_e100_20260515_021610_12989036,layer4.1.conv1,512,32768,-0.06812500953674316,0.050837595015764236,0.07199185341596603,-0.1010412946343422,-0.0667995736002922,-0.034373924136161804,0.055798519402742386,0.23358666896820068
results/learning_rules/resnet18_cifar100/resnet18_cifar100_bp_tard_lam0p1_e100_20260515_021610_12989036,layer4.1.conv2,512,32768,0.032364554703235626,0.05896523967385292,0.0539613701403141,-0.008851420134305954,0.034151844680309296,0.07352307438850403,0.0052578868344426155,0.1626240313053131
results/learning_rules/resnet18_cifar100/resnet18_cifar100_bp_tard_lam0p3_e100_20260514_112412_12873742,conv1,64,131072,0.029210269451141357,0.48098158836364746,0.4087996482849121,-0.3816084563732147,0.044563550502061844,0.4436831772327423,0.6712404489517212,0.06625877320766449
results/learning_rules/resnet18_cifar100/resnet18_cifar100_bp_tard_lam0p3_e100_20260514_112412_12873742,layer1.0.conv1,64,131072,-0.023963462561368942,0.115044504404068,0.09480111300945282,-0.1121974065899849,-0.03232626989483833,0.039110079407691956,0.09946414828300476,0.055750858038663864
results/learning_rules/resnet18_cifar100/resnet18_cifar100_bp_tard_lam0p3_e100_20260514_112412_12873742,layer1.0.conv2,64,131072,0.007872470654547215,0.08393025398254395,0.05782376974821091,-0.037866245955228806,0.002013138495385647,0.038484878838062286,0.07234940677881241,0.047840893268585205
results/learning_rules/resnet18_cifar100/resnet18_cifar100_bp_tard_lam0p3_e100_20260514_112412_12873742,layer1.1.conv1,64,131072,-0.005493242293596268,0.10273861885070801,0.07795114815235138,-0.07767438888549805,-0.01328036468476057,0.04562613368034363,0.1683969348669052,0.06312986463308334
results/learning_rules/resnet18_cifar100/resnet18_cifar100_bp_tard_lam0p3_e100_20260514_112412_12873742,layer1.1.conv2,64,131072,-0.01172787044197321,0.11303568631410599,0.0915379673242569,-0.11897137016057968,-0.00815662182867527,0.056620318442583084,0.015180610120296478,0.015508245676755905
results/learning_rules/resnet18_cifar100/resnet18_cifar100_bp_tard_lam0p3_e100_20260514_112412_12873742,layer2.0.conv1,128,131072,0.004954074509441853,0.1143442690372467,0.09312192350625992,-0.07134479284286499,-0.019569862633943558,0.0936109721660614,0.18764586746692657,0.06676105409860611
results/learning_rules/resnet18_cifar100/resnet18_cifar100_bp_tard_lam0p3_e100_20260514_112412_12873742,layer2.0.conv2,128,131072,0.03255849331617355,0.16138124465942383,0.126261904835701,-0.050059422850608826,0.03425931930541992,0.11672888696193695,0.06182616949081421,0.05507773905992508
results/learning_rules/resnet18_cifar100/resnet18_cifar100_bp_tard_lam0p3_e100_20260514_112412_12873742,layer2.0.downsample.0,128,131072,-0.04645233973860741,0.15327925980091095,0.1273518204689026,-0.15410955250263214,-0.02389710396528244,0.055194441229104996,0.025217879563570023,0.022755717858672142
results/learning_rules/resnet18_cifar100/resnet18_cifar100_bp_tard_lam0p3_e100_20260514_112412_12873742,layer2.1.conv1,128,131072,0.03957037255167961,0.08872928470373154,0.0753176137804985,-0.01208434533327818,0.036321353167295456,0.08151794224977493,0.1728542000055313,0.0977245643734932
results/learning_rules/resnet18_cifar100/resnet18_cifar100_bp_tard_lam0p3_e100_20260514_112412_12873742,layer2.1.conv2,128,131072,0.006902117282152176,0.0835510864853859,0.0683567225933075,-0.05005428194999695,-0.005756569094955921,0.07225309312343597,0.01799551397562027,0.026184208691120148
results/learning_rules/resnet18_cifar100/resnet18_cifar100_bp_tard_lam0p3_e100_20260514_112412_12873742,layer3.0.conv1,256,131072,-0.05312212184071541,0.10985533148050308,0.09697841107845306,-0.12568536400794983,-0.04791326820850372,0.023658420890569687,0.23732613027095795,0.09934110939502716
results/learning_rules/resnet18_cifar100/resnet18_cifar100_bp_tard_lam0p3_e100_20260514_112412_12873742,layer3.0.conv2,256,131072,-0.006466384045779705,0.07627155631780624,0.05979442596435547,-0.05605259910225868,-0.004448441788554192,0.038991037756204605,0.07689493149518967,0.08012187480926514
results/learning_rules/resnet18_cifar100/resnet18_cifar100_bp_tard_lam0p3_e100_20260514_112412_12873742,layer3.0.downsample.0,256,131072,-0.02148749679327011,0.1124172955751419,0.09079260379076004,-0.09684847295284271,-0.02281821146607399,0.05069814249873161,0.031819846481084824,0.033965688198804855
results/learning_rules/resnet18_cifar100/resnet18_cifar100_bp_tard_lam0p3_e100_20260514_112412_12873742,layer3.1.conv1,256,131072,0.012584448792040348,0.062816321849823,0.05009105056524277,-0.027605442330241203,0.01099981926381588,0.05573543906211853,0.14023545384407043,0.16305232048034668
results/learning_rules/resnet18_cifar100/resnet18_cifar100_bp_tard_lam0p3_e100_20260514_112412_12873742,layer3.1.conv2,256,131072,-0.014254449866712093,0.05587310343980789,0.04640394076704979,-0.04987481236457825,-0.017346903681755066,0.01907530054450035,0.008740933611989021,0.0402836948633194
results/learning_rules/resnet18_cifar100/resnet18_cifar100_bp_tard_lam0p3_e100_20260514_112412_12873742,layer4.0.conv1,512,32768,-0.006179650314152241,0.059755172580480576,0.047899890691041946,-0.04758242890238762,-0.008249236270785332,0.03498490899801254,0.13037313520908356,0.1711326241493225
results/learning_rules/resnet18_cifar100/resnet18_cifar100_bp_tard_lam0p3_e100_20260514_112412_12873742,layer4.0.conv2,512,32768,-0.02416098490357399,0.06149163097143173,0.05437720566987991,-0.06802892684936523,-0.029017526656389236,0.01728753373026848,0.021923603489995003,0.10330837965011597
results/learning_rules/resnet18_cifar100/resnet18_cifar100_bp_tard_lam0p3_e100_20260514_112412_12873742,layer4.0.downsample.0,512,32768,-0.007436391897499561,0.06088315322995186,0.04983165115118027,-0.04991103708744049,-0.005830838344991207,0.035790737718343735,0.02353031374514103,0.06352149695158005
results/learning_rules/resnet18_cifar100/resnet18_cifar100_bp_tard_lam0p3_e100_20260514_112412_12873742,layer4.1.conv1,512,32768,-0.10268600285053253,0.05250632017850876,0.10420486330986023,-0.13678722083568573,-0.1045466959476471,-0.06826862692832947,0.05667182430624962,0.20637992024421692
results/learning_rules/resnet18_cifar100/resnet18_cifar100_bp_tard_lam0p3_e100_20260514_112412_12873742,layer4.1.conv2,512,32768,0.031629376113414764,0.0651949793100357,0.05958324670791626,-0.008317448198795319,0.03647684305906296,0.0783640444278717,0.005115052685141563,0.14918288588523865
results/learning_rules/resnet18_cifar100/resnet18_cifar100_bp_tard_lam0p3_e100_20260514_112945_12873743,conv1,64,131072,0.07454720139503479,0.5297616124153137,0.4554412066936493,-0.33448338508605957,0.042896568775177,0.5096350908279419,0.68487548828125,0.3581703007221222
results/learning_rules/resnet18_cifar100/resnet18_cifar100_bp_tard_lam0p3_e100_20260514_112945_12873743,layer1.0.conv1,64,131072,-0.0037442059256136417,0.14284278452396393,0.11964248865842819,-0.11479951441287994,0.03087899088859558,0.09926147758960724,0.1069873794913292,0.08248245716094971
results/learning_rules/resnet18_cifar100/resnet18_cifar100_bp_tard_lam0p3_e100_20260514_112945_12873743,layer1.0.conv2,64,131072,0.0148667236790061,0.08791988343000412,0.06856156885623932,-0.032444123178720474,0.02233910746872425,0.061047740280628204,0.07687161862850189,0.05574993044137955
results/learning_rules/resnet18_cifar100/resnet18_cifar100_bp_tard_lam0p3_e100_20260514_112945_12873743,layer1.1.conv1,64,131072,0.057679254561662674,0.10640200972557068,0.10064253956079483,-0.013192637823522091,0.06285566836595535,0.13142982125282288,0.16565187275409698,0.08531441539525986
results/learning_rules/resnet18_cifar100/resnet18_cifar100_bp_tard_lam0p3_e100_20260514_112945_12873743,layer1.1.conv2,64,131072,0.005311273038387299,0.07603579759597778,0.06014733389019966,-0.0424029678106308,0.0044495221227407455,0.0487799271941185,0.009917542338371277,0.014855224639177322
results/learning_rules/resnet18_cifar100/resnet18_cifar100_bp_tard_lam0p3_e100_20260514_112945_12873743,layer2.0.conv1,128,131072,0.024757634848356247,0.1070992723107338,0.08958195149898529,-0.05722363293170929,0.03225016966462135,0.09602982550859451,0.21804828941822052,0.08586747944355011
results/learning_rules/resnet18_cifar100/resnet18_cifar100_bp_tard_lam0p3_e100_20260514_112945_12873743,layer2.0.conv2,128,131072,-0.01720939204096794,0.11584458500146866,0.09364315867424011,-0.10325370728969574,-0.012721642851829529,0.07329778373241425,0.06421678513288498,0.058837685734033585
results/learning_rules/resnet18_cifar100/resnet18_cifar100_bp_tard_lam0p3_e100_20260514_112945_12873743,layer2.0.downsample.0,128,131072,0.010035870596766472,0.12538690865039825,0.09750939905643463,-0.07599160820245743,0.00927155464887619,0.08060675114393234,0.032175734639167786,0.030678868293762207
results/learning_rules/resnet18_cifar100/resnet18_cifar100_bp_tard_lam0p3_e100_20260514_112945_12873743,layer2.1.conv1,128,131072,0.051051586866378784,0.10825011879205704,0.09552587568759918,-0.021733781322836876,0.05147106945514679,0.12024296820163727,0.1762426793575287,0.13867902755737305
results/learning_rules/resnet18_cifar100/resnet18_cifar100_bp_tard_lam0p3_e100_20260514_112945_12873743,layer2.1.conv2,128,131072,-0.026052875444293022,0.09924159198999405,0.08579462766647339,-0.1034424751996994,-0.03215326368808746,0.056253135204315186,0.01685679331421852,0.031599950045347214
results/learning_rules/resnet18_cifar100/resnet18_cifar100_bp_tard_lam0p3_e100_20260514_112945_12873743,layer3.0.conv1,256,131072,-0.053863633424043655,0.12059482932090759,0.10778636485338211,-0.13068866729736328,-0.05769093334674835,0.02315548062324524,0.22545596957206726,0.14016476273536682
results/learning_rules/resnet18_cifar100/resnet18_cifar100_bp_tard_lam0p3_e100_20260514_112945_12873743,layer3.0.conv2,256,131072,-0.0023430990986526012,0.09778926521539688,0.07813265919685364,-0.06681207567453384,0.002872046548873186,0.06538824737071991,0.07595118135213852,0.11050517857074738
results/learning_rules/resnet18_cifar100/resnet18_cifar100_bp_tard_lam0p3_e100_20260514_112945_12873743,layer3.0.downsample.0,256,131072,-0.01747775450348854,0.14526577293872833,0.11999702453613281,-0.12017247825860977,-0.02483683079481125,0.08007805794477463,0.03032744862139225,0.05142794921994209
results/learning_rules/resnet18_cifar100/resnet18_cifar100_bp_tard_lam0p3_e100_20260514_112945_12873743,layer3.1.conv1,256,131072,0.015370302833616734,0.07610625773668289,0.06087403744459152,-0.0266263484954834,0.020229961723089218,0.06605962663888931,0.13521547615528107,0.2094508707523346
results/learning_rules/resnet18_cifar100/resnet18_cifar100_bp_tard_lam0p3_e100_20260514_112945_12873743,layer3.1.conv2,256,131072,-0.04084623605012894,0.055951569229364395,0.05622679367661476,-0.07233422994613647,-0.043145548552274704,-0.002757793292403221,0.00869399681687355,0.045796770602464676
results/learning_rules/resnet18_cifar100/resnet18_cifar100_bp_tard_lam0p3_e100_20260514_112945_12873743,layer4.0.conv1,512,32768,-0.023960847407579422,0.0738597959280014,0.061507970094680786,-0.07460740953683853,-0.021460119634866714,0.023487618193030357,0.13306060433387756,0.21180595457553864
results/learning_rules/resnet18_cifar100/resnet18_cifar100_bp_tard_lam0p3_e100_20260514_112945_12873743,layer4.0.conv2,512,32768,-0.017549188807606697,0.062196388840675354,0.05132322385907173,-0.055531058460474014,-0.019537707790732384,0.020204199478030205,0.022522002458572388,0.12166193872690201
results/learning_rules/resnet18_cifar100/resnet18_cifar100_bp_tard_lam0p3_e100_20260514_112945_12873743,layer4.0.downsample.0,512,32768,-0.00447640847414732,0.08021286875009537,0.06618038564920425,-0.061665501445531845,-0.0035723247565329075,0.05288294330239296,0.023511338979005814,0.07826947420835495
results/learning_rules/resnet18_cifar100/resnet18_cifar100_bp_tard_lam0p3_e100_20260514_112945_12873743,layer4.1.conv1,512,32768,-0.1252976506948471,0.05591113492846489,0.12617675960063934,-0.16404762864112854,-0.1250031441450119,-0.08488517254590988,0.05674436315894127,0.21671785414218903
results/learning_rules/resnet18_cifar100/resnet18_cifar100_bp_tard_lam0p3_e100_20260514_112945_12873743,layer4.1.conv2,512,32768,0.026152316480875015,0.05504502356052399,0.04887279495596886,-0.011904554441571236,0.027589254081249237,0.06309807300567627,0.005253973416984081,0.14328961074352264
results/learning_rules/resnet18_cifar100/resnet18_cifar100_bp_tard_lam0p3_e100_20260515_013859_12988923,conv1,64,131072,0.03351370990276337,0.5042713284492493,0.4525219798088074,-0.43795570731163025,0.12176599353551865,0.5157499313354492,0.7187020778656006,0.19975344836711884
results/learning_rules/resnet18_cifar100/resnet18_cifar100_bp_tard_lam0p3_e100_20260515_013859_12988923,layer1.0.conv1,64,131072,0.003414393402636051,0.22228828072547913,0.17542359232902527,-0.1392238587141037,-0.008383785374462605,0.13793563842773438,0.10247964411973953,0.09993013739585876
results/learning_rules/resnet18_cifar100/resnet18_cifar100_bp_tard_lam0p3_e100_20260515_013859_12988923,layer1.0.conv2,64,131072,0.022010181099176407,0.09650003910064697,0.07795986533164978,-0.04751765727996826,0.024700913578271866,0.09821361303329468,0.06865612417459488,0.06573683023452759
results/learning_rules/resnet18_cifar100/resnet18_cifar100_bp_tard_lam0p3_e100_20260515_013859_12988923,layer1.1.conv1,64,131072,0.007977171801030636,0.10949921607971191,0.08744364976882935,-0.07349953055381775,0.011979661881923676,0.0662464126944542,0.1848650574684143,0.0739845484495163
results/learning_rules/resnet18_cifar100/resnet18_cifar100_bp_tard_lam0p3_e100_20260515_013859_12988923,layer1.1.conv2,64,131072,-0.0002716798335313797,0.0962405800819397,0.07724597305059433,-0.07347329705953598,0.0017661936581134796,0.0632179006934166,0.015336383134126663,0.018564309924840927
results/learning_rules/resnet18_cifar100/resnet18_cifar100_bp_tard_lam0p3_e100_20260515_013859_12988923,layer2.0.conv1,128,131072,-0.003822876140475273,0.10004998743534088,0.08180875331163406,-0.07371360063552856,-0.013171389698982239,0.06689336150884628,0.1999993920326233,0.07780910283327103
results/learning_rules/resnet18_cifar100/resnet18_cifar100_bp_tard_lam0p3_e100_20260515_013859_12988923,layer2.0.conv2,128,131072,0.01851525902748108,0.13931292295455933,0.10822194069623947,-0.06862007081508636,0.010815627872943878,0.10655765235424042,0.06161246821284294,0.059193603694438934
results/learning_rules/resnet18_cifar100/resnet18_cifar100_bp_tard_lam0p3_e100_20260515_013859_12988923,layer2.0.downsample.0,128,131072,-0.030315857380628586,0.141291543841362,0.1150527074933052,-0.14374026656150818,-0.03532653674483299,0.06104618310928345,0.02675938792526722,0.02556784637272358
results/learning_rules/resnet18_cifar100/resnet18_cifar100_bp_tard_lam0p3_e100_20260515_013859_12988923,layer2.1.conv1,128,131072,0.0566384382545948,0.09355082362890244,0.08727356791496277,-0.008441313169896603,0.054125938564538956,0.12127518653869629,0.18204236030578613,0.13925765454769135
results/learning_rules/resnet18_cifar100/resnet18_cifar100_bp_tard_lam0p3_e100_20260515_013859_12988923,layer2.1.conv2,128,131072,0.026991896331310272,0.07871827483177185,0.06822250038385391,-0.026154931634664536,0.03191857784986496,0.08336082845926285,0.017446603626012802,0.03379221633076668
results/learning_rules/resnet18_cifar100/resnet18_cifar100_bp_tard_lam0p3_e100_20260515_013859_12988923,layer3.0.conv1,256,131072,-0.02393905259668827,0.11483607441186905,0.09278275072574615,-0.09158939123153687,-0.01916041225194931,0.062345441430807114,0.24637198448181152,0.13824249804019928
results/learning_rules/resnet18_cifar100/resnet18_cifar100_bp_tard_lam0p3_e100_20260515_013859_12988923,layer3.0.conv2,256,131072,-0.0036727695260196924,0.0689457431435585,0.05557157099246979,-0.050347596406936646,-0.005268321838229895,0.04478780925273895,0.07800010591745377,0.11119498312473297
results/learning_rules/resnet18_cifar100/resnet18_cifar100_bp_tard_lam0p3_e100_20260515_013859_12988923,layer3.0.downsample.0,256,131072,-0.009335547685623169,0.11221801489591599,0.09026884287595749,-0.08287931978702545,-0.010244527831673622,0.07072879374027252,0.032337673008441925,0.04652351140975952
results/learning_rules/resnet18_cifar100/resnet18_cifar100_bp_tard_lam0p3_e100_20260515_013859_12988923,layer3.1.conv1,256,131072,0.018834035843610764,0.06269201636314392,0.051650069653987885,-0.02265195921063423,0.01874913088977337,0.056231752038002014,0.14327365159988403,0.22554031014442444
results/learning_rules/resnet18_cifar100/resnet18_cifar100_bp_tard_lam0p3_e100_20260515_013859_12988923,layer3.1.conv2,256,131072,0.008195271715521812,0.05341257527470589,0.04347739368677139,-0.02716558240354061,0.010294552892446518,0.04421302303671837,0.00927228294312954,0.05132414028048515
results/learning_rules/resnet18_cifar100/resnet18_cifar100_bp_tard_lam0p3_e100_20260515_013859_12988923,layer4.0.conv1,512,32768,0.014941107481718063,0.06340967863798141,0.052950065582990646,-0.027881864458322525,0.016826651990413666,0.0602409727871418,0.13644863665103912,0.22029373049736023
results/learning_rules/resnet18_cifar100/resnet18_cifar100_bp_tard_lam0p3_e100_20260515_013859_12988923,layer4.0.conv2,512,32768,-0.03534816950559616,0.07821280509233475,0.071121446788311,-0.09525036811828613,-0.03937029093503952,0.012404266744852066,0.02257915399968624,0.13359248638153076
results/learning_rules/resnet18_cifar100/resnet18_cifar100_bp_tard_lam0p3_e100_20260515_013859_12988923,layer4.0.downsample.0,512,32768,-0.004057649057358503,0.0614173486828804,0.04917091876268387,-0.049317121505737305,-0.0038962827529758215,0.03626205772161484,0.024494539946317673,0.0822364017367363
results/learning_rules/resnet18_cifar100/resnet18_cifar100_bp_tard_lam0p3_e100_20260515_013859_12988923,layer4.1.conv1,512,32768,-0.1305585652589798,0.05342309549450874,0.13188302516937256,-0.1675245761871338,-0.13076378405094147,-0.09918753057718277,0.05737343430519104,0.24884732067584991
results/learning_rules/resnet18_cifar100/resnet18_cifar100_bp_tard_lam0p3_e100_20260515_013859_12988923,layer4.1.conv2,512,32768,0.024748411029577255,0.07985883951187134,0.06780606508255005,-0.026266811415553093,0.026522278785705566,0.08588980883359909,0.0052956570871174335,0.17194059491157532
results/learning_rules/resnet18_cifar100/resnet18_cifar100_bp_tard_lam0p3_e100_20260515_014050_12988924,conv1,64,131072,0.05361911281943321,0.504560649394989,0.4205976128578186,-0.3049614727497101,0.08782633394002914,0.42149531841278076,0.6930899024009705,0.3252102732658386
results/learning_rules/resnet18_cifar100/resnet18_cifar100_bp_tard_lam0p3_e100_20260515_014050_12988924,layer1.0.conv1,64,131072,0.0006844501476734877,0.16556724905967712,0.12767761945724487,-0.09776241332292557,0.010551881045103073,0.10979512333869934,0.10757748782634735,0.07985176891088486
results/learning_rules/resnet18_cifar100/resnet18_cifar100_bp_tard_lam0p3_e100_20260515_014050_12988924,layer1.0.conv2,64,131072,-0.0027334988117218018,0.08525922894477844,0.06376177817583084,-0.0404452420771122,-0.006571249105036259,0.05156508460640907,0.07705692201852798,0.05012558773159981
results/learning_rules/resnet18_cifar100/resnet18_cifar100_bp_tard_lam0p3_e100_20260515_014050_12988924,layer1.1.conv1,64,131072,0.03272493928670883,0.10184621065855026,0.09212259948253632,-0.05988392233848572,0.05447046458721161,0.10577044636011124,0.17167843878269196,0.08140277117490768
results/learning_rules/resnet18_cifar100/resnet18_cifar100_bp_tard_lam0p3_e100_20260515_014050_12988924,layer1.1.conv2,64,131072,0.013662297278642654,0.10946344584226608,0.08610954880714417,-0.0550808310508728,0.010415592230856419,0.08084239810705185,0.01134525053203106,0.01639377512037754
results/learning_rules/resnet18_cifar100/resnet18_cifar100_bp_tard_lam0p3_e100_20260515_014050_12988924,layer2.0.conv1,128,131072,0.025852305814623833,0.11721943318843842,0.09577184915542603,-0.05384489521384239,0.016600631177425385,0.10168488323688507,0.22772890329360962,0.08864588290452957
results/learning_rules/resnet18_cifar100/resnet18_cifar100_bp_tard_lam0p3_e100_20260515_014050_12988924,layer2.0.conv2,128,131072,-0.020296547561883926,0.13121342658996582,0.11081558465957642,-0.10660716891288757,-0.0361550897359848,0.08092871308326721,0.06309070438146591,0.06041398271918297
results/learning_rules/resnet18_cifar100/resnet18_cifar100_bp_tard_lam0p3_e100_20260515_014050_12988924,layer2.0.downsample.0,128,131072,0.010125048458576202,0.12528450787067413,0.10210983455181122,-0.07807604223489761,0.011359801515936852,0.10366499423980713,0.03346960246562958,0.032455697655677795
results/learning_rules/resnet18_cifar100/resnet18_cifar100_bp_tard_lam0p3_e100_20260515_014050_12988924,layer2.1.conv1,128,131072,0.05142256245017052,0.11973879486322403,0.10832128673791885,-0.043040528893470764,0.06497175991535187,0.1400640457868576,0.18396352231502533,0.13582547008991241
results/learning_rules/resnet18_cifar100/resnet18_cifar100_bp_tard_lam0p3_e100_20260515_014050_12988924,layer2.1.conv2,128,131072,-0.009219096042215824,0.09029261022806168,0.07323863357305527,-0.07717296481132507,-0.011790215037763119,0.04483306407928467,0.01717350445687771,0.031453441828489304
results/learning_rules/resnet18_cifar100/resnet18_cifar100_bp_tard_lam0p3_e100_20260515_014050_12988924,layer3.0.conv1,256,131072,-0.06461812555789948,0.12529706954956055,0.11610390990972519,-0.14725889265537262,-0.07012561708688736,0.021939869970083237,0.23253187537193298,0.13722079992294312
results/learning_rules/resnet18_cifar100/resnet18_cifar100_bp_tard_lam0p3_e100_20260515_014050_12988924,layer3.0.conv2,256,131072,-0.01525714062154293,0.08193862438201904,0.06582644581794739,-0.06613197177648544,-0.020327985286712646,0.03526558354496956,0.07544520497322083,0.10517770797014236
results/learning_rules/resnet18_cifar100/resnet18_cifar100_bp_tard_lam0p3_e100_20260515_014050_12988924,layer3.0.downsample.0,256,131072,-0.017918188124895096,0.13831675052642822,0.11365005373954773,-0.11562452465295792,-0.017496954649686813,0.08382371068000793,0.030923567712306976,0.04906385391950607
results/learning_rules/resnet18_cifar100/resnet18_cifar100_bp_tard_lam0p3_e100_20260515_014050_12988924,layer3.1.conv1,256,131072,0.0016024194192141294,0.07485821098089218,0.059787679463624954,-0.04816896840929985,0.0008120636339299381,0.055160846561193466,0.13924407958984375,0.21723297238349915
results/learning_rules/resnet18_cifar100/resnet18_cifar100_bp_tard_lam0p3_e100_20260515_014050_12988924,layer3.1.conv2,256,131072,-0.020710891112685204,0.05658368393778801,0.04828998073935509,-0.06005014479160309,-0.018625279888510704,0.017171014100313187,0.00882120244204998,0.05074750632047653
results/learning_rules/resnet18_cifar100/resnet18_cifar100_bp_tard_lam0p3_e100_20260515_014050_12988924,layer4.0.conv1,512,32768,-0.019911441951990128,0.07077606767416,0.05976301059126854,-0.07090520858764648,-0.021262507885694504,0.032053884118795395,0.13138225674629211,0.21222282946109772
results/learning_rules/resnet18_cifar100/resnet18_cifar100_bp_tard_lam0p3_e100_20260515_014050_12988924,layer4.0.conv2,512,32768,-0.03684670850634575,0.07720382511615753,0.07117696106433868,-0.09484267234802246,-0.04255761206150055,0.014476041309535503,0.021907541900873184,0.12291671335697174
results/learning_rules/resnet18_cifar100/resnet18_cifar100_bp_tard_lam0p3_e100_20260515_014050_12988924,layer4.0.downsample.0,512,32768,-0.004275506362318993,0.08161633461713791,0.06639741361141205,-0.06252968311309814,-0.00595239270478487,0.054003022611141205,0.023282457143068314,0.07888439297676086
results/learning_rules/resnet18_cifar100/resnet18_cifar100_bp_tard_lam0p3_e100_20260515_014050_12988924,layer4.1.conv1,512,32768,-0.13973450660705566,0.05547713860869408,0.14003434777259827,-0.1763717234134674,-0.14171703159809113,-0.10497023910284042,0.05877135694026947,0.23565371334552765
results/learning_rules/resnet18_cifar100/resnet18_cifar100_bp_tard_lam0p3_e100_20260515_014050_12988924,layer4.1.conv2,512,32768,0.03132699802517891,0.0589517243206501,0.054020728915929794,-0.00831508357077837,0.03364812582731247,0.07358851283788681,0.004989167675375938,0.14714083075523376
results/learning_rules/resnet18_cifar100/resnet18_cifar100_bp_tard_lam1_e100_20260514_115352_12873744,conv1,64,131072,0.013936854898929596,0.5433233380317688,0.45767277479171753,-0.39237478375434875,0.016718924045562744,0.41844621300697327,0.6733713150024414,0.3494342565536499
results/learning_rules/resnet18_cifar100/resnet18_cifar100_bp_tard_lam1_e100_20260514_115352_12873744,layer1.0.conv1,64,131072,0.016707848757505417,0.19673998653888702,0.1642228662967682,-0.14160464704036713,0.030207108706235886,0.12545344233512878,0.1106133759021759,0.0802830308675766
results/learning_rules/resnet18_cifar100/resnet18_cifar100_bp_tard_lam1_e100_20260514_115352_12873744,layer1.0.conv2,64,131072,-0.006575149949640036,0.11429896950721741,0.09096090495586395,-0.08440060913562775,-0.0035944082774221897,0.06074291095137596,0.06969228386878967,0.0554845929145813
results/learning_rules/resnet18_cifar100/resnet18_cifar100_bp_tard_lam1_e100_20260514_115352_12873744,layer1.1.conv1,64,131072,0.018536575138568878,0.12598557770252228,0.10220593214035034,-0.0656851977109909,0.01011701114475727,0.09680390357971191,0.17266233265399933,0.07310217618942261
results/learning_rules/resnet18_cifar100/resnet18_cifar100_bp_tard_lam1_e100_20260514_115352_12873744,layer1.1.conv2,64,131072,0.014388305135071278,0.13808463513851166,0.11465397477149963,-0.09871836006641388,0.018297594040632248,0.10231322050094604,0.015918215736746788,0.021752631291747093
results/learning_rules/resnet18_cifar100/resnet18_cifar100_bp_tard_lam1_e100_20260514_115352_12873744,layer2.0.conv1,128,131072,0.03289862722158432,0.11733318120241165,0.09527125209569931,-0.044571202248334885,0.021079082041978836,0.10268544405698776,0.19959744811058044,0.07949212938547134
results/learning_rules/resnet18_cifar100/resnet18_cifar100_bp_tard_lam1_e100_20260514_115352_12873744,layer2.0.conv2,128,131072,0.034486494958400726,0.15937109291553497,0.12824630737304688,-0.0530337430536747,0.030374735593795776,0.1496846228837967,0.06491269916296005,0.06531570106744766
results/learning_rules/resnet18_cifar100/resnet18_cifar100_bp_tard_lam1_e100_20260514_115352_12873744,layer2.0.downsample.0,128,131072,0.0017765569500625134,0.13278357684612274,0.10280251502990723,-0.06784572452306747,0.014312018640339375,0.09843042492866516,0.025245480239391327,0.029178963974118233
results/learning_rules/resnet18_cifar100/resnet18_cifar100_bp_tard_lam1_e100_20260514_115352_12873744,layer2.1.conv1,128,131072,0.07266485691070557,0.1354038268327713,0.12581486999988556,-0.034431636333465576,0.07559700310230255,0.18077205121517181,0.17996062338352203,0.1269284337759018
results/learning_rules/resnet18_cifar100/resnet18_cifar100_bp_tard_lam1_e100_20260514_115352_12873744,layer2.1.conv2,128,131072,-0.002381061902269721,0.0861002653837204,0.06900807470083237,-0.06262028962373734,-0.005017755553126335,0.057352032512426376,0.016466010361909866,0.029698122292757034
results/learning_rules/resnet18_cifar100/resnet18_cifar100_bp_tard_lam1_e100_20260514_115352_12873744,layer3.0.conv1,256,131072,-0.04893583804368973,0.15783433616161346,0.14013883471488953,-0.1688421070575714,-0.06122813746333122,0.0648951381444931,0.24776573479175568,0.1301892101764679
results/learning_rules/resnet18_cifar100/resnet18_cifar100_bp_tard_lam1_e100_20260514_115352_12873744,layer3.0.conv2,256,131072,-0.0004045891109853983,0.10394472628831863,0.08635389059782028,-0.07240349799394608,-0.0053506894037127495,0.07532443106174469,0.07969144731760025,0.09517066180706024
results/learning_rules/resnet18_cifar100/resnet18_cifar100_bp_tard_lam1_e100_20260514_115352_12873744,layer3.0.downsample.0,256,131072,-0.012564699165523052,0.15823395550251007,0.13168305158615112,-0.14155173301696777,-0.013504361733794212,0.11811947077512741,0.030327269807457924,0.048773713409900665
results/learning_rules/resnet18_cifar100/resnet18_cifar100_bp_tard_lam1_e100_20260514_115352_12873744,layer3.1.conv1,256,131072,0.015078667551279068,0.07545742392539978,0.06119268760085106,-0.02889295667409897,0.012940537184476852,0.0704268217086792,0.1404724419116974,0.18680121004581451
results/learning_rules/resnet18_cifar100/resnet18_cifar100_bp_tard_lam1_e100_20260514_115352_12873744,layer3.1.conv2,256,131072,-0.038078997284173965,0.05853148177266121,0.05500401556491852,-0.07841061055660248,-0.036268047988414764,-0.0024475078098475933,0.009208875708281994,0.04494677111506462
results/learning_rules/resnet18_cifar100/resnet18_cifar100_bp_tard_lam1_e100_20260514_115352_12873744,layer4.0.conv1,512,32768,-0.03307892009615898,0.06882038712501526,0.06080126762390137,-0.0802975594997406,-0.03007778897881508,0.01380148995667696,0.1361512690782547,0.18888014554977417
results/learning_rules/resnet18_cifar100/resnet18_cifar100_bp_tard_lam1_e100_20260514_115352_12873744,layer4.0.conv2,512,32768,-0.03991381451487541,0.06886183470487595,0.06494699418544769,-0.08791137486696243,-0.0421639010310173,0.0033647376112639904,0.02303353138267994,0.1218821108341217
results/learning_rules/resnet18_cifar100/resnet18_cifar100_bp_tard_lam1_e100_20260514_115352_12873744,layer4.0.downsample.0,512,32768,-0.003625652054324746,0.08192329108715057,0.06642267107963562,-0.06071120500564575,-0.0038622338324785233,0.05287245288491249,0.023960694670677185,0.07030785828828812
results/learning_rules/resnet18_cifar100/resnet18_cifar100_bp_tard_lam1_e100_20260514_115352_12873744,layer4.1.conv1,512,32768,-0.12051241844892502,0.054895076900720596,0.12131795287132263,-0.1598551869392395,-0.12346269190311432,-0.08406853675842285,0.05675312876701355,0.23860102891921997
results/learning_rules/resnet18_cifar100/resnet18_cifar100_bp_tard_lam1_e100_20260514_115352_12873744,layer4.1.conv2,512,32768,0.029605748131871223,0.05725289508700371,0.052281636744737625,-0.010423202067613602,0.029149023815989494,0.07282137870788574,0.0057563879527151585,0.15981508791446686
results/learning_rules/resnet18_cifar100/resnet18_cifar100_bp_tard_lam1_e100_20260514_121918_12873745,conv1,64,131072,0.05106095224618912,0.4924415349960327,0.41388392448425293,-0.2865666449069977,0.14282488822937012,0.3790256977081299,0.6627329587936401,0.23896180093288422
results/learning_rules/resnet18_cifar100/resnet18_cifar100_bp_tard_lam1_e100_20260514_121918_12873745,layer1.0.conv1,64,131072,0.011880055069923401,0.1345617175102234,0.10736435651779175,-0.0780516266822815,0.01211873535066843,0.09548851102590561,0.09565179795026779,0.0750986784696579
results/learning_rules/resnet18_cifar100/resnet18_cifar100_bp_tard_lam1_e100_20260514_121918_12873745,layer1.0.conv2,64,131072,-0.002968277083709836,0.07933524996042252,0.06276918202638626,-0.0505717433989048,-0.006345333531498909,0.04774409532546997,0.07432539761066437,0.04412354528903961
results/learning_rules/resnet18_cifar100/resnet18_cifar100_bp_tard_lam1_e100_20260514_121918_12873745,layer1.1.conv1,64,131072,0.02305193431675434,0.10689282417297363,0.08663102239370346,-0.0428149476647377,0.020018387585878372,0.09590725600719452,0.16025808453559875,0.06784293055534363
results/learning_rules/resnet18_cifar100/resnet18_cifar100_bp_tard_lam1_e100_20260514_121918_12873745,layer1.1.conv2,64,131072,-0.002326683374121785,0.09658557921648026,0.07692359387874603,-0.08006837218999863,-0.008779573254287243,0.05029594898223877,0.010868425481021404,0.014184687286615372
results/learning_rules/resnet18_cifar100/resnet18_cifar100_bp_tard_lam1_e100_20260514_121918_12873745,layer2.0.conv1,128,131072,-0.05127149075269699,0.10254517942667007,0.09436972439289093,-0.12857070565223694,-0.06451691687107086,0.010770865716040134,0.21632368862628937,0.07893245667219162
results/learning_rules/resnet18_cifar100/resnet18_cifar100_bp_tard_lam1_e100_20260514_121918_12873745,layer2.0.conv2,128,131072,-0.016960734501481056,0.12400052696466446,0.1016789972782135,-0.09336556494235992,-0.02813381887972355,0.06733419746160507,0.0616363026201725,0.05280072242021561
results/learning_rules/resnet18_cifar100/resnet18_cifar100_bp_tard_lam1_e100_20260514_121918_12873745,layer2.0.downsample.0,128,131072,-0.010285942815244198,0.13130129873752594,0.10838297754526138,-0.0995587632060051,-0.010658971033990383,0.079420305788517,0.02988309971988201,0.02732938341796398
results/learning_rules/resnet18_cifar100/resnet18_cifar100_bp_tard_lam1_e100_20260514_121918_12873745,layer2.1.conv1,128,131072,-0.016583573073148727,0.08112799376249313,0.0647834986448288,-0.06747061014175415,-0.018593257293105125,0.034410908818244934,0.17200900614261627,0.10131226480007172
results/learning_rules/resnet18_cifar100/resnet18_cifar100_bp_tard_lam1_e100_20260514_121918_12873745,layer2.1.conv2,128,131072,0.011111956089735031,0.06554240733385086,0.054032307118177414,-0.03857916593551636,0.012626346200704575,0.05866290628910065,0.015895342454314232,0.02511608600616455
results/learning_rules/resnet18_cifar100/resnet18_cifar100_bp_tard_lam1_e100_20260514_121918_12873745,layer3.0.conv1,256,131072,-0.017567813396453857,0.09116202592849731,0.07437276840209961,-0.0752832293510437,-0.016778908669948578,0.043192118406295776,0.22840751707553864,0.09474259614944458
results/learning_rules/resnet18_cifar100/resnet18_cifar100_bp_tard_lam1_e100_20260514_121918_12873745,layer3.0.conv2,256,131072,-0.007989428006112576,0.06724638491868973,0.05442628264427185,-0.05309018865227699,-0.009906345047056675,0.0398123636841774,0.07498207688331604,0.07953190803527832
results/learning_rules/resnet18_cifar100/resnet18_cifar100_bp_tard_lam1_e100_20260514_121918_12873745,layer3.0.downsample.0,256,131072,-0.004787232726812363,0.0981932207942009,0.07918757200241089,-0.07883639633655548,-0.004777257330715656,0.06613609939813614,0.028312265872955322,0.03418415039777756
results/learning_rules/resnet18_cifar100/resnet18_cifar100_bp_tard_lam1_e100_20260514_121918_12873745,layer3.1.conv1,256,131072,0.008798346854746342,0.06577137112617493,0.05213550850749016,-0.034081798046827316,0.005709780380129814,0.05234264209866524,0.13259294629096985,0.16185878217220306
results/learning_rules/resnet18_cifar100/resnet18_cifar100_bp_tard_lam1_e100_20260514_121918_12873745,layer3.1.conv2,256,131072,0.011620487086474895,0.04874930530786514,0.040579188615083694,-0.023959672078490257,0.010683239437639713,0.04461417347192764,0.008494006469845772,0.04194142296910286
results/learning_rules/resnet18_cifar100/resnet18_cifar100_bp_tard_lam1_e100_20260514_121918_12873745,layer4.0.conv1,512,32768,0.00327178742736578,0.06849278509616852,0.054272472858428955,-0.04049409180879593,0.002820222172886133,0.04639507085084915,0.13425812125205994,0.1735764890909195
results/learning_rules/resnet18_cifar100/resnet18_cifar100_bp_tard_lam1_e100_20260514_121918_12873745,layer4.0.conv2,512,32768,-0.026180287823081017,0.07009945064783096,0.0629807785153389,-0.08163104951381683,-0.032874323427677155,0.02416652999818325,0.02220737375319004,0.10953439772129059
results/learning_rules/resnet18_cifar100/resnet18_cifar100_bp_tard_lam1_e100_20260514_121918_12873745,layer4.0.downsample.0,512,32768,0.005681907292455435,0.068927101790905,0.055804550647735596,-0.039317283779382706,0.005138851702213287,0.0543363094329834,0.022626861929893494,0.06399884074926376
results/learning_rules/resnet18_cifar100/resnet18_cifar100_bp_tard_lam1_e100_20260514_121918_12873745,layer4.1.conv1,512,32768,-0.1227765679359436,0.05684536695480347,0.12327010929584503,-0.15796223282814026,-0.12518808245658875,-0.08531910926103592,0.05446340888738632,0.21082746982574463
results/learning_rules/resnet18_cifar100/resnet18_cifar100_bp_tard_lam1_e100_20260514_121918_12873745,layer4.1.conv2,512,32768,0.02581169269979,0.05752923712134361,0.051591984927654266,-0.013884234242141247,0.029367608949542046,0.06820166856050491,0.005319331306964159,0.15688899159431458
results/learning_rules/resnet18_cifar100/resnet18_cifar100_bp_tard_w0p35_lam0p1_e100_20260515_010454_12988884,conv1,24,131072,0.007358381990343332,0.6452708840370178,0.5713322758674622,-0.5882816314697266,0.02503432333469391,0.5735524892807007,1.5055408477783203,0.8892022967338562
results/learning_rules/resnet18_cifar100/resnet18_cifar100_bp_tard_w0p35_lam0p1_e100_20260515_010454_12988884,layer1.0.conv1,24,131072,-0.00254077953286469,0.16663390398025513,0.1407679170370102,-0.11004624515771866,0.028732677921652794,0.10171814262866974,0.3043317198753357,0.20468692481517792
results/learning_rules/resnet18_cifar100/resnet18_cifar100_bp_tard_w0p35_lam0p1_e100_20260515_010454_12988884,layer1.0.conv2,24,131072,0.027753770351409912,0.09175819903612137,0.07057788223028183,-0.017198579385876656,0.025145478546619415,0.05689958110451698,0.17709755897521973,0.08460433036088943
results/learning_rules/resnet18_cifar100/resnet18_cifar100_bp_tard_w0p35_lam0p1_e100_20260515_010454_12988884,layer1.1.conv1,24,131072,-0.023344820365309715,0.1755000799894333,0.15326598286628723,-0.14958098530769348,-0.06471001356840134,0.11474962532520294,0.35131046175956726,0.20079965889453888
results/learning_rules/resnet18_cifar100/resnet18_cifar100_bp_tard_w0p35_lam0p1_e100_20260515_010454_12988884,layer1.1.conv2,24,131072,-0.04828588292002678,0.10698749125003815,0.0900179073214531,-0.12070322781801224,-0.03742538392543793,0.005677489098161459,0.03905379772186279,0.042260151356458664
results/learning_rules/resnet18_cifar100/resnet18_cifar100_bp_tard_w0p35_lam0p1_e100_20260515_010454_12988884,layer2.0.conv1,48,131072,0.006685307715088129,0.11732976883649826,0.09506070613861084,-0.08161857724189758,0.027066748589277267,0.06551384925842285,0.7164387702941895,0.21925808489322662
results/learning_rules/resnet18_cifar100/resnet18_cifar100_bp_tard_w0p35_lam0p1_e100_20260515_010454_12988884,layer2.0.conv2,48,131072,0.01305422093719244,0.2218862771987915,0.1881614327430725,-0.19442421197891235,0.013680016621947289,0.17173674702644348,0.19451260566711426,0.1572677493095398
results/learning_rules/resnet18_cifar100/resnet18_cifar100_bp_tard_w0p35_lam0p1_e100_20260515_010454_12988884,layer2.0.downsample.0,48,131072,0.024847356602549553,0.12061449140310287,0.0981348380446434,-0.04232300817966461,0.0348002165555954,0.11485359072685242,0.09078565984964371,0.07819775491952896
results/learning_rules/resnet18_cifar100/resnet18_cifar100_bp_tard_w0p35_lam0p1_e100_20260515_010454_12988884,layer2.1.conv1,48,131072,0.07497836649417877,0.1751815378665924,0.15928708016872406,-0.07796170562505722,0.09856715798377991,0.20605875551700592,0.4783596098423004,0.39800921082496643
results/learning_rules/resnet18_cifar100/resnet18_cifar100_bp_tard_w0p35_lam0p1_e100_20260515_010454_12988884,layer2.1.conv2,48,131072,-0.021834133192896843,0.09398026019334793,0.08378174901008606,-0.09871836006641388,-0.03820079565048218,0.04908089339733124,0.04006985202431679,0.06382114440202713
results/learning_rules/resnet18_cifar100/resnet18_cifar100_bp_tard_w0p35_lam0p1_e100_20260515_010454_12988884,layer3.0.conv1,96,131072,-0.063539057970047,0.17811833322048187,0.15901561081409454,-0.2186998575925827,-0.08760902285575867,0.06735626608133316,0.8559200763702393,0.4158118963241577
results/learning_rules/resnet18_cifar100/resnet18_cifar100_bp_tard_w0p35_lam0p1_e100_20260515_010454_12988884,layer3.0.conv2,96,131072,-0.038574572652578354,0.1539384424686432,0.13127131760120392,-0.17545975744724274,-0.028948325663805008,0.07229483872652054,0.2541198134422302,0.30677059292793274
results/learning_rules/resnet18_cifar100/resnet18_cifar100_bp_tard_w0p35_lam0p1_e100_20260515_010454_12988884,layer3.0.downsample.0,96,131072,-0.015925100073218346,0.17981968820095062,0.1451893448829651,-0.14721858501434326,-0.007156516425311565,0.10165312886238098,0.12010616064071655,0.15697476267814636
results/learning_rules/resnet18_cifar100/resnet18_cifar100_bp_tard_w0p35_lam0p1_e100_20260515_010454_12988884,layer3.1.conv1,96,131072,-0.02177617885172367,0.11394471675157547,0.09349008649587631,-0.0907272920012474,-0.022085299715399742,0.05220603570342064,0.4181164801120758,0.557147741317749
results/learning_rules/resnet18_cifar100/resnet18_cifar100_bp_tard_w0p35_lam0p1_e100_20260515_010454_12988884,layer3.1.conv2,96,131072,-0.08170974999666214,0.08047257363796234,0.0998273715376854,-0.1373075246810913,-0.09272077679634094,-0.03616940975189209,0.028762860223650932,0.10590226203203201
results/learning_rules/resnet18_cifar100/resnet18_cifar100_bp_tard_w0p35_lam0p1_e100_20260515_010454_12988884,layer4.0.conv1,192,32768,-0.03077421523630619,0.10075994580984116,0.0852590873837471,-0.09455414861440659,-0.03577811270952225,0.03854202479124069,0.4512598216533661,0.5092207789421082
results/learning_rules/resnet18_cifar100/resnet18_cifar100_bp_tard_w0p35_lam0p1_e100_20260515_010454_12988884,layer4.0.conv2,192,32768,-0.015603787265717983,0.09369490295648575,0.07761751860380173,-0.08247089385986328,-0.01787833496928215,0.05231369286775589,0.09042689204216003,0.3187951147556305
results/learning_rules/resnet18_cifar100/resnet18_cifar100_bp_tard_w0p35_lam0p1_e100_20260515_010454_12988884,layer4.0.downsample.0,192,32768,-0.03185209259390831,0.12286454439163208,0.10792667418718338,-0.1257113814353943,-0.042182229459285736,0.0734626054763794,0.08580922335386276,0.2034609317779541
results/learning_rules/resnet18_cifar100/resnet18_cifar100_bp_tard_w0p35_lam0p1_e100_20260515_010454_12988884,layer4.1.conv1,192,32768,-0.07078821212053299,0.08177326619625092,0.08958453685045242,-0.12910866737365723,-0.07413414120674133,-0.014317250810563564,0.28525176644325256,0.689814031124115
results/learning_rules/resnet18_cifar100/resnet18_cifar100_bp_tard_w0p35_lam0p1_e100_20260515_010454_12988884,layer4.1.conv2,192,32768,0.028310248628258705,0.07591653615236282,0.06517057120800018,-0.024153398349881172,0.026756860315799713,0.0835215151309967,0.02445792406797409,0.2838149666786194
results/learning_rules/resnet18_cifar100/resnet18_cifar100_bp_tard_w0p35_lam0p1_e100_20260515_010659_12988885,conv1,24,131072,-0.00908216368407011,0.5592976808547974,0.47647878527641296,-0.3326539993286133,0.014908770099282265,0.393791526556015,1.6708126068115234,0.9852473735809326
results/learning_rules/resnet18_cifar100/resnet18_cifar100_bp_tard_w0p35_lam0p1_e100_20260515_010659_12988885,layer1.0.conv1,24,131072,-0.012997363694012165,0.18733853101730347,0.15218333899974823,-0.15535758435726166,-0.024830328300595284,0.07827632129192352,0.3514896631240845,0.22766707837581635
results/learning_rules/resnet18_cifar100/resnet18_cifar100_bp_tard_w0p35_lam0p1_e100_20260515_010659_12988885,layer1.0.conv2,24,131072,-0.04261776804924011,0.11654390394687653,0.10087075084447861,-0.1283564269542694,-0.022543979808688164,0.03836403042078018,0.16561420261859894,0.0849064290523529
results/learning_rules/resnet18_cifar100/resnet18_cifar100_bp_tard_w0p35_lam0p1_e100_20260515_010659_12988885,layer1.1.conv1,24,131072,0.030114656314253807,0.15080375969409943,0.12472591549158096,-0.08465609699487686,0.04764169454574585,0.10851317644119263,0.3549017608165741,0.23954324424266815
results/learning_rules/resnet18_cifar100/resnet18_cifar100_bp_tard_w0p35_lam0p1_e100_20260515_010659_12988885,layer1.1.conv2,24,131072,-0.009981810115277767,0.16868825256824493,0.13786643743515015,-0.13941532373428345,0.007102051749825478,0.09979327768087387,0.05039988085627556,0.06658497452735901
results/learning_rules/resnet18_cifar100/resnet18_cifar100_bp_tard_w0p35_lam0p1_e100_20260515_010659_12988885,layer2.0.conv1,48,131072,-0.0010514737805351615,0.11015501618385315,0.08762813359498978,-0.08516094088554382,-0.009925713762640953,0.06695760786533356,0.8146663308143616,0.24618910253047943
results/learning_rules/resnet18_cifar100/resnet18_cifar100_bp_tard_w0p35_lam0p1_e100_20260515_010659_12988885,layer2.0.conv2,48,131072,0.08207201212644577,0.15759427845478058,0.15591029822826385,-0.039380937814712524,0.12306291610002518,0.2039613276720047,0.18174006044864655,0.13833771646022797
results/learning_rules/resnet18_cifar100/resnet18_cifar100_bp_tard_w0p35_lam0p1_e100_20260515_010659_12988885,layer2.0.downsample.0,48,131072,-0.016729621216654778,0.14420154690742493,0.11125564575195312,-0.10372716933488846,-0.012373061850667,0.0668700709939003,0.09096673130989075,0.0869707465171814
results/learning_rules/resnet18_cifar100/resnet18_cifar100_bp_tard_w0p35_lam0p1_e100_20260515_010659_12988885,layer2.1.conv1,48,131072,0.02856438420712948,0.17081710696220398,0.1430986076593399,-0.10065653920173645,0.024543751031160355,0.14149440824985504,0.4633983075618744,0.4159736633300781
results/learning_rules/resnet18_cifar100/resnet18_cifar100_bp_tard_w0p35_lam0p1_e100_20260515_010659_12988885,layer2.1.conv2,48,131072,-0.011506126262247562,0.08530386537313461,0.07462429255247116,-0.08742498606443405,-0.010164430364966393,0.04484542831778526,0.05632992088794708,0.07579754292964935
results/learning_rules/resnet18_cifar100/resnet18_cifar100_bp_tard_w0p35_lam0p1_e100_20260515_010659_12988885,layer3.0.conv1,96,131072,-0.05823025479912758,0.1759272813796997,0.15392239391803741,-0.19089974462985992,-0.04292703792452812,0.07226207107305527,0.8059797883033752,0.44297632575035095
results/learning_rules/resnet18_cifar100/resnet18_cifar100_bp_tard_w0p35_lam0p1_e100_20260515_010659_12988885,layer3.0.conv2,96,131072,-0.04476599395275116,0.14238685369491577,0.12715086340904236,-0.159626305103302,-0.0695655345916748,0.07140439003705978,0.245202898979187,0.3034095764160156
results/learning_rules/resnet18_cifar100/resnet18_cifar100_bp_tard_w0p35_lam0p1_e100_20260515_010659_12988885,layer3.0.downsample.0,96,131072,-0.02177254669368267,0.188865527510643,0.16199727356433868,-0.162848562002182,-0.053713202476501465,0.10723421722650528,0.11861176043748856,0.16633832454681396
results/learning_rules/resnet18_cifar100/resnet18_cifar100_bp_tard_w0p35_lam0p1_e100_20260515_010659_12988885,layer3.1.conv1,96,131072,-0.00907440111041069,0.09523487836122513,0.07778167724609375,-0.08089025318622589,-0.006949054077267647,0.05989432334899902,0.4267108738422394,0.5312567353248596
results/learning_rules/resnet18_cifar100/resnet18_cifar100_bp_tard_w0p35_lam0p1_e100_20260515_010659_12988885,layer3.1.conv2,96,131072,-0.0785282701253891,0.09082556515932083,0.10089731961488724,-0.14417381584644318,-0.08883489668369293,-0.018217824399471283,0.03160950168967247,0.11023667454719543
results/learning_rules/resnet18_cifar100/resnet18_cifar100_bp_tard_w0p35_lam0p1_e100_20260515_010659_12988885,layer4.0.conv1,192,32768,-0.027575237676501274,0.11012546718120575,0.09008261561393738,-0.09677320718765259,-0.026340417563915253,0.041500024497509,0.4719618558883667,0.5383744835853577
results/learning_rules/resnet18_cifar100/resnet18_cifar100_bp_tard_w0p35_lam0p1_e100_20260515_010659_12988885,layer4.0.conv2,192,32768,-0.01963692158460617,0.07923062890768051,0.06791465729475021,-0.08068237453699112,-0.026225335896015167,0.04094740003347397,0.09241903573274612,0.3252459764480591
results/learning_rules/resnet18_cifar100/resnet18_cifar100_bp_tard_w0p35_lam0p1_e100_20260515_010659_12988885,layer4.0.downsample.0,192,32768,-0.014392788521945477,0.14836181700229645,0.12670910358428955,-0.12681937217712402,-0.023747829720377922,0.10904088616371155,0.09083845466375351,0.21844232082366943
results/learning_rules/resnet18_cifar100/resnet18_cifar100_bp_tard_w0p35_lam0p1_e100_20260515_010659_12988885,layer4.1.conv1,192,32768,-0.06081293523311615,0.08454062044620514,0.08343987911939621,-0.11675981432199478,-0.05707288533449173,-0.0075934394262731075,0.269566148519516,0.6503205895423889
results/learning_rules/resnet18_cifar100/resnet18_cifar100_bp_tard_w0p35_lam0p1_e100_20260515_010659_12988885,layer4.1.conv2,192,32768,0.018702074885368347,0.07884778082370758,0.06604038178920746,-0.04210608825087547,0.01583012565970421,0.07028112560510635,0.024322213605046272,0.2939959466457367
results/learning_rules/resnet18_cifar100/resnet18_cifar100_bp_tard_w0p35_lam0p3_e100_20260515_011336_12988888,conv1,24,131072,-0.10966932773590088,0.5185049176216125,0.42587998509407043,-0.6394827961921692,-0.08550378680229187,0.1943390965461731,1.484639286994934,0.9569334983825684
results/learning_rules/resnet18_cifar100/resnet18_cifar100_bp_tard_w0p35_lam0p3_e100_20260515_011336_12988888,layer1.0.conv1,24,131072,0.03861803561449051,0.24793051183223724,0.22119350731372833,-0.22958549857139587,0.1018100380897522,0.24722088873386383,0.2140485644340515,0.2249423712491989
results/learning_rules/resnet18_cifar100/resnet18_cifar100_bp_tard_w0p35_lam0p3_e100_20260515_011336_12988888,layer1.0.conv2,24,131072,-0.005745014641433954,0.16172359883785248,0.14158517122268677,-0.13736975193023682,-0.02392423152923584,0.17109443247318268,0.14336644113063812,0.09911365061998367
results/learning_rules/resnet18_cifar100/resnet18_cifar100_bp_tard_w0p35_lam0p3_e100_20260515_011336_12988888,layer1.1.conv1,24,131072,0.03044278360903263,0.1298677772283554,0.10883975774049759,-0.03985642269253731,0.02276144176721573,0.134425550699234,0.42491185665130615,0.232390359044075
results/learning_rules/resnet18_cifar100/resnet18_cifar100_bp_tard_w0p35_lam0p3_e100_20260515_011336_12988888,layer1.1.conv2,24,131072,0.0009007168118841946,0.07544146478176117,0.0595724880695343,-0.03632809966802597,-0.010871956124901772,0.06567764282226562,0.04471530392765999,0.045585233718156815
results/learning_rules/resnet18_cifar100/resnet18_cifar100_bp_tard_w0p35_lam0p3_e100_20260515_011336_12988888,layer2.0.conv1,48,131072,0.040810730308294296,0.13975071907043457,0.11988643556833267,-0.05290660634636879,0.03858596831560135,0.14796589314937592,0.8131575584411621,0.2529156506061554
results/learning_rules/resnet18_cifar100/resnet18_cifar100_bp_tard_w0p35_lam0p3_e100_20260515_011336_12988888,layer2.0.conv2,48,131072,0.01584729738533497,0.19611720740795135,0.17239856719970703,-0.15442198514938354,0.057117484509944916,0.16796016693115234,0.1758548617362976,0.1757611483335495
results/learning_rules/resnet18_cifar100/resnet18_cifar100_bp_tard_w0p35_lam0p3_e100_20260515_011336_12988888,layer2.0.downsample.0,48,131072,-0.015289491973817348,0.1498030424118042,0.1194394901394844,-0.11974503844976425,-0.01234349049627781,0.07840276509523392,0.10945209115743637,0.09049215912818909
results/learning_rules/resnet18_cifar100/resnet18_cifar100_bp_tard_w0p35_lam0p3_e100_20260515_011336_12988888,layer2.1.conv1,48,131072,0.052466630935668945,0.19195522367954254,0.14870689809322357,-0.06596054881811142,0.023234810680150986,0.17054316401481628,0.4569724500179291,0.45410218834877014
results/learning_rules/resnet18_cifar100/resnet18_cifar100_bp_tard_w0p35_lam0p3_e100_20260515_011336_12988888,layer2.1.conv2,48,131072,-0.011300810612738132,0.10942990332841873,0.09147276729345322,-0.08434350788593292,-0.03346710279583931,0.06214967370033264,0.03992814943194389,0.07380973547697067
results/learning_rules/resnet18_cifar100/resnet18_cifar100_bp_tard_w0p35_lam0p3_e100_20260515_011336_12988888,layer3.0.conv1,96,131072,-0.06775041669607162,0.17863546311855316,0.1611993908882141,-0.20795026421546936,-0.08097177743911743,0.05789022520184517,0.797203004360199,0.47152867913246155
results/learning_rules/resnet18_cifar100/resnet18_cifar100_bp_tard_w0p35_lam0p3_e100_20260515_011336_12988888,layer3.0.conv2,96,131072,-0.017722034826874733,0.1272628903388977,0.10339009016752243,-0.1025274321436882,-0.029504017904400826,0.06532169878482819,0.26376453042030334,0.3487153947353363
results/learning_rules/resnet18_cifar100/resnet18_cifar100_bp_tard_w0p35_lam0p3_e100_20260515_011336_12988888,layer3.0.downsample.0,96,131072,-0.001177059137262404,0.19560237228870392,0.1646178811788559,-0.13434924185276031,0.011190054006874561,0.13375864923000336,0.10521852970123291,0.18197838962078094
results/learning_rules/resnet18_cifar100/resnet18_cifar100_bp_tard_w0p35_lam0p3_e100_20260515_011336_12988888,layer3.1.conv1,96,131072,0.007949060760438442,0.12480635195970535,0.09736863523721695,-0.07416772842407227,0.008718099445104599,0.0828186497092247,0.43274691700935364,0.6210652589797974
results/learning_rules/resnet18_cifar100/resnet18_cifar100_bp_tard_w0p35_lam0p3_e100_20260515_011336_12988888,layer3.1.conv2,96,131072,-0.05018458142876625,0.0822078213095665,0.08153750747442245,-0.11230327188968658,-0.05733943358063698,0.006946904584765434,0.03307361900806427,0.1343037635087967
results/learning_rules/resnet18_cifar100/resnet18_cifar100_bp_tard_w0p35_lam0p3_e100_20260515_011336_12988888,layer4.0.conv1,192,32768,-0.021705882623791695,0.11760571599006653,0.09827273339033127,-0.10003979504108429,-0.02683928608894348,0.05862575024366379,0.45671346783638,0.5905532240867615
results/learning_rules/resnet18_cifar100/resnet18_cifar100_bp_tard_w0p35_lam0p3_e100_20260515_011336_12988888,layer4.0.conv2,192,32768,-0.016950080171227455,0.10049321502447128,0.08116421848535538,-0.0821872130036354,-0.014944558963179588,0.05616706609725952,0.0854407548904419,0.3586376905441284
results/learning_rules/resnet18_cifar100/resnet18_cifar100_bp_tard_w0p35_lam0p3_e100_20260515_011336_12988888,layer4.0.downsample.0,192,32768,-0.01634892076253891,0.14688576757907867,0.12138965725898743,-0.13047046959400177,-0.025197844952344894,0.09547717124223709,0.0855557844042778,0.23429258167743683
results/learning_rules/resnet18_cifar100/resnet18_cifar100_bp_tard_w0p35_lam0p3_e100_20260515_011336_12988888,layer4.1.conv1,192,32768,-0.03997163102030754,0.08281058073043823,0.071428082883358,-0.08630898594856262,-0.0344402939081192,0.012928863987326622,0.2814083695411682,0.7474625706672668
results/learning_rules/resnet18_cifar100/resnet18_cifar100_bp_tard_w0p35_lam0p3_e100_20260515_011336_12988888,layer4.1.conv2,192,32768,0.016914958134293556,0.07807940244674683,0.06584861874580383,-0.04505360871553421,0.011512516066432,0.07849175482988358,0.02441497892141342,0.292334645986557
results/learning_rules/resnet18_cifar100/resnet18_cifar100_bp_tard_w0p35_lam0p3_e100_20260515_013006_12988889,conv1,24,131072,-0.1374051719903946,0.6347715854644775,0.5721445083618164,-0.7960126399993896,-0.14336815476417542,0.3173777461051941,1.4278621673583984,0.9467381834983826
results/learning_rules/resnet18_cifar100/resnet18_cifar100_bp_tard_w0p35_lam0p3_e100_20260515_013006_12988889,layer1.0.conv1,24,131072,0.003729898249730468,0.15302607417106628,0.12576596438884735,-0.10307898372411728,0.014306958764791489,0.09587519615888596,0.3152434527873993,0.19276903569698334
results/learning_rules/resnet18_cifar100/resnet18_cifar100_bp_tard_w0p35_lam0p3_e100_20260515_013006_12988889,layer1.0.conv2,24,131072,0.030899718403816223,0.11925239861011505,0.10358187556266785,-0.07568401843309402,0.03801143914461136,0.10235904157161713,0.1699434518814087,0.08653038740158081
results/learning_rules/resnet18_cifar100/resnet18_cifar100_bp_tard_w0p35_lam0p3_e100_20260515_013006_12988889,layer1.1.conv1,24,131072,0.028021372854709625,0.16646184027194977,0.141905277967453,-0.1006646454334259,0.01835130713880062,0.16940636932849884,0.3071727156639099,0.19527553021907806
results/learning_rules/resnet18_cifar100/resnet18_cifar100_bp_tard_w0p35_lam0p3_e100_20260515_013006_12988889,layer1.1.conv2,24,131072,0.008292325772345066,0.11582262814044952,0.09399816393852234,-0.09125939756631851,0.008006536401808262,0.10163284093141556,0.04247089847922325,0.03700859844684601
results/learning_rules/resnet18_cifar100/resnet18_cifar100_bp_tard_w0p35_lam0p3_e100_20260515_013006_12988889,layer2.0.conv1,48,131072,-0.0041776723228394985,0.16645050048828125,0.1368582397699356,-0.15003743767738342,0.005522799212485552,0.14043962955474854,0.6424235701560974,0.21859578788280487
results/learning_rules/resnet18_cifar100/resnet18_cifar100_bp_tard_w0p35_lam0p3_e100_20260515_013006_12988889,layer2.0.conv2,48,131072,0.03502260521054268,0.21000781655311584,0.18423344194889069,-0.13842284679412842,0.051235493272542953,0.2072620838880539,0.19749225676059723,0.15426324307918549
results/learning_rules/resnet18_cifar100/resnet18_cifar100_bp_tard_w0p35_lam0p3_e100_20260515_013006_12988889,layer2.0.downsample.0,48,131072,-0.008254374377429485,0.15551210939884186,0.13084711134433746,-0.14471009373664856,-0.024800702929496765,0.09562508761882782,0.08176051825284958,0.07766447216272354
results/learning_rules/resnet18_cifar100/resnet18_cifar100_bp_tard_w0p35_lam0p3_e100_20260515_013006_12988889,layer2.1.conv1,48,131072,0.034186337143182755,0.17353147268295288,0.15666785836219788,-0.1186065822839737,0.07181832194328308,0.17617106437683105,0.5058990716934204,0.4255049228668213
results/learning_rules/resnet18_cifar100/resnet18_cifar100_bp_tard_w0p35_lam0p3_e100_20260515_013006_12988889,layer2.1.conv2,48,131072,-0.04337030649185181,0.09400589764118195,0.08670521527528763,-0.11449313908815384,-0.05627273768186569,0.022093236446380615,0.0566418431699276,0.09401187300682068
results/learning_rules/resnet18_cifar100/resnet18_cifar100_bp_tard_w0p35_lam0p3_e100_20260515_013006_12988889,layer3.0.conv1,96,131072,-0.039531927555799484,0.1735817939043045,0.15029524266719818,-0.16342654824256897,-0.05836143344640732,0.07590970396995544,0.8103213310241699,0.4374382793903351
results/learning_rules/resnet18_cifar100/resnet18_cifar100_bp_tard_w0p35_lam0p3_e100_20260515_013006_12988889,layer3.0.conv2,96,131072,-0.053002581000328064,0.13865993916988373,0.12253973633050919,-0.15211230516433716,-0.061777953058481216,0.02838343195617199,0.2251390814781189,0.3110124468803406
results/learning_rules/resnet18_cifar100/resnet18_cifar100_bp_tard_w0p35_lam0p3_e100_20260515_013006_12988889,layer3.0.downsample.0,96,131072,-0.02742784470319748,0.18478775024414062,0.15642721951007843,-0.1544172465801239,-0.04065537452697754,0.11296536773443222,0.11332588642835617,0.16230995953083038
results/learning_rules/resnet18_cifar100/resnet18_cifar100_bp_tard_w0p35_lam0p3_e100_20260515_013006_12988889,layer3.1.conv1,96,131072,0.0019439281895756721,0.11202016472816467,0.09074147790670395,-0.08178882300853729,0.009738942608237267,0.07519829273223877,0.4459207057952881,0.5448411107063293
results/learning_rules/resnet18_cifar100/resnet18_cifar100_bp_tard_w0p35_lam0p3_e100_20260515_013006_12988889,layer3.1.conv2,96,131072,-0.07175791263580322,0.07493721693754196,0.08905420452356339,-0.12727855145931244,-0.07957126200199127,-0.025304168462753296,0.030696123838424683,0.10018833726644516
results/learning_rules/resnet18_cifar100/resnet18_cifar100_bp_tard_w0p35_lam0p3_e100_20260515_013006_12988889,layer4.0.conv1,192,32768,-0.03421047702431679,0.11812099814414978,0.10058601945638657,-0.1270724982023239,-0.040030188858509064,0.04582912474870682,0.49742862582206726,0.5336385369300842
results/learning_rules/resnet18_cifar100/resnet18_cifar100_bp_tard_w0p35_lam0p3_e100_20260515_013006_12988889,layer4.0.conv2,192,32768,-0.01698903925716877,0.08128231018781662,0.0673995241522789,-0.06946676969528198,-0.0231160931289196,0.03893835097551346,0.08727974444627762,0.2830018103122711
results/learning_rules/resnet18_cifar100/resnet18_cifar100_bp_tard_w0p35_lam0p3_e100_20260515_013006_12988889,layer4.0.downsample.0,192,32768,-0.018897341564297676,0.12252690643072128,0.10559123754501343,-0.11290532350540161,-0.03987093269824982,0.07329718768596649,0.09416889399290085,0.20815235376358032
results/learning_rules/resnet18_cifar100/resnet18_cifar100_bp_tard_w0p35_lam0p3_e100_20260515_013006_12988889,layer4.1.conv1,192,32768,-0.037793081253767014,0.0760120078921318,0.0693250373005867,-0.09135950356721878,-0.040018826723098755,0.01729166880249977,0.26380786299705505,0.5833651423454285
results/learning_rules/resnet18_cifar100/resnet18_cifar100_bp_tard_w0p35_lam0p3_e100_20260515_013006_12988889,layer4.1.conv2,192,32768,0.0231610294431448,0.06728385388851166,0.05819149687886238,-0.023234987631440163,0.024592023342847824,0.07638747990131378,0.02441590279340744,0.27824535965919495
results/learning_rules/resnet18_cifar100/resnet18_cifar100_bp_tard_w0p35_lam0p3_e100_20260515_171434_13121609,conv1,24,131072,-0.052233438938856125,0.6319236755371094,0.5585599541664124,-0.7497432231903076,0.08285409212112427,0.3917849063873291,1.4438527822494507,0.9544148445129395
results/learning_rules/resnet18_cifar100/resnet18_cifar100_bp_tard_w0p35_lam0p3_e100_20260515_171434_13121609,layer1.0.conv1,24,131072,0.01655229739844799,0.19299164414405823,0.1500770002603531,-0.06884247064590454,0.03335688263177872,0.12041778862476349,0.2912563383579254,0.20353318750858307
results/learning_rules/resnet18_cifar100/resnet18_cifar100_bp_tard_w0p35_lam0p3_e100_20260515_171434_13121609,layer1.0.conv2,24,131072,0.01222452986985445,0.1007140502333641,0.07374117523431778,-0.03197689726948738,0.003904535435140133,0.07284090667963028,0.17366977035999298,0.08066517114639282
results/learning_rules/resnet18_cifar100/resnet18_cifar100_bp_tard_w0p35_lam0p3_e100_20260515_171434_13121609,layer1.1.conv1,24,131072,0.004148176405578852,0.11702671647071838,0.0991630032658577,-0.07397334277629852,0.006748049519956112,0.1337326169013977,0.44561514258384705,0.22509030997753143
results/learning_rules/resnet18_cifar100/resnet18_cifar100_bp_tard_w0p35_lam0p3_e100_20260515_171434_13121609,layer1.1.conv2,24,131072,-0.008303043432533741,0.1069643497467041,0.08687648922204971,-0.08218055963516235,-0.01423486229032278,0.07512333989143372,0.02771146036684513,0.043126124888658524
results/learning_rules/resnet18_cifar100/resnet18_cifar100_bp_tard_w0p35_lam0p3_e100_20260515_171434_13121609,layer2.0.conv1,48,131072,0.026607206091284752,0.1351262629032135,0.1060313954949379,-0.058743443340063095,0.0031552864238619804,0.09517088532447815,0.7310011386871338,0.24726510047912598
results/learning_rules/resnet18_cifar100/resnet18_cifar100_bp_tard_w0p35_lam0p3_e100_20260515_171434_13121609,layer2.0.conv2,48,131072,-0.01990029588341713,0.16732683777809143,0.13586574792861938,-0.11074870079755783,-0.016113216057419777,0.1198168694972992,0.1857163906097412,0.19392706453800201
results/learning_rules/resnet18_cifar100/resnet18_cifar100_bp_tard_w0p35_lam0p3_e100_20260515_171434_13121609,layer2.0.downsample.0,48,131072,0.018926581367850304,0.1311327964067459,0.10790199041366577,-0.06569965183734894,0.029664261266589165,0.12567204236984253,0.10622868686914444,0.08544144779443741
results/learning_rules/resnet18_cifar100/resnet18_cifar100_bp_tard_w0p35_lam0p3_e100_20260515_171434_13121609,layer2.1.conv1,48,131072,0.024474279955029488,0.18278174102306366,0.15143655240535736,-0.09654571861028671,0.018982838839292526,0.1270138919353485,0.46484091877937317,0.43234097957611084
results/learning_rules/resnet18_cifar100/resnet18_cifar100_bp_tard_w0p35_lam0p3_e100_20260515_171434_13121609,layer2.1.conv2,48,131072,-0.06676634401082993,0.1101960763335228,0.10463636368513107,-0.13669367134571075,-0.07471958547830582,0.021161943674087524,0.04830649495124817,0.10442254692316055
results/learning_rules/resnet18_cifar100/resnet18_cifar100_bp_tard_w0p35_lam0p3_e100_20260515_171434_13121609,layer3.0.conv1,96,131072,-0.04850652441382408,0.17166978120803833,0.14567987620830536,-0.17022639513015747,-0.05944640934467316,0.0608275905251503,0.7537583708763123,0.44034793972969055
results/learning_rules/resnet18_cifar100/resnet18_cifar100_bp_tard_w0p35_lam0p3_e100_20260515_171434_13121609,layer3.0.conv2,96,131072,-0.021693283692002296,0.12427506595849991,0.10281651467084885,-0.11996518075466156,-0.030541643500328064,0.05918250232934952,0.24197925627231598,0.33809924125671387
results/learning_rules/resnet18_cifar100/resnet18_cifar100_bp_tard_w0p35_lam0p3_e100_20260515_171434_13121609,layer3.0.downsample.0,96,131072,-0.0050604990683496,0.16332188248634338,0.1389773041009903,-0.1339719593524933,-0.02541285753250122,0.11873599141836166,0.10441146045923233,0.16591811180114746
results/learning_rules/resnet18_cifar100/resnet18_cifar100_bp_tard_w0p35_lam0p3_e100_20260515_171434_13121609,layer3.1.conv1,96,131072,-0.008474163711071014,0.09957116097211838,0.07906242460012436,-0.06139452010393143,-0.000424395315349102,0.05550484359264374,0.42424580454826355,0.6016677021980286
results/learning_rules/resnet18_cifar100/resnet18_cifar100_bp_tard_w0p35_lam0p3_e100_20260515_171434_13121609,layer3.1.conv2,96,131072,-0.09324955195188522,0.09612852334976196,0.11486220359802246,-0.1672312170267105,-0.09886029362678528,-0.03745288401842117,0.03118976019322872,0.12875063717365265
results/learning_rules/resnet18_cifar100/resnet18_cifar100_bp_tard_w0p35_lam0p3_e100_20260515_171434_13121609,layer4.0.conv1,192,32768,-0.021206960082054138,0.10968014597892761,0.09054895490407944,-0.09741941094398499,-0.02457338571548462,0.05624546855688095,0.4824380874633789,0.6026674509048462
results/learning_rules/resnet18_cifar100/resnet18_cifar100_bp_tard_w0p35_lam0p3_e100_20260515_171434_13121609,layer4.0.conv2,192,32768,-0.014969137497246265,0.09311367571353912,0.07647867500782013,-0.08704586327075958,-0.014268385246396065,0.04634635150432587,0.0870257019996643,0.36956122517585754
results/learning_rules/resnet18_cifar100/resnet18_cifar100_bp_tard_w0p35_lam0p3_e100_20260515_171434_13121609,layer4.0.downsample.0,192,32768,-0.016115430742502213,0.1298634111881256,0.10751893371343613,-0.11438122391700745,-0.004887367598712444,0.07852505147457123,0.08922738581895828,0.23739998042583466
results/learning_rules/resnet18_cifar100/resnet18_cifar100_bp_tard_w0p35_lam0p3_e100_20260515_171434_13121609,layer4.1.conv1,192,32768,-0.04640871658921242,0.09066309779882431,0.08174676448106766,-0.1070268526673317,-0.04676571860909462,0.008335428312420845,0.29394155740737915,0.787578284740448
results/learning_rules/resnet18_cifar100/resnet18_cifar100_bp_tard_w0p35_lam0p3_e100_20260515_171434_13121609,layer4.1.conv2,192,32768,0.02007060870528221,0.09332939237356186,0.07979503273963928,-0.05394822359085083,0.02167852781713009,0.09509901702404022,0.024761268869042397,0.31478095054626465
results/learning_rules/resnet18_cifar100/resnet18_cifar100_bp_tard_w0p35_lam0p3_e100_20260515_171709_13121610,conv1,24,131072,-0.05837596580386162,0.542772114276886,0.4626641571521759,-0.5591096878051758,0.05963195860385895,0.3648301959037781,1.5417958498001099,0.9982128143310547
results/learning_rules/resnet18_cifar100/resnet18_cifar100_bp_tard_w0p35_lam0p3_e100_20260515_171709_13121610,layer1.0.conv1,24,131072,0.0235308650881052,0.16717475652694702,0.14333927631378174,-0.10004084557294846,0.05470894277095795,0.12166718393564224,0.23094038665294647,0.21843211352825165
results/learning_rules/resnet18_cifar100/resnet18_cifar100_bp_tard_w0p35_lam0p3_e100_20260515_171709_13121610,layer1.0.conv2,24,131072,-0.050016775727272034,0.09051773697137833,0.07214667648077011,-0.07256558537483215,-0.0381963849067688,0.01272519025951624,0.1994548887014389,0.10238710790872574
results/learning_rules/resnet18_cifar100/resnet18_cifar100_bp_tard_w0p35_lam0p3_e100_20260515_171709_13121610,layer1.1.conv1,24,131072,0.008734784089028835,0.13661198318004608,0.1141049936413765,-0.06959662586450577,0.04285384714603424,0.12496668845415115,0.46148261427879333,0.23679089546203613
results/learning_rules/resnet18_cifar100/resnet18_cifar100_bp_tard_w0p35_lam0p3_e100_20260515_171709_13121610,layer1.1.conv2,24,131072,-0.008266852237284184,0.1451393961906433,0.1196940615773201,-0.10667706280946732,0.01490340568125248,0.08790656179189682,0.020688273012638092,0.04463004693388939
results/learning_rules/resnet18_cifar100/resnet18_cifar100_bp_tard_w0p35_lam0p3_e100_20260515_171709_13121610,layer2.0.conv1,48,131072,0.0058072530664503574,0.1554095596075058,0.12876904010772705,-0.10174467414617538,0.013430810533463955,0.1222153827548027,0.6561270356178284,0.25715842843055725
results/learning_rules/resnet18_cifar100/resnet18_cifar100_bp_tard_w0p35_lam0p3_e100_20260515_171709_13121610,layer2.0.conv2,48,131072,0.012290693819522858,0.213035449385643,0.17453224956989288,-0.12809985876083374,0.005778320133686066,0.19350649416446686,0.19244219362735748,0.18394559621810913
results/learning_rules/resnet18_cifar100/resnet18_cifar100_bp_tard_w0p35_lam0p3_e100_20260515_171709_13121610,layer2.0.downsample.0,48,131072,0.031231055036187172,0.1309419572353363,0.11257147043943405,-0.07893671095371246,0.01846250519156456,0.16248920559883118,0.09756463021039963,0.09381178021430969
results/learning_rules/resnet18_cifar100/resnet18_cifar100_bp_tard_w0p35_lam0p3_e100_20260515_171709_13121610,layer2.1.conv1,48,131072,0.026464179158210754,0.1932668387889862,0.15785610675811768,-0.1041702851653099,-0.011807117611169815,0.14821654558181763,0.4628131687641144,0.49095582962036133
results/learning_rules/resnet18_cifar100/resnet18_cifar100_bp_tard_w0p35_lam0p3_e100_20260515_171709_13121610,layer2.1.conv2,48,131072,-0.053026992827653885,0.1062222495675087,0.09838368743658066,-0.11907713860273361,-0.06339951604604721,0.02034624107182026,0.055571239441633224,0.10234860330820084
results/learning_rules/resnet18_cifar100/resnet18_cifar100_bp_tard_w0p35_lam0p3_e100_20260515_171709_13121610,layer3.0.conv1,96,131072,-0.07720189541578293,0.20879970490932465,0.18826359510421753,-0.24166201055049896,-0.08982475847005844,0.07502727955579758,0.8088700771331787,0.4948490560054779
results/learning_rules/resnet18_cifar100/resnet18_cifar100_bp_tard_w0p35_lam0p3_e100_20260515_171709_13121610,layer3.0.conv2,96,131072,-0.03659820929169655,0.15988308191299438,0.13434702157974243,-0.14594896137714386,-0.03180921450257301,0.06095822900533676,0.24240858852863312,0.34606197476387024
results/learning_rules/resnet18_cifar100/resnet18_cifar100_bp_tard_w0p35_lam0p3_e100_20260515_171709_13121610,layer3.0.downsample.0,96,131072,-0.021878883242607117,0.20667478442192078,0.17657236754894257,-0.19995298981666565,-0.0398256853222847,0.13260844349861145,0.11154568940401077,0.19081759452819824
results/learning_rules/resnet18_cifar100/resnet18_cifar100_bp_tard_w0p35_lam0p3_e100_20260515_171709_13121610,layer3.1.conv1,96,131072,0.001761915278621018,0.10289178788661957,0.08321842551231384,-0.05349017307162285,0.016732679679989815,0.06800410896539688,0.4535690248012543,0.6358749270439148
results/learning_rules/resnet18_cifar100/resnet18_cifar100_bp_tard_w0p35_lam0p3_e100_20260515_171709_13121610,layer3.1.conv2,96,131072,-0.059142425656318665,0.07873933762311935,0.07965929806232452,-0.12013647705316544,-0.05861296504735947,-0.014452565461397171,0.029391517862677574,0.11516863107681274
results/learning_rules/resnet18_cifar100/resnet18_cifar100_bp_tard_w0p35_lam0p3_e100_20260515_171709_13121610,layer4.0.conv1,192,32768,-0.04497615993022919,0.1433960348367691,0.12740008533000946,-0.15831157565116882,-0.06299932301044464,0.058284856379032135,0.4833870828151703,0.6391562819480896
results/learning_rules/resnet18_cifar100/resnet18_cifar100_bp_tard_w0p35_lam0p3_e100_20260515_171709_13121610,layer4.0.conv2,192,32768,-0.010842270217835903,0.1002122163772583,0.07692228257656097,-0.07096602022647858,-0.0053026918321847916,0.04525582492351532,0.09095433354377747,0.3529139757156372
results/learning_rules/resnet18_cifar100/resnet18_cifar100_bp_tard_w0p35_lam0p3_e100_20260515_171709_13121610,layer4.0.downsample.0,192,32768,-0.052571821957826614,0.17907290160655975,0.16188041865825653,-0.197829931974411,-0.07163751125335693,0.1003846824169159,0.0940760150551796,0.25550907850265503
results/learning_rules/resnet18_cifar100/resnet18_cifar100_bp_tard_w0p35_lam0p3_e100_20260515_171709_13121610,layer4.1.conv1,192,32768,-0.0714554712176323,0.09715934842824936,0.09782212972640991,-0.137442946434021,-0.06768157333135605,-0.016694074496626854,0.26506391167640686,0.68571537733078
results/learning_rules/resnet18_cifar100/resnet18_cifar100_bp_tard_w0p35_lam0p3_e100_20260515_171709_13121610,layer4.1.conv2,192,32768,0.02459685504436493,0.09693867713212967,0.08392545580863953,-0.05416042357683182,0.024540506303310394,0.10006392002105713,0.024448752403259277,0.29477956891059875
results/learning_rules/resnet18_cifar100/resnet18_cifar100_bp_tard_w0p35_lam0p3_e100_20260515_171714_13121611,conv1,24,131072,-0.019865795969963074,0.5651533603668213,0.4743659198284149,-0.5318789482116699,-0.03431358188390732,0.37998104095458984,1.4926868677139282,1.0051209926605225
results/learning_rules/resnet18_cifar100/resnet18_cifar100_bp_tard_w0p35_lam0p3_e100_20260515_171714_13121611,layer1.0.conv1,24,131072,0.021230215206742287,0.1705634891986847,0.14385947585105896,-0.12415552884340286,0.00486238207668066,0.14368058741092682,0.2941160500049591,0.22160691022872925
results/learning_rules/resnet18_cifar100/resnet18_cifar100_bp_tard_w0p35_lam0p3_e100_20260515_171714_13121611,layer1.0.conv2,24,131072,0.0006014604005031288,0.09856559336185455,0.08623167872428894,-0.08682571351528168,-0.014995317906141281,0.09311297535896301,0.18245697021484375,0.09177368879318237
results/learning_rules/resnet18_cifar100/resnet18_cifar100_bp_tard_w0p35_lam0p3_e100_20260515_171714_13121611,layer1.1.conv1,24,131072,-0.008311871439218521,0.149398073554039,0.12385912984609604,-0.1294153332710266,-0.013581642881035805,0.09080405533313751,0.3877972662448883,0.2228006273508072
results/learning_rules/resnet18_cifar100/resnet18_cifar100_bp_tard_w0p35_lam0p3_e100_20260515_171714_13121611,layer1.1.conv2,24,131072,-0.026872605085372925,0.18243049085140228,0.16587305068969727,-0.1558639258146286,-0.10143345594406128,0.11796321719884872,0.03178166225552559,0.039573509246110916
results/learning_rules/resnet18_cifar100/resnet18_cifar100_bp_tard_w0p35_lam0p3_e100_20260515_171714_13121611,layer2.0.conv1,48,131072,-0.006592450197786093,0.13196295499801636,0.1077917218208313,-0.11789677292108536,-0.014697480946779251,0.08091327548027039,0.760184109210968,0.22783313691616058
results/learning_rules/resnet18_cifar100/resnet18_cifar100_bp_tard_w0p35_lam0p3_e100_20260515_171714_13121611,layer2.0.conv2,48,131072,0.07002951949834824,0.19790522754192352,0.18465697765350342,-0.10391756892204285,0.11163396388292313,0.22628670930862427,0.19146887958049774,0.15061645209789276
results/learning_rules/resnet18_cifar100/resnet18_cifar100_bp_tard_w0p35_lam0p3_e100_20260515_171714_13121611,layer2.0.downsample.0,48,131072,0.0068252296186983585,0.14755581319332123,0.11747753620147705,-0.09458793699741364,-0.014122433960437775,0.0903766080737114,0.08694521337747574,0.08209765702486038
results/learning_rules/resnet18_cifar100/resnet18_cifar100_bp_tard_w0p35_lam0p3_e100_20260515_171714_13121611,layer2.1.conv1,48,131072,0.039750635623931885,0.18629486858844757,0.1588590145111084,-0.08591535687446594,0.028942182660102844,0.15630201995372772,0.49183738231658936,0.46269115805625916
results/learning_rules/resnet18_cifar100/resnet18_cifar100_bp_tard_w0p35_lam0p3_e100_20260515_171714_13121611,layer2.1.conv2,48,131072,-0.038143500685691833,0.11482430249452591,0.09736710041761398,-0.14856502413749695,-0.004052113275974989,0.0469769686460495,0.05451386794447899,0.09445947408676147
results/learning_rules/resnet18_cifar100/resnet18_cifar100_bp_tard_w0p35_lam0p3_e100_20260515_171714_13121611,layer3.0.conv1,96,131072,-0.058234646916389465,0.1630285233259201,0.14141298830509186,-0.17948080599308014,-0.07447636127471924,0.03968879580497742,0.7856363654136658,0.4902975857257843
results/learning_rules/resnet18_cifar100/resnet18_cifar100_bp_tard_w0p35_lam0p3_e100_20260515_171714_13121611,layer3.0.conv2,96,131072,-0.03548549488186836,0.16176889836788177,0.13971810042858124,-0.1619834154844284,-0.03730501979589462,0.09015294909477234,0.2362445741891861,0.35769081115722656
results/learning_rules/resnet18_cifar100/resnet18_cifar100_bp_tard_w0p35_lam0p3_e100_20260515_171714_13121611,layer3.0.downsample.0,96,131072,-0.01865365356206894,0.17591409385204315,0.14147619903087616,-0.14167490601539612,-0.020844504237174988,0.11537448316812515,0.10686550289392471,0.18629467487335205
results/learning_rules/resnet18_cifar100/resnet18_cifar100_bp_tard_w0p35_lam0p3_e100_20260515_171714_13121611,layer3.1.conv1,96,131072,0.002833529142662883,0.09663785248994827,0.07700047641992569,-0.05561421811580658,-0.004074257332831621,0.06682056933641434,0.4484635889530182,0.6197074055671692
results/learning_rules/resnet18_cifar100/resnet18_cifar100_bp_tard_w0p35_lam0p3_e100_20260515_171714_13121611,layer3.1.conv2,96,131072,-0.07787156850099564,0.07934144139289856,0.09721671789884567,-0.12840089201927185,-0.08667435497045517,-0.045277684926986694,0.028112931177020073,0.11321244388818741
results/learning_rules/resnet18_cifar100/resnet18_cifar100_bp_tard_w0p35_lam0p3_e100_20260515_171714_13121611,layer4.0.conv1,192,32768,-0.02879963628947735,0.11512814462184906,0.09650397300720215,-0.10676233470439911,-0.028219422325491905,0.05025295168161392,0.474616140127182,0.6104655861854553
results/learning_rules/resnet18_cifar100/resnet18_cifar100_bp_tard_w0p35_lam0p3_e100_20260515_171714_13121611,layer4.0.conv2,192,32768,-0.017522960901260376,0.09659253805875778,0.0804285779595375,-0.07987643033266068,-0.033167969435453415,0.04465523362159729,0.08696410804986954,0.3565017282962799
results/learning_rules/resnet18_cifar100/resnet18_cifar100_bp_tard_w0p35_lam0p3_e100_20260515_171714_13121611,layer4.0.downsample.0,192,32768,-0.02723485790193081,0.1386374831199646,0.11948458105325699,-0.12020952999591827,-0.048842523247003555,0.07593392580747604,0.09212004393339157,0.24914716184139252
results/learning_rules/resnet18_cifar100/resnet18_cifar100_bp_tard_w0p35_lam0p3_e100_20260515_171714_13121611,layer4.1.conv1,192,32768,-0.06387137621641159,0.07786789536476135,0.08131518959999084,-0.11508993059396744,-0.06573784351348877,-0.009946533478796482,0.2706899344921112,0.7038838863372803
results/learning_rules/resnet18_cifar100/resnet18_cifar100_bp_tard_w0p35_lam0p3_e100_20260515_171714_13121611,layer4.1.conv2,192,32768,0.0166167002171278,0.0837470293045044,0.0692034512758255,-0.04236481338739395,0.006742279976606369,0.08110930025577545,0.024784838780760765,0.3178539574146271
results/learning_rules/resnet18_cifar100/resnet18_cifar100_bp_tard_w0p5_lam0p1_e100_20260515_005021_12988882,conv1,32,131072,-0.012968279421329498,0.6093189120292664,0.5217154026031494,-0.6203980445861816,0.02857699990272522,0.4891839623451233,1.189263105392456,0.9129229187965393
results/learning_rules/resnet18_cifar100/resnet18_cifar100_bp_tard_w0p5_lam0p1_e100_20260515_005021_12988882,layer1.0.conv1,32,131072,-0.01868087612092495,0.16932399570941925,0.13949480652809143,-0.17196956276893616,0.008463537320494652,0.09536287188529968,0.2198469042778015,0.18989239633083344
results/learning_rules/resnet18_cifar100/resnet18_cifar100_bp_tard_w0p5_lam0p1_e100_20260515_005021_12988882,layer1.0.conv2,32,131072,0.006230378523468971,0.08519001305103302,0.07230114191770554,-0.05058731138706207,0.014961427077651024,0.06855365633964539,0.14783674478530884,0.08302962779998779
results/learning_rules/resnet18_cifar100/resnet18_cifar100_bp_tard_w0p5_lam0p1_e100_20260515_005021_12988882,layer1.1.conv1,32,131072,-0.003938004374504089,0.12422579526901245,0.10296966135501862,-0.08625771105289459,0.001904916949570179,0.10666109621524811,0.3094083070755005,0.20918422937393188
results/learning_rules/resnet18_cifar100/resnet18_cifar100_bp_tard_w0p5_lam0p1_e100_20260515_005021_12988882,layer1.1.conv2,32,131072,-0.04139412194490433,0.13703159987926483,0.12228768318891525,-0.15052387118339539,-0.04294877499341965,0.08853757381439209,0.024261953309178352,0.04120543226599693
results/learning_rules/resnet18_cifar100/resnet18_cifar100_bp_tard_w0p5_lam0p1_e100_20260515_005021_12988882,layer2.0.conv1,64,131072,0.03037550486624241,0.15940485894680023,0.12979987263679504,-0.08587472140789032,0.0327434241771698,0.14509236812591553,0.45724695920944214,0.24178849160671234
results/learning_rules/resnet18_cifar100/resnet18_cifar100_bp_tard_w0p5_lam0p1_e100_20260515_005021_12988882,layer2.0.conv2,64,131072,0.0340457409620285,0.22474393248558044,0.17988425493240356,-0.09943689405918121,0.03918521851301193,0.17908425629138947,0.15541547536849976,0.19747644662857056
results/learning_rules/resnet18_cifar100/resnet18_cifar100_bp_tard_w0p5_lam0p1_e100_20260515_005021_12988882,layer2.0.downsample.0,64,131072,-0.004981278441846371,0.16107125580310822,0.13687214255332947,-0.1325349658727646,0.015642352402210236,0.11270713061094284,0.0648636743426323,0.08535601943731308
results/learning_rules/resnet18_cifar100/resnet18_cifar100_bp_tard_w0p5_lam0p1_e100_20260515_005021_12988882,layer2.1.conv1,64,131072,0.07267101854085922,0.19146773219108582,0.15701431035995483,-0.05153442919254303,0.056062810122966766,0.1616176962852478,0.3801993429660797,0.4388401210308075
results/learning_rules/resnet18_cifar100/resnet18_cifar100_bp_tard_w0p5_lam0p1_e100_20260515_005021_12988882,layer2.1.conv2,64,131072,-0.14126574993133545,0.1939534991979599,0.20399190485477448,-0.32110631465911865,-0.15551355481147766,0.043021298944950104,0.0431395098567009,0.1007915511727333
results/learning_rules/resnet18_cifar100/resnet18_cifar100_bp_tard_w0p5_lam0p1_e100_20260515_005021_12988882,layer3.0.conv1,128,131072,-0.11212527006864548,0.18550653755664825,0.18408504128456116,-0.2544393539428711,-0.13358336687088013,0.04045858979225159,0.5682594180107117,0.429180383682251
results/learning_rules/resnet18_cifar100/resnet18_cifar100_bp_tard_w0p5_lam0p1_e100_20260515_005021_12988882,layer3.0.conv2,128,131072,-0.008267831057310104,0.16157475113868713,0.13418129086494446,-0.13691255450248718,-0.0011770287528634071,0.11451880633831024,0.17722611129283905,0.2838914096355438
results/learning_rules/resnet18_cifar100/resnet18_cifar100_bp_tard_w0p5_lam0p1_e100_20260515_005021_12988882,layer3.0.downsample.0,128,131072,-0.02709118463099003,0.19792687892913818,0.17091794312000275,-0.20069441199302673,-0.04444308951497078,0.12694573402404785,0.08198222517967224,0.15647493302822113
results/learning_rules/resnet18_cifar100/resnet18_cifar100_bp_tard_w0p5_lam0p1_e100_20260515_005021_12988882,layer3.1.conv1,128,131072,0.0031627253629267216,0.1073841080069542,0.08745096623897552,-0.07233452051877975,0.01590833067893982,0.07875870168209076,0.31544896960258484,0.5144078135490417
results/learning_rules/resnet18_cifar100/resnet18_cifar100_bp_tard_w0p5_lam0p1_e100_20260515_005021_12988882,layer3.1.conv2,128,131072,-0.12726449966430664,0.0971074029803276,0.14314132928848267,-0.19378024339675903,-0.14714309573173523,-0.07701390236616135,0.020901154726743698,0.1024584174156189
results/learning_rules/resnet18_cifar100/resnet18_cifar100_bp_tard_w0p5_lam0p1_e100_20260515_005021_12988882,layer4.0.conv1,256,32768,-0.03706652298569679,0.11415409296751022,0.09717316925525665,-0.12272441387176514,-0.035975903272628784,0.041191063821315765,0.3249843418598175,0.500150203704834
results/learning_rules/resnet18_cifar100/resnet18_cifar100_bp_tard_w0p5_lam0p1_e100_20260515_005021_12988882,layer4.0.conv2,256,32768,-0.0006742752157151699,0.09268558770418167,0.07380978763103485,-0.06127777323126793,0.004701094701886177,0.06609150767326355,0.06340641528367996,0.2797451317310333
results/learning_rules/resnet18_cifar100/resnet18_cifar100_bp_tard_w0p5_lam0p1_e100_20260515_005021_12988882,layer4.0.downsample.0,256,32768,-0.013425092212855816,0.13648971915245056,0.1154908835887909,-0.12544386088848114,-0.008695253171026707,0.09412544965744019,0.06225327402353287,0.19259648025035858
results/learning_rules/resnet18_cifar100/resnet18_cifar100_bp_tard_w0p5_lam0p1_e100_20260515_005021_12988882,layer4.1.conv1,256,32768,-0.044684138149023056,0.07278741896152496,0.06840227544307709,-0.08635301142930984,-0.047296468168497086,0.0022614130284637213,0.1645406037569046,0.5099055767059326
results/learning_rules/resnet18_cifar100/resnet18_cifar100_bp_tard_w0p5_lam0p1_e100_20260515_005021_12988882,layer4.1.conv2,256,32768,0.014941427856683731,0.07884835451841354,0.06536727398633957,-0.04218802973628044,0.011324755847454071,0.07351647317409515,0.015471581369638443,0.2492125928401947
results/learning_rules/resnet18_cifar100/resnet18_cifar100_bp_tard_w0p5_lam0p1_e100_20260515_005205_12988883,conv1,32,131072,-0.03142325207591057,0.5795051455497742,0.4888250231742859,-0.5713516473770142,-0.03746742382645607,0.32771989703178406,1.169312834739685,0.7256896495819092
results/learning_rules/resnet18_cifar100/resnet18_cifar100_bp_tard_w0p5_lam0p1_e100_20260515_005205_12988883,layer1.0.conv1,32,131072,-0.015643000602722168,0.1560015082359314,0.14134308695793152,-0.14908170700073242,-0.01628076657652855,0.11759502440690994,0.21919430792331696,0.16352078318595886
results/learning_rules/resnet18_cifar100/resnet18_cifar100_bp_tard_w0p5_lam0p1_e100_20260515_005205_12988883,layer1.0.conv2,32,131072,0.013843362219631672,0.09604394435882568,0.07861264050006866,-0.04823845252394676,-0.005194216966629028,0.0774850994348526,0.163711279630661,0.09434907138347626
results/learning_rules/resnet18_cifar100/resnet18_cifar100_bp_tard_w0p5_lam0p1_e100_20260515_005205_12988883,layer1.1.conv1,32,131072,0.0003009587526321411,0.12565810978412628,0.09462477266788483,-0.04666520282626152,0.008134127594530582,0.07349942624568939,0.3126685917377472,0.16880139708518982
results/learning_rules/resnet18_cifar100/resnet18_cifar100_bp_tard_w0p5_lam0p1_e100_20260515_005205_12988883,layer1.1.conv2,32,131072,0.015038970857858658,0.09505011141300201,0.07705032825469971,-0.025347597897052765,0.012663416564464569,0.08867184817790985,0.025790754705667496,0.03374987840652466
results/learning_rules/resnet18_cifar100/resnet18_cifar100_bp_tard_w0p5_lam0p1_e100_20260515_005205_12988883,layer2.0.conv1,64,131072,-0.004870951641350985,0.12573228776454926,0.09844580292701721,-0.07612533867359161,-0.01834600791335106,0.06614194810390472,0.41809093952178955,0.16502462327480316
results/learning_rules/resnet18_cifar100/resnet18_cifar100_bp_tard_w0p5_lam0p1_e100_20260515_005205_12988883,layer2.0.conv2,64,131072,0.008652299642562866,0.21555617451667786,0.1822565644979477,-0.14705130457878113,0.003026728518307209,0.19866153597831726,0.1469465047121048,0.12087476998567581
results/learning_rules/resnet18_cifar100/resnet18_cifar100_bp_tard_w0p5_lam0p1_e100_20260515_005205_12988883,layer2.0.downsample.0,64,131072,-0.008873812854290009,0.15600402653217316,0.11955106258392334,-0.11450321972370148,0.012697054073214531,0.07010605931282043,0.05600177124142647,0.05581894516944885
results/learning_rules/resnet18_cifar100/resnet18_cifar100_bp_tard_w0p5_lam0p1_e100_20260515_005205_12988883,layer2.1.conv1,64,131072,0.09267629683017731,0.12163254618644714,0.1264965534210205,0.018816117197275162,0.10062670707702637,0.19093391299247742,0.3809243142604828,0.29528194665908813
results/learning_rules/resnet18_cifar100/resnet18_cifar100_bp_tard_w0p5_lam0p1_e100_20260515_005205_12988883,layer2.1.conv2,64,131072,-0.05383261665701866,0.09897910058498383,0.09489715099334717,-0.12500330805778503,-0.05828321352601051,0.01516607217490673,0.03298232704401016,0.06325612962245941
results/learning_rules/resnet18_cifar100/resnet18_cifar100_bp_tard_w0p5_lam0p1_e100_20260515_005205_12988883,layer3.0.conv1,128,131072,-0.059601981192827225,0.1615206003189087,0.14284108579158783,-0.17932716012001038,-0.08486954867839813,0.04260019585490227,0.5868995785713196,0.3114650249481201
results/learning_rules/resnet18_cifar100/resnet18_cifar100_bp_tard_w0p5_lam0p1_e100_20260515_005205_12988883,layer3.0.conv2,128,131072,-0.02001151069998741,0.11559704691171646,0.09343557804822922,-0.08892370760440826,-0.012254759669303894,0.06692691147327423,0.18011923134326935,0.24580177664756775
results/learning_rules/resnet18_cifar100/resnet18_cifar100_bp_tard_w0p5_lam0p1_e100_20260515_005205_12988883,layer3.0.downsample.0,128,131072,-0.0211765319108963,0.19415874779224396,0.16487695276737213,-0.17997406423091888,-0.023643162101507187,0.1440124809741974,0.08720438182353973,0.11789897829294205
results/learning_rules/resnet18_cifar100/resnet18_cifar100_bp_tard_w0p5_lam0p1_e100_20260515_005205_12988883,layer3.1.conv1,128,131072,0.021899649873375893,0.07808732241392136,0.06477069854736328,-0.03211384266614914,0.01966821774840355,0.07265552133321762,0.34058207273483276,0.4403030574321747
results/learning_rules/resnet18_cifar100/resnet18_cifar100_bp_tard_w0p5_lam0p1_e100_20260515_005205_12988883,layer3.1.conv2,128,131072,-0.06480997800827026,0.07263196259737015,0.08253540843725204,-0.117404043674469,-0.07279439270496368,-0.018408721312880516,0.023516645655035973,0.09677120298147202
results/learning_rules/resnet18_cifar100/resnet18_cifar100_bp_tard_w0p5_lam0p1_e100_20260515_005205_12988883,layer4.0.conv1,256,32768,-0.00924521405249834,0.09057670831680298,0.07442059367895126,-0.07928133010864258,-0.011372935026884079,0.05281592905521393,0.3381766378879547,0.427931010723114
results/learning_rules/resnet18_cifar100/resnet18_cifar100_bp_tard_w0p5_lam0p1_e100_20260515_005205_12988883,layer4.0.conv2,256,32768,-0.01779758743941784,0.07708855718374252,0.06341986358165741,-0.07691922783851624,-0.017084568738937378,0.030102627351880074,0.06374494731426239,0.2491459846496582
results/learning_rules/resnet18_cifar100/resnet18_cifar100_bp_tard_w0p5_lam0p1_e100_20260515_005205_12988883,layer4.0.downsample.0,256,32768,-0.010967819020152092,0.10156507045030594,0.08620103448629379,-0.08839632570743561,-0.017964057624340057,0.07460363954305649,0.06353168189525604,0.16785171627998352
results/learning_rules/resnet18_cifar100/resnet18_cifar100_bp_tard_w0p5_lam0p1_e100_20260515_005205_12988883,layer4.1.conv1,256,32768,-0.06881899386644363,0.0708359107375145,0.08190888911485672,-0.11344447731971741,-0.06726594269275665,-0.028924264013767242,0.16651925444602966,0.48232755064964294
results/learning_rules/resnet18_cifar100/resnet18_cifar100_bp_tard_w0p5_lam0p1_e100_20260515_005205_12988883,layer4.1.conv2,256,32768,0.01882851868867874,0.07214447110891342,0.06089039891958237,-0.03490885719656944,0.016090907156467438,0.07051460444927216,0.015257786028087139,0.2534897029399872
results/learning_rules/resnet18_cifar100/resnet18_cifar100_bp_tard_w0p5_lam0p3_e100_20260515_010853_12988886,conv1,32,131072,-0.06525956839323044,0.568996250629425,0.5100245475769043,-0.6478692293167114,0.06038929522037506,0.3678102493286133,1.261453628540039,0.6536867618560791
results/learning_rules/resnet18_cifar100/resnet18_cifar100_bp_tard_w0p5_lam0p3_e100_20260515_010853_12988886,layer1.0.conv1,32,131072,0.029385743662714958,0.1486717164516449,0.12598030269145966,-0.07456518709659576,0.06881725788116455,0.1012101024389267,0.20680305361747742,0.12584936618804932
results/learning_rules/resnet18_cifar100/resnet18_cifar100_bp_tard_w0p5_lam0p3_e100_20260515_010853_12988886,layer1.0.conv2,32,131072,-0.027794206514954567,0.10272842645645142,0.07829112559556961,-0.07763872295618057,-0.02272920310497284,0.03447887673974037,0.15074707567691803,0.07350451499223709
results/learning_rules/resnet18_cifar100/resnet18_cifar100_bp_tard_w0p5_lam0p3_e100_20260515_010853_12988886,layer1.1.conv1,32,131072,-0.009394323453307152,0.14917540550231934,0.11974306404590607,-0.09128713607788086,0.02257385104894638,0.11280585080385208,0.31469249725341797,0.14259451627731323
results/learning_rules/resnet18_cifar100/resnet18_cifar100_bp_tard_w0p5_lam0p3_e100_20260515_010853_12988886,layer1.1.conv2,32,131072,-0.00458146445453167,0.1131187453866005,0.09250976145267487,-0.09375743567943573,-0.011240157298743725,0.0784386470913887,0.030124258249998093,0.03270363807678223
results/learning_rules/resnet18_cifar100/resnet18_cifar100_bp_tard_w0p5_lam0p3_e100_20260515_010853_12988886,layer2.0.conv1,64,131072,0.02665741555392742,0.15987156331539154,0.1325828731060028,-0.082062266767025,0.022233545780181885,0.16331475973129272,0.463618665933609,0.16870157420635223
results/learning_rules/resnet18_cifar100/resnet18_cifar100_bp_tard_w0p5_lam0p3_e100_20260515_010853_12988886,layer2.0.conv2,64,131072,-0.006226746831089258,0.2062138468027115,0.17322207987308502,-0.16826805472373962,0.020883722230792046,0.12712690234184265,0.15078653395175934,0.15959666669368744
results/learning_rules/resnet18_cifar100/resnet18_cifar100_bp_tard_w0p5_lam0p3_e100_20260515_010853_12988886,layer2.0.downsample.0,64,131072,0.033912256360054016,0.1686183363199234,0.14777584373950958,-0.08871195465326309,0.04696362093091011,0.17310725152492523,0.06392115354537964,0.05971137806773186
results/learning_rules/resnet18_cifar100/resnet18_cifar100_bp_tard_w0p5_lam0p3_e100_20260515_010853_12988886,layer2.1.conv1,64,131072,0.07950234413146973,0.15046283602714539,0.13782717287540436,-0.05030456557869911,0.07878650724887848,0.16739535331726074,0.38088810443878174,0.3401164412498474
results/learning_rules/resnet18_cifar100/resnet18_cifar100_bp_tard_w0p5_lam0p3_e100_20260515_010853_12988886,layer2.1.conv2,64,131072,-0.0853990837931633,0.12483885884284973,0.12984828650951385,-0.17763276398181915,-0.09532800316810608,0.008297115564346313,0.0399194173514843,0.06982289999723434
results/learning_rules/resnet18_cifar100/resnet18_cifar100_bp_tard_w0p5_lam0p3_e100_20260515_010853_12988886,layer3.0.conv1,128,131072,-0.08797416090965271,0.17287641763687134,0.1616002470254898,-0.2300613671541214,-0.10036446154117584,0.03252667933702469,0.561803936958313,0.3410196602344513
results/learning_rules/resnet18_cifar100/resnet18_cifar100_bp_tard_w0p5_lam0p3_e100_20260515_010853_12988886,layer3.0.conv2,128,131072,-0.013322333805263042,0.126364603638649,0.1009853333234787,-0.10683602094650269,-0.0037026735953986645,0.07251161336898804,0.17834404110908508,0.24454423785209656
results/learning_rules/resnet18_cifar100/resnet18_cifar100_bp_tard_w0p5_lam0p3_e100_20260515_010853_12988886,layer3.0.downsample.0,128,131072,0.0004506586119532585,0.17365668714046478,0.14084547758102417,-0.11552270501852036,-0.00196990929543972,0.13360004127025604,0.07521998137235641,0.12507878243923187
results/learning_rules/resnet18_cifar100/resnet18_cifar100_bp_tard_w0p5_lam0p3_e100_20260515_010853_12988886,layer3.1.conv1,128,131072,-0.0025163604877889156,0.08146937936544418,0.06524871289730072,-0.05760710686445236,-0.0043288180604577065,0.04896676167845726,0.3245099186897278,0.45669934153556824
results/learning_rules/resnet18_cifar100/resnet18_cifar100_bp_tard_w0p5_lam0p3_e100_20260515_010853_12988886,layer3.1.conv2,128,131072,-0.10301775485277176,0.09638869762420654,0.123374342918396,-0.17512914538383484,-0.11629679054021835,-0.053303420543670654,0.021747179329395294,0.10038110613822937
results/learning_rules/resnet18_cifar100/resnet18_cifar100_bp_tard_w0p5_lam0p3_e100_20260515_010853_12988886,layer4.0.conv1,256,32768,-0.041623301804065704,0.09919050335884094,0.08646957576274872,-0.11521546542644501,-0.043558184057474136,0.0254024900496006,0.33320295810699463,0.45822447538375854
results/learning_rules/resnet18_cifar100/resnet18_cifar100_bp_tard_w0p5_lam0p3_e100_20260515_010853_12988886,layer4.0.conv2,256,32768,-0.01679101213812828,0.07092844694852829,0.059000954031944275,-0.0674298107624054,-0.017641782760620117,0.03573770821094513,0.06181219965219498,0.24796509742736816
results/learning_rules/resnet18_cifar100/resnet18_cifar100_bp_tard_w0p5_lam0p3_e100_20260515_010853_12988886,layer4.0.downsample.0,256,32768,-0.017328336834907532,0.11577499657869339,0.09654546529054642,-0.10416951030492783,-0.015480839647352695,0.06858188658952713,0.06289789080619812,0.17842772603034973
results/learning_rules/resnet18_cifar100/resnet18_cifar100_bp_tard_w0p5_lam0p3_e100_20260515_010853_12988886,layer4.1.conv1,256,32768,-0.0689798966050148,0.06845376640558243,0.08059066534042358,-0.11539384722709656,-0.06710278987884521,-0.02515289932489395,0.1664060652256012,0.4975988268852234
results/learning_rules/resnet18_cifar100/resnet18_cifar100_bp_tard_w0p5_lam0p3_e100_20260515_010853_12988886,layer4.1.conv2,256,32768,0.017304198816418648,0.07309900224208832,0.06166253611445427,-0.03872937709093094,0.017326325178146362,0.0650104209780693,0.015903299674391747,0.2511920928955078
results/learning_rules/resnet18_cifar100/resnet18_cifar100_bp_tard_w0p5_lam0p3_e100_20260515_011204_12988887,conv1,32,131072,0.0019739046692848206,0.6278954148292542,0.5548089146614075,-0.7061960697174072,-0.09790806472301483,0.4781001806259155,1.1862742900848389,0.774479329586029
results/learning_rules/resnet18_cifar100/resnet18_cifar100_bp_tard_w0p5_lam0p3_e100_20260515_011204_12988887,layer1.0.conv1,32,131072,-0.0038020648062229156,0.16059577465057373,0.133772611618042,-0.124955914914608,-0.04641440510749817,0.08232984691858292,0.20233359932899475,0.15835906565189362
results/learning_rules/resnet18_cifar100/resnet18_cifar100_bp_tard_w0p5_lam0p3_e100_20260515_011204_12988887,layer1.0.conv2,32,131072,-0.0045901574194431305,0.07076957821846008,0.05770507827401161,-0.04858599603176117,-0.0061011966317892075,0.044287100434303284,0.15418656170368195,0.08069078624248505
results/learning_rules/resnet18_cifar100/resnet18_cifar100_bp_tard_w0p5_lam0p3_e100_20260515_011204_12988887,layer1.1.conv1,32,131072,0.009596196003258228,0.1220015287399292,0.10375284403562546,-0.08568785339593887,0.024138689041137695,0.09851914644241333,0.32610973715782166,0.16813567280769348
results/learning_rules/resnet18_cifar100/resnet18_cifar100_bp_tard_w0p5_lam0p3_e100_20260515_011204_12988887,layer1.1.conv2,32,131072,0.010679075494408607,0.12809860706329346,0.10726441442966461,-0.08775278180837631,0.01903390884399414,0.1119992583990097,0.024873167276382446,0.03461029753088951
results/learning_rules/resnet18_cifar100/resnet18_cifar100_bp_tard_w0p5_lam0p3_e100_20260515_011204_12988887,layer2.0.conv1,64,131072,-0.002335113473236561,0.12979066371917725,0.10569841414690018,-0.09209567308425903,-0.014715779572725296,0.08403424918651581,0.4453277289867401,0.16267818212509155
results/learning_rules/resnet18_cifar100/resnet18_cifar100_bp_tard_w0p5_lam0p3_e100_20260515_011204_12988887,layer2.0.conv2,64,131072,0.013903391547501087,0.14752814173698425,0.12377328425645828,-0.1196790412068367,0.017659908160567284,0.12474270910024643,0.14849111437797546,0.10277064144611359
results/learning_rules/resnet18_cifar100/resnet18_cifar100_bp_tard_w0p5_lam0p3_e100_20260515_011204_12988887,layer2.0.downsample.0,64,131072,0.0037649869918823242,0.15395542979240417,0.12310916185379028,-0.08101478219032288,-0.006244059652090073,0.11412078142166138,0.05885171517729759,0.05830077826976776
results/learning_rules/resnet18_cifar100/resnet18_cifar100_bp_tard_w0p5_lam0p3_e100_20260515_011204_12988887,layer2.1.conv1,64,131072,0.08266816288232803,0.13075755536556244,0.12691062688827515,-0.001964998198673129,0.09245793521404266,0.1874602735042572,0.39202967286109924,0.2763918936252594
results/learning_rules/resnet18_cifar100/resnet18_cifar100_bp_tard_w0p5_lam0p3_e100_20260515_011204_12988887,layer2.1.conv2,64,131072,-0.08432824909687042,0.13418444991111755,0.1372685730457306,-0.18444660305976868,-0.1163858026266098,0.003026580438017845,0.034814104437828064,0.06537256389856339
results/learning_rules/resnet18_cifar100/resnet18_cifar100_bp_tard_w0p5_lam0p3_e100_20260515_011204_12988887,layer3.0.conv1,128,131072,-0.04851692169904709,0.1575029343366623,0.13854995369911194,-0.1634553223848343,-0.05622200667858124,0.06945989280939102,0.5772193670272827,0.2967221140861511
results/learning_rules/resnet18_cifar100/resnet18_cifar100_bp_tard_w0p5_lam0p3_e100_20260515_011204_12988887,layer3.0.conv2,128,131072,-0.033041052520275116,0.12417121976613998,0.10433542728424072,-0.12140940874814987,-0.03390298783779144,0.05791444331407547,0.17746028304100037,0.2342710644006729
results/learning_rules/resnet18_cifar100/resnet18_cifar100_bp_tard_w0p5_lam0p3_e100_20260515_011204_12988887,layer3.0.downsample.0,128,131072,-0.015595215372741222,0.1964440643787384,0.16383549571037292,-0.1686706244945526,-0.009307783097028732,0.13746793568134308,0.0830693319439888,0.11267887055873871
results/learning_rules/resnet18_cifar100/resnet18_cifar100_bp_tard_w0p5_lam0p3_e100_20260515_011204_12988887,layer3.1.conv1,128,131072,-0.00814460963010788,0.08479786664247513,0.06740513443946838,-0.06053941696882248,0.0019830232486128807,0.0537671335041523,0.3254700303077698,0.4237891733646393
results/learning_rules/resnet18_cifar100/resnet18_cifar100_bp_tard_w0p5_lam0p3_e100_20260515_011204_12988887,layer3.1.conv2,128,131072,-0.07100677490234375,0.07212868332862854,0.08812818676233292,-0.1148306131362915,-0.08088847994804382,-0.03097124770283699,0.022096259519457817,0.09213079512119293
results/learning_rules/resnet18_cifar100/resnet18_cifar100_bp_tard_w0p5_lam0p3_e100_20260515_011204_12988887,layer4.0.conv1,256,32768,-0.020757757127285004,0.08666122704744339,0.07214852422475815,-0.08329316228628159,-0.020776771008968353,0.03399810940027237,0.340657114982605,0.411470502614975
results/learning_rules/resnet18_cifar100/resnet18_cifar100_bp_tard_w0p5_lam0p3_e100_20260515_011204_12988887,layer4.0.conv2,256,32768,-0.02917640469968319,0.0835510864853859,0.07312463968992233,-0.09249694645404816,-0.03531791642308235,0.03452986106276512,0.06137169897556305,0.24715778231620789
results/learning_rules/resnet18_cifar100/resnet18_cifar100_bp_tard_w0p5_lam0p3_e100_20260515_011204_12988887,layer4.0.downsample.0,256,32768,-0.01676427386701107,0.10712524503469467,0.08828827738761902,-0.0965539962053299,-0.010762020014226437,0.05920121818780899,0.06407393515110016,0.1636490523815155
results/learning_rules/resnet18_cifar100/resnet18_cifar100_bp_tard_w0p5_lam0p3_e100_20260515_011204_12988887,layer4.1.conv1,256,32768,-0.0727967917919159,0.06942427158355713,0.08385228365659714,-0.11772162467241287,-0.07399070262908936,-0.026705531403422356,0.15888038277626038,0.45504289865493774
results/learning_rules/resnet18_cifar100/resnet18_cifar100_bp_tard_w0p5_lam0p3_e100_20260515_011204_12988887,layer4.1.conv2,256,32768,0.012189352884888649,0.07396260648965836,0.06171737611293793,-0.0410279855132103,0.015585646964609623,0.06442523747682571,0.015736153349280357,0.2290211319923401
results/learning_rules/resnet18_cifar100/resnet18_cifar100_bp_tard_w0p5_lam0p3_e100_20260515_172112_13121612,conv1,32,131072,0.04624457657337189,0.577559769153595,0.4834194779396057,-0.4735443890094757,0.08098737895488739,0.5521681308746338,1.3056349754333496,0.7783488631248474
results/learning_rules/resnet18_cifar100/resnet18_cifar100_bp_tard_w0p5_lam0p3_e100_20260515_172112_13121612,layer1.0.conv1,32,131072,0.01937456615269184,0.17210175096988678,0.1394488513469696,-0.09719223529100418,0.017382143065333366,0.13426019251346588,0.2224685549736023,0.17046590149402618
results/learning_rules/resnet18_cifar100/resnet18_cifar100_bp_tard_w0p5_lam0p3_e100_20260515_172112_13121612,layer1.0.conv2,32,131072,0.009187816642224789,0.09734419733285904,0.07594762742519379,-0.05017261952161789,-0.014330786652863026,0.058597318828105927,0.14577820897102356,0.08514044433832169
results/learning_rules/resnet18_cifar100/resnet18_cifar100_bp_tard_w0p5_lam0p3_e100_20260515_172112_13121612,layer1.1.conv1,32,131072,0.00800815038383007,0.13220076262950897,0.10787369310855865,-0.055590998381376266,-0.006402044091373682,0.11212126910686493,0.30481812357902527,0.17314107716083527
results/learning_rules/resnet18_cifar100/resnet18_cifar100_bp_tard_w0p5_lam0p3_e100_20260515_172112_13121612,layer1.1.conv2,32,131072,0.031461451202631,0.11139599233865738,0.09848713874816895,-0.04295989125967026,0.0550367571413517,0.11805900186300278,0.025245200842618942,0.045061562210321426
results/learning_rules/resnet18_cifar100/resnet18_cifar100_bp_tard_w0p5_lam0p3_e100_20260515_172112_13121612,layer2.0.conv1,64,131072,-0.0018046265468001366,0.14440381526947021,0.12020201236009598,-0.10425850003957748,-0.019687332212924957,0.10488838702440262,0.48228055238723755,0.17738212645053864
results/learning_rules/resnet18_cifar100/resnet18_cifar100_bp_tard_w0p5_lam0p3_e100_20260515_172112_13121612,layer2.0.conv2,64,131072,0.03811173886060715,0.1520872563123703,0.12984168529510498,-0.07952027022838593,0.05770428851246834,0.1390690803527832,0.15067142248153687,0.11070220172405243
results/learning_rules/resnet18_cifar100/resnet18_cifar100_bp_tard_w0p5_lam0p3_e100_20260515_172112_13121612,layer2.0.downsample.0,64,131072,0.034602951258420944,0.16423796117305756,0.1383230984210968,-0.09979525953531265,0.04377739131450653,0.16121074557304382,0.05583670735359192,0.06319229304790497
results/learning_rules/resnet18_cifar100/resnet18_cifar100_bp_tard_w0p5_lam0p3_e100_20260515_172112_13121612,layer2.1.conv1,64,131072,0.06992685049772263,0.13637256622314453,0.12930046021938324,-0.04207412898540497,0.07946014404296875,0.1612529754638672,0.3870251774787903,0.293989360332489
results/learning_rules/resnet18_cifar100/resnet18_cifar100_bp_tard_w0p5_lam0p3_e100_20260515_172112_13121612,layer2.1.conv2,64,131072,-0.05156142637133598,0.08434603363275528,0.07872139662504196,-0.11009596288204193,-0.05053623765707016,0.0153218824416399,0.03780405968427658,0.056455403566360474
results/learning_rules/resnet18_cifar100/resnet18_cifar100_bp_tard_w0p5_lam0p3_e100_20260515_172112_13121612,layer3.0.conv1,128,131072,-0.04753443971276283,0.1345277726650238,0.1132030338048935,-0.1476670205593109,-0.04290968179702759,0.02036157436668873,0.6064719557762146,0.3133198320865631
results/learning_rules/resnet18_cifar100/resnet18_cifar100_bp_tard_w0p5_lam0p3_e100_20260515_172112_13121612,layer3.0.conv2,128,131072,-0.016850503161549568,0.09396665543317795,0.0777091383934021,-0.08252136409282684,-0.011818133294582367,0.052354924380779266,0.1803928166627884,0.22629456222057343
results/learning_rules/resnet18_cifar100/resnet18_cifar100_bp_tard_w0p5_lam0p3_e100_20260515_172112_13121612,layer3.0.downsample.0,128,131072,0.00041053059976547956,0.13934075832366943,0.11654896289110184,-0.10831354558467865,0.003750220872461796,0.10866328328847885,0.08116085827350616,0.1149953156709671
results/learning_rules/resnet18_cifar100/resnet18_cifar100_bp_tard_w0p5_lam0p3_e100_20260515_172112_13121612,layer3.1.conv1,128,131072,-0.004708414897322655,0.08661068975925446,0.07108445465564728,-0.057777777314186096,0.001362174516543746,0.06249353289604187,0.3316173553466797,0.39622142910957336
results/learning_rules/resnet18_cifar100/resnet18_cifar100_bp_tard_w0p5_lam0p3_e100_20260515_172112_13121612,layer3.1.conv2,128,131072,-0.07455737888813019,0.07861939072608948,0.08976004272699356,-0.12633182108402252,-0.07745678722858429,-0.023769836872816086,0.02075859159231186,0.0942554697394371
results/learning_rules/resnet18_cifar100/resnet18_cifar100_bp_tard_w0p5_lam0p3_e100_20260515_172112_13121612,layer4.0.conv1,256,32768,-0.021324358880519867,0.08519045263528824,0.07166766375303268,-0.07823218405246735,-0.02475842460989952,0.03398152440786362,0.3339043855667114,0.40921810269355774
results/learning_rules/resnet18_cifar100/resnet18_cifar100_bp_tard_w0p5_lam0p3_e100_20260515_172112_13121612,layer4.0.conv2,256,32768,-0.04663751274347305,0.09394014626741409,0.08880238234996796,-0.11423084139823914,-0.060608286410570145,0.013496062718331814,0.060303229838609695,0.26689714193344116
results/learning_rules/resnet18_cifar100/resnet18_cifar100_bp_tard_w0p5_lam0p3_e100_20260515_172112_13121612,layer4.0.downsample.0,256,32768,-0.011807741597294807,0.08788885176181793,0.07320833206176758,-0.07574904710054398,-0.01740625873208046,0.05045217648148537,0.06184284761548042,0.15321284532546997
results/learning_rules/resnet18_cifar100/resnet18_cifar100_bp_tard_w0p5_lam0p3_e100_20260515_172112_13121612,layer4.1.conv1,256,32768,-0.0927102118730545,0.06982818245887756,0.10019432008266449,-0.13884401321411133,-0.09628364443778992,-0.05445608124136925,0.16867369413375854,0.5013014078140259
results/learning_rules/resnet18_cifar100/resnet18_cifar100_bp_tard_w0p5_lam0p3_e100_20260515_172112_13121612,layer4.1.conv2,256,32768,0.021684883162379265,0.07715582847595215,0.06538994610309601,-0.03510759025812149,0.016473624855279922,0.07945279777050018,0.015825537964701653,0.24097669124603271
results/learning_rules/resnet18_cifar100/resnet18_cifar100_bp_tard_w0p5_lam0p3_e100_20260515_173123_13121613,conv1,32,131072,-0.055599842220544815,0.602934718132019,0.5402365326881409,-0.7031060457229614,-0.15028920769691467,0.5018771290779114,1.2028613090515137,0.9259301424026489
results/learning_rules/resnet18_cifar100/resnet18_cifar100_bp_tard_w0p5_lam0p3_e100_20260515_173123_13121613,layer1.0.conv1,32,131072,-0.006156175397336483,0.14932256937026978,0.12147708982229233,-0.11025438457727432,0.00581994466483593,0.0837133526802063,0.2269320785999298,0.18107739090919495
results/learning_rules/resnet18_cifar100/resnet18_cifar100_bp_tard_w0p5_lam0p3_e100_20260515_173123_13121613,layer1.0.conv2,32,131072,0.006326964125037193,0.11227133125066757,0.0926188975572586,-0.07877308130264282,0.011470606550574303,0.09508869051933289,0.15611591935157776,0.08272482454776764
results/learning_rules/resnet18_cifar100/resnet18_cifar100_bp_tard_w0p5_lam0p3_e100_20260515_173123_13121613,layer1.1.conv1,32,131072,-0.028987416997551918,0.13217297196388245,0.11167090386152267,-0.1148921549320221,-0.016975976526737213,0.06778619438409805,0.333942711353302,0.18042783439159393
results/learning_rules/resnet18_cifar100/resnet18_cifar100_bp_tard_w0p5_lam0p3_e100_20260515_173123_13121613,layer1.1.conv2,32,131072,-0.02728024683892727,0.12088415771722794,0.10344228148460388,-0.09791353344917297,-0.03035747818648815,0.057043761014938354,0.02431938238441944,0.04820888489484787
results/learning_rules/resnet18_cifar100/resnet18_cifar100_bp_tard_w0p5_lam0p3_e100_20260515_173123_13121613,layer2.0.conv1,64,131072,0.00424366956576705,0.12614545226097107,0.10323277860879898,-0.07996637374162674,0.00037653918843716383,0.09381189942359924,0.47064754366874695,0.1833052635192871
results/learning_rules/resnet18_cifar100/resnet18_cifar100_bp_tard_w0p5_lam0p3_e100_20260515_173123_13121613,layer2.0.conv2,64,131072,0.08561188727617264,0.17651671171188354,0.16131694614887238,-0.03341304510831833,0.10602212697267532,0.2156183421611786,0.1328786462545395,0.128113254904747
results/learning_rules/resnet18_cifar100/resnet18_cifar100_bp_tard_w0p5_lam0p3_e100_20260515_173123_13121613,layer2.0.downsample.0,64,131072,0.003356211818754673,0.14946600794792175,0.11795518547296524,-0.08780378848314285,0.010729014873504639,0.09882203489542007,0.06426271051168442,0.06600619852542877
results/learning_rules/resnet18_cifar100/resnet18_cifar100_bp_tard_w0p5_lam0p3_e100_20260515_173123_13121613,layer2.1.conv1,64,131072,0.07247940450906754,0.1378624588251114,0.12442620098590851,-0.027174223214387894,0.08471514284610748,0.1668173372745514,0.3730200231075287,0.34012219309806824
results/learning_rules/resnet18_cifar100/resnet18_cifar100_bp_tard_w0p5_lam0p3_e100_20260515_173123_13121613,layer2.1.conv2,64,131072,-0.04397891089320183,0.07331659644842148,0.07223477214574814,-0.10714118182659149,-0.045379117131233215,0.014075422659516335,0.03508928418159485,0.05638105422258377
results/learning_rules/resnet18_cifar100/resnet18_cifar100_bp_tard_w0p5_lam0p3_e100_20260515_173123_13121613,layer3.0.conv1,128,131072,-0.05999849736690521,0.17581163346767426,0.15650051832199097,-0.1764749139547348,-0.07582248002290726,0.06657708436250687,0.5698416829109192,0.3546653985977173
results/learning_rules/resnet18_cifar100/resnet18_cifar100_bp_tard_w0p5_lam0p3_e100_20260515_173123_13121613,layer3.0.conv2,128,131072,-0.040337927639484406,0.12115614861249924,0.0987166315317154,-0.12448568642139435,-0.028382867574691772,0.035897817462682724,0.1851148009300232,0.27443861961364746
results/learning_rules/resnet18_cifar100/resnet18_cifar100_bp_tard_w0p5_lam0p3_e100_20260515_173123_13121613,layer3.0.downsample.0,128,131072,-0.015609685331583023,0.17021632194519043,0.14673466980457306,-0.15082061290740967,-0.024750521406531334,0.12018561363220215,0.07523492723703384,0.1345295011997223
results/learning_rules/resnet18_cifar100/resnet18_cifar100_bp_tard_w0p5_lam0p3_e100_20260515_173123_13121613,layer3.1.conv1,128,131072,-0.007488053757697344,0.09167204052209854,0.07516559213399887,-0.07379263639450073,0.002612045034766197,0.06605315208435059,0.3453548848628998,0.49548181891441345
results/learning_rules/resnet18_cifar100/resnet18_cifar100_bp_tard_w0p5_lam0p3_e100_20260515_173123_13121613,layer3.1.conv2,128,131072,-0.09158504009246826,0.07874450832605362,0.10454834997653961,-0.14979664981365204,-0.10426554083824158,-0.03899207338690758,0.02094414085149765,0.09813668578863144
results/learning_rules/resnet18_cifar100/resnet18_cifar100_bp_tard_w0p5_lam0p3_e100_20260515_173123_13121613,layer4.0.conv1,256,32768,-0.052214134484529495,0.1100134402513504,0.10010706633329391,-0.12401748448610306,-0.061118319630622864,0.03152640536427498,0.33720430731773376,0.4942256212234497
results/learning_rules/resnet18_cifar100/resnet18_cifar100_bp_tard_w0p5_lam0p3_e100_20260515_173123_13121613,layer4.0.conv2,256,32768,-0.02326052449643612,0.08653856068849564,0.07321155071258545,-0.08001580834388733,-0.03025246039032936,0.042791008949279785,0.06020903214812279,0.2637428641319275
results/learning_rules/resnet18_cifar100/resnet18_cifar100_bp_tard_w0p5_lam0p3_e100_20260515_173123_13121613,layer4.0.downsample.0,256,32768,-0.02852731943130493,0.13375791907310486,0.11720804870128632,-0.12942683696746826,-0.047758474946022034,0.07521601766347885,0.06442864239215851,0.19357439875602722
results/learning_rules/resnet18_cifar100/resnet18_cifar100_bp_tard_w0p5_lam0p3_e100_20260515_173123_13121613,layer4.1.conv1,256,32768,-0.08349115401506424,0.0687103196978569,0.09187339246273041,-0.136927992105484,-0.08213971555233002,-0.03890005871653557,0.16331034898757935,0.504939615726471
results/learning_rules/resnet18_cifar100/resnet18_cifar100_bp_tard_w0p5_lam0p3_e100_20260515_173123_13121613,layer4.1.conv2,256,32768,0.018933923915028572,0.06491350382566452,0.05532792955636978,-0.0263811182230711,0.0246739499270916,0.06625890731811523,0.015727968886494637,0.2461841106414795
results/learning_rules/resnet18_cifar100/resnet18_cifar100_bp_tard_w0p5_lam0p3_e100_20260515_174817_13121614,conv1,32,131072,-0.13390393555164337,0.5398978590965271,0.4751895070075989,-0.6924971342086792,-0.13690856099128723,0.2608141005039215,1.2499586343765259,0.7032083868980408
results/learning_rules/resnet18_cifar100/resnet18_cifar100_bp_tard_w0p5_lam0p3_e100_20260515_174817_13121614,layer1.0.conv1,32,131072,-0.01007488090544939,0.2333526462316513,0.19069041311740875,-0.16958948969841003,-0.012890739366412163,0.1440705806016922,0.21746903657913208,0.16966453194618225
results/learning_rules/resnet18_cifar100/resnet18_cifar100_bp_tard_w0p5_lam0p3_e100_20260515_174817_13121614,layer1.0.conv2,32,131072,0.034083347767591476,0.10646852105855942,0.08251885324716568,-0.03577437251806259,0.029990194365382195,0.09561847150325775,0.16239102184772491,0.09610896557569504
results/learning_rules/resnet18_cifar100/resnet18_cifar100_bp_tard_w0p5_lam0p3_e100_20260515_174817_13121614,layer1.1.conv1,32,131072,0.05052235722541809,0.1322554349899292,0.12315398454666138,-0.04752271994948387,0.05486293137073517,0.17365793883800507,0.31053441762924194,0.1595870554447174
results/learning_rules/resnet18_cifar100/resnet18_cifar100_bp_tard_w0p5_lam0p3_e100_20260515_174817_13121614,layer1.1.conv2,32,131072,0.00041192490607500076,0.1576823890209198,0.12997330725193024,-0.10893180966377258,0.010441938415169716,0.1044558584690094,0.025776928290724754,0.03718665987253189
results/learning_rules/resnet18_cifar100/resnet18_cifar100_bp_tard_w0p5_lam0p3_e100_20260515_174817_13121614,layer2.0.conv1,64,131072,0.0025822240859270096,0.15940390527248383,0.12452559918165207,-0.121361143887043,-0.005308371037244797,0.08751633763313293,0.4518774151802063,0.1580381989479065
results/learning_rules/resnet18_cifar100/resnet18_cifar100_bp_tard_w0p5_lam0p3_e100_20260515_174817_13121614,layer2.0.conv2,64,131072,0.1089988723397255,0.18875029683113098,0.1912466138601303,-0.06014338880777359,0.14184561371803284,0.27582669258117676,0.14815029501914978,0.09865354746580124
results/learning_rules/resnet18_cifar100/resnet18_cifar100_bp_tard_w0p5_lam0p3_e100_20260515_174817_13121614,layer2.0.downsample.0,64,131072,-0.030658381059765816,0.13569135963916779,0.11655477434396744,-0.1364959478378296,-0.04756402224302292,0.071070097386837,0.05617891252040863,0.053759969770908356
results/learning_rules/resnet18_cifar100/resnet18_cifar100_bp_tard_w0p5_lam0p3_e100_20260515_174817_13121614,layer2.1.conv1,64,131072,0.027895592153072357,0.1559193730354309,0.1312706023454666,-0.07145445793867111,0.02111870050430298,0.16637130081653595,0.36708563566207886,0.2760360538959503
results/learning_rules/resnet18_cifar100/resnet18_cifar100_bp_tard_w0p5_lam0p3_e100_20260515_174817_13121614,layer2.1.conv2,64,131072,0.008639045991003513,0.0879015326499939,0.06851553916931152,-0.04991690814495087,0.003788481466472149,0.07006405293941498,0.039447955787181854,0.05049335956573486
results/learning_rules/resnet18_cifar100/resnet18_cifar100_bp_tard_w0p5_lam0p3_e100_20260515_174817_13121614,layer3.0.conv1,128,131072,-0.05849386751651764,0.1842283308506012,0.1599579006433487,-0.19502168893814087,-0.07463572919368744,0.05690961331129074,0.6004738807678223,0.3063254952430725
results/learning_rules/resnet18_cifar100/resnet18_cifar100_bp_tard_w0p5_lam0p3_e100_20260515_174817_13121614,layer3.0.conv2,128,131072,-0.030118558555841446,0.14072486758232117,0.1174679547548294,-0.1353665143251419,-0.040663063526153564,0.06506292521953583,0.1864205151796341,0.22575660049915314
results/learning_rules/resnet18_cifar100/resnet18_cifar100_bp_tard_w0p5_lam0p3_e100_20260515_174817_13121614,layer3.0.downsample.0,128,131072,-0.019100425764918327,0.20891208946704865,0.17566919326782227,-0.1620384305715561,-0.030828557908535004,0.1522640734910965,0.08271186053752899,0.11543352901935577
results/learning_rules/resnet18_cifar100/resnet18_cifar100_bp_tard_w0p5_lam0p3_e100_20260515_174817_13121614,layer3.1.conv1,128,131072,0.012143915519118309,0.07267305254936218,0.057530343532562256,-0.029620204120874405,0.01569109968841076,0.06121706962585449,0.32801011204719543,0.4169004261493683
results/learning_rules/resnet18_cifar100/resnet18_cifar100_bp_tard_w0p5_lam0p3_e100_20260515_174817_13121614,layer3.1.conv2,128,131072,-0.070558100938797,0.06641324609518051,0.08173301070928574,-0.1189412772655487,-0.06676797568798065,-0.026934480294585228,0.021662486717104912,0.09370482712984085
results/learning_rules/resnet18_cifar100/resnet18_cifar100_bp_tard_w0p5_lam0p3_e100_20260515_174817_13121614,layer4.0.conv1,256,32768,-0.028239423409104347,0.08558014780282974,0.07154291868209839,-0.08787926286458969,-0.024464966729283333,0.027736736461520195,0.3290519118309021,0.4029647409915924
results/learning_rules/resnet18_cifar100/resnet18_cifar100_bp_tard_w0p5_lam0p3_e100_20260515_174817_13121614,layer4.0.conv2,256,32768,-0.03523009270429611,0.0801798403263092,0.07196451723575592,-0.09397397935390472,-0.04335282742977142,0.013558176346123219,0.06287509948015213,0.2521089017391205
results/learning_rules/resnet18_cifar100/resnet18_cifar100_bp_tard_w0p5_lam0p3_e100_20260515_174817_13121614,layer4.0.downsample.0,256,32768,-0.01058210339397192,0.10915505141019821,0.08987400680780411,-0.07961844652891159,-0.016243014484643936,0.06841065734624863,0.0627787709236145,0.15698090195655823
results/learning_rules/resnet18_cifar100/resnet18_cifar100_bp_tard_w0p5_lam0p3_e100_20260515_174817_13121614,layer4.1.conv1,256,32768,-0.06418298929929733,0.06626589596271515,0.07529628276824951,-0.107695072889328,-0.06287848949432373,-0.018767021596431732,0.16833917796611786,0.47962746024131775
results/learning_rules/resnet18_cifar100/resnet18_cifar100_bp_tard_w0p5_lam0p3_e100_20260515_174817_13121614,layer4.1.conv2,256,32768,0.023916451260447502,0.07796099036931992,0.06684132665395737,-0.03143350034952164,0.028867186978459358,0.07677613943815231,0.015273875556886196,0.23965699970722198
