accuracy_auc,method,n_points,pruning_method,run_dir,seed
0.04472154206824693,bp,6,random,results/learning_rules/resnet18_cifar100/lr_resnet18_cifar100_bp_baseline_20260513_195455_12797069,42
0.0338468085106383,bp,6,magnitude,results/learning_rules/resnet18_cifar100/lr_resnet18_cifar100_bp_baseline_20260513_195455_12797069,42
0.06934140355531972,bp,6,taylor,results/learning_rules/resnet18_cifar100/lr_resnet18_cifar100_bp_baseline_20260513_195455_12797069,42
0.04386681282543163,bp,6,chip,results/learning_rules/resnet18_cifar100/lr_resnet18_cifar100_bp_baseline_20260513_195455_12797069,42
0.07148228835978836,bp,6,composite,results/learning_rules/resnet18_cifar100/lr_resnet18_cifar100_bp_baseline_20260513_195455_12797069,42
0.08171600738396625,bp,6,cluster_aware,results/learning_rules/resnet18_cifar100/lr_resnet18_cifar100_bp_baseline_20260513_195455_12797069,42
0.1330285201912859,bp,6,cap_ixy_hybrid_taylor,results/learning_rules/resnet18_cifar100/lr_resnet18_cifar100_bp_baseline_20260513_195455_12797069,42
0.21741224760892663,bp,6,composite_twoaxis_ixy_hybrid_taylor,results/learning_rules/resnet18_cifar100/lr_resnet18_cifar100_bp_baseline_20260513_195455_12797069,42
0.14594380977683316,bp,6,cluster_aware_stratified_twoaxis_adaptive_ixy_hybrid_taylor,results/learning_rules/resnet18_cifar100/lr_resnet18_cifar100_bp_baseline_20260513_195455_12797069,42
0.05972544933576452,bp,6,random,results/learning_rules/resnet18_cifar100/lr_resnet18_cifar100_bp_baseline_20260513_203933_12797070,123
0.043655261723009806,bp,6,magnitude,results/learning_rules/resnet18_cifar100/lr_resnet18_cifar100_bp_baseline_20260513_203933_12797070,123
0.06174449309978769,bp,6,taylor,results/learning_rules/resnet18_cifar100/lr_resnet18_cifar100_bp_baseline_20260513_203933_12797070,123
0.04591717337715695,bp,6,chip,results/learning_rules/resnet18_cifar100/lr_resnet18_cifar100_bp_baseline_20260513_203933_12797070,123
0.06571745046235138,bp,6,composite,results/learning_rules/resnet18_cifar100/lr_resnet18_cifar100_bp_baseline_20260513_203933_12797070,123
0.10080364693446087,bp,6,cluster_aware,results/learning_rules/resnet18_cifar100/lr_resnet18_cifar100_bp_baseline_20260513_203933_12797070,123
0.14291935526664895,bp,6,cap_ixy_hybrid_taylor,results/learning_rules/resnet18_cifar100/lr_resnet18_cifar100_bp_baseline_20260513_203933_12797070,123
0.2369246882462191,bp,6,composite_twoaxis_ixy_hybrid_taylor,results/learning_rules/resnet18_cifar100/lr_resnet18_cifar100_bp_baseline_20260513_203933_12797070,123
0.152870986999204,bp,6,cluster_aware_stratified_twoaxis_adaptive_ixy_hybrid_taylor,results/learning_rules/resnet18_cifar100/lr_resnet18_cifar100_bp_baseline_20260513_203933_12797070,123
0.04216675351745701,bp,6,random,results/learning_rules/resnet18_cifar100/lr_resnet18_cifar100_bp_baseline_20260513_212353_12797071,456
0.037164120370370375,bp,6,magnitude,results/learning_rules/resnet18_cifar100/lr_resnet18_cifar100_bp_baseline_20260513_212353_12797071,456
0.06820095465393794,bp,6,taylor,results/learning_rules/resnet18_cifar100/lr_resnet18_cifar100_bp_baseline_20260513_212353_12797071,456
0.03304339906874829,bp,6,chip,results/learning_rules/resnet18_cifar100/lr_resnet18_cifar100_bp_baseline_20260513_212353_12797071,456
0.07521449352023274,bp,6,composite,results/learning_rules/resnet18_cifar100/lr_resnet18_cifar100_bp_baseline_20260513_212353_12797071,456
0.07821810344827587,bp,6,cluster_aware,results/learning_rules/resnet18_cifar100/lr_resnet18_cifar100_bp_baseline_20260513_212353_12797071,456
0.14015601802757158,bp,6,cap_ixy_hybrid_taylor,results/learning_rules/resnet18_cifar100/lr_resnet18_cifar100_bp_baseline_20260513_212353_12797071,456
0.23012663043478257,bp,6,composite_twoaxis_ixy_hybrid_taylor,results/learning_rules/resnet18_cifar100/lr_resnet18_cifar100_bp_baseline_20260513_212353_12797071,456
0.15855424178154823,bp,6,cluster_aware_stratified_twoaxis_adaptive_ixy_hybrid_taylor,results/learning_rules/resnet18_cifar100/lr_resnet18_cifar100_bp_baseline_20260513_212353_12797071,456
0.06278999478895259,bp,6,random,results/learning_rules/resnet18_cifar100/lr_resnet18_cifar100_bp_baseline_20260513_214528_12797072,789
0.034963845734532574,bp,6,magnitude,results/learning_rules/resnet18_cifar100/lr_resnet18_cifar100_bp_baseline_20260513_214528_12797072,789
0.06647939063331558,bp,6,taylor,results/learning_rules/resnet18_cifar100/lr_resnet18_cifar100_bp_baseline_20260513_214528_12797072,789
0.04461972602739726,bp,6,chip,results/learning_rules/resnet18_cifar100/lr_resnet18_cifar100_bp_baseline_20260513_214528_12797072,789
0.07060799999999999,bp,6,composite,results/learning_rules/resnet18_cifar100/lr_resnet18_cifar100_bp_baseline_20260513_214528_12797072,789
0.10589284384144718,bp,6,cluster_aware,results/learning_rules/resnet18_cifar100/lr_resnet18_cifar100_bp_baseline_20260513_214528_12797072,789
0.19334113890367216,bp,6,cap_ixy_hybrid_taylor,results/learning_rules/resnet18_cifar100/lr_resnet18_cifar100_bp_baseline_20260513_214528_12797072,789
0.2396222325705162,bp,6,composite_twoaxis_ixy_hybrid_taylor,results/learning_rules/resnet18_cifar100/lr_resnet18_cifar100_bp_baseline_20260513_214528_12797072,789
0.1306861096327834,bp,6,cluster_aware_stratified_twoaxis_adaptive_ixy_hybrid_taylor,results/learning_rules/resnet18_cifar100/lr_resnet18_cifar100_bp_baseline_20260513_214528_12797072,789
0.04839499739447629,bp,6,random,results/learning_rules/resnet18_cifar100/lr_resnet18_cifar100_bp_baseline_20260513_215107_12797073,1011
0.04646009536784741,bp,6,magnitude,results/learning_rules/resnet18_cifar100/lr_resnet18_cifar100_bp_baseline_20260513_215107_12797073,1011
0.08076597719437816,bp,6,taylor,results/learning_rules/resnet18_cifar100/lr_resnet18_cifar100_bp_baseline_20260513_215107_12797073,1011
0.04379249315068493,bp,6,chip,results/learning_rules/resnet18_cifar100/lr_resnet18_cifar100_bp_baseline_20260513_215107_12797073,1011
0.05607290015847859,bp,6,composite,results/learning_rules/resnet18_cifar100/lr_resnet18_cifar100_bp_baseline_20260513_215107_12797073,1011
0.10062857142857144,bp,6,cluster_aware,results/learning_rules/resnet18_cifar100/lr_resnet18_cifar100_bp_baseline_20260513_215107_12797073,1011
0.16616099177936886,bp,6,cap_ixy_hybrid_taylor,results/learning_rules/resnet18_cifar100/lr_resnet18_cifar100_bp_baseline_20260513_215107_12797073,1011
0.20819639352956776,bp,6,composite_twoaxis_ixy_hybrid_taylor,results/learning_rules/resnet18_cifar100/lr_resnet18_cifar100_bp_baseline_20260513_215107_12797073,1011
0.15176673296207902,bp,6,cluster_aware_stratified_twoaxis_adaptive_ixy_hybrid_taylor,results/learning_rules/resnet18_cifar100/lr_resnet18_cifar100_bp_baseline_20260513_215107_12797073,1011
0.05491169575410263,bp_decov,6,random,results/learning_rules/resnet18_cifar100/lr_resnet18_cifar100_bp_decov_20260513_220758_12797074,42
0.040676622137404576,bp_decov,6,magnitude,results/learning_rules/resnet18_cifar100/lr_resnet18_cifar100_bp_decov_20260513_220758_12797074,42
0.07539102496016994,bp_decov,6,taylor,results/learning_rules/resnet18_cifar100/lr_resnet18_cifar100_bp_decov_20260513_220758_12797074,42
0.044166036702273356,bp_decov,6,chip,results/learning_rules/resnet18_cifar100/lr_resnet18_cifar100_bp_decov_20260513_220758_12797074,42
0.07847965738758028,bp_decov,6,composite,results/learning_rules/resnet18_cifar100/lr_resnet18_cifar100_bp_decov_20260513_220758_12797074,42
0.09848312867058198,bp_decov,6,cluster_aware,results/learning_rules/resnet18_cifar100/lr_resnet18_cifar100_bp_decov_20260513_220758_12797074,42
0.14575029208709503,bp_decov,6,cap_ixy_hybrid_taylor,results/learning_rules/resnet18_cifar100/lr_resnet18_cifar100_bp_decov_20260513_220758_12797074,42
0.23808410780669137,bp_decov,6,composite_twoaxis_ixy_hybrid_taylor,results/learning_rules/resnet18_cifar100/lr_resnet18_cifar100_bp_decov_20260513_220758_12797074,42
0.06255058417419013,bp_decov,6,cluster_aware_stratified_twoaxis_adaptive_ixy_hybrid_taylor,results/learning_rules/resnet18_cifar100/lr_resnet18_cifar100_bp_decov_20260513_220758_12797074,42
0.05963792654337066,bp_decov,6,random,results/learning_rules/resnet18_cifar100/lr_resnet18_cifar100_bp_decov_20260513_220825_12797075,123
0.05475729877216917,bp_decov,6,magnitude,results/learning_rules/resnet18_cifar100/lr_resnet18_cifar100_bp_decov_20260513_220825_12797075,123
0.07553147410358564,bp_decov,6,taylor,results/learning_rules/resnet18_cifar100/lr_resnet18_cifar100_bp_decov_20260513_220825_12797075,123
0.046578751369112825,bp_decov,6,chip,results/learning_rules/resnet18_cifar100/lr_resnet18_cifar100_bp_decov_20260513_220825_12797075,123
0.06928458466453673,bp_decov,6,composite,results/learning_rules/resnet18_cifar100/lr_resnet18_cifar100_bp_decov_20260513_220825_12797075,123
0.10351718625099918,bp_decov,6,cluster_aware,results/learning_rules/resnet18_cifar100/lr_resnet18_cifar100_bp_decov_20260513_220825_12797075,123
0.18292752988047808,bp_decov,6,cap_ixy_hybrid_taylor,results/learning_rules/resnet18_cifar100/lr_resnet18_cifar100_bp_decov_20260513_220825_12797075,123
0.23087614873837978,bp_decov,6,composite_twoaxis_ixy_hybrid_taylor,results/learning_rules/resnet18_cifar100/lr_resnet18_cifar100_bp_decov_20260513_220825_12797075,123
0.11694037184594955,bp_decov,6,cluster_aware_stratified_twoaxis_adaptive_ixy_hybrid_taylor,results/learning_rules/resnet18_cifar100/lr_resnet18_cifar100_bp_decov_20260513_220825_12797075,123
0.04641896821261074,bp_decov,6,random,results/learning_rules/resnet18_cifar100/lr_resnet18_cifar100_bp_decov_20260513_223022_12797076,456
0.045161038430089936,bp_decov,6,magnitude,results/learning_rules/resnet18_cifar100/lr_resnet18_cifar100_bp_decov_20260513_223022_12797076,456
0.08356871019108279,bp_decov,6,taylor,results/learning_rules/resnet18_cifar100/lr_resnet18_cifar100_bp_decov_20260513_223022_12797076,456
0.03178433734939759,bp_decov,6,chip,results/learning_rules/resnet18_cifar100/lr_resnet18_cifar100_bp_decov_20260513_223022_12797076,456
0.07455655868295272,bp_decov,6,composite,results/learning_rules/resnet18_cifar100/lr_resnet18_cifar100_bp_decov_20260513_223022_12797076,456
0.11015090570058604,bp_decov,6,cluster_aware,results/learning_rules/resnet18_cifar100/lr_resnet18_cifar100_bp_decov_20260513_223022_12797076,456
0.1719523089171974,bp_decov,6,cap_ixy_hybrid_taylor,results/learning_rules/resnet18_cifar100/lr_resnet18_cifar100_bp_decov_20260513_223022_12797076,456
0.22829065817409766,bp_decov,6,composite_twoaxis_ixy_hybrid_taylor,results/learning_rules/resnet18_cifar100/lr_resnet18_cifar100_bp_decov_20260513_223022_12797076,456
0.0530177016985138,bp_decov,6,cluster_aware_stratified_twoaxis_adaptive_ixy_hybrid_taylor,results/learning_rules/resnet18_cifar100/lr_resnet18_cifar100_bp_decov_20260513_223022_12797076,456
0.06022623762376238,bp_decov,6,random,results/learning_rules/resnet18_cifar100/lr_resnet18_cifar100_bp_decov_20260513_223546_12797077,789
0.0360620294599018,bp_decov,6,magnitude,results/learning_rules/resnet18_cifar100/lr_resnet18_cifar100_bp_decov_20260513_223546_12797077,789
0.06619844621513944,bp_decov,6,taylor,results/learning_rules/resnet18_cifar100/lr_resnet18_cifar100_bp_decov_20260513_223546_12797077,789
0.0463567652697891,bp_decov,6,chip,results/learning_rules/resnet18_cifar100/lr_resnet18_cifar100_bp_decov_20260513_223546_12797077,789
0.06377672209026128,bp_decov,6,composite,results/learning_rules/resnet18_cifar100/lr_resnet18_cifar100_bp_decov_20260513_223546_12797077,789
0.061316277836691406,bp_decov,6,cluster_aware,results/learning_rules/resnet18_cifar100/lr_resnet18_cifar100_bp_decov_20260513_223546_12797077,789
0.11955568393094286,bp_decov,6,cap_ixy_hybrid_taylor,results/learning_rules/resnet18_cifar100/lr_resnet18_cifar100_bp_decov_20260513_223546_12797077,789
0.24218565737051787,bp_decov,6,composite_twoaxis_ixy_hybrid_taylor,results/learning_rules/resnet18_cifar100/lr_resnet18_cifar100_bp_decov_20260513_223546_12797077,789
0.10521713147410357,bp_decov,6,cluster_aware_stratified_twoaxis_adaptive_ixy_hybrid_taylor,results/learning_rules/resnet18_cifar100/lr_resnet18_cifar100_bp_decov_20260513_223546_12797077,789
0.029360083376758724,bp_decov,6,random,results/learning_rules/resnet18_cifar100/lr_resnet18_cifar100_bp_decov_20260513_224356_12797078,1011
0.05254278518921862,bp_decov,6,magnitude,results/learning_rules/resnet18_cifar100/lr_resnet18_cifar100_bp_decov_20260513_224356_12797078,1011
0.07455881104033969,bp_decov,6,taylor,results/learning_rules/resnet18_cifar100/lr_resnet18_cifar100_bp_decov_20260513_224356_12797078,1011
0.04381355792933444,bp_decov,6,chip,results/learning_rules/resnet18_cifar100/lr_resnet18_cifar100_bp_decov_20260513_224356_12797078,1011
0.06414532871972316,bp_decov,6,composite,results/learning_rules/resnet18_cifar100/lr_resnet18_cifar100_bp_decov_20260513_224356_12797078,1011
0.05560580404685836,bp_decov,6,cluster_aware,results/learning_rules/resnet18_cifar100/lr_resnet18_cifar100_bp_decov_20260513_224356_12797078,1011
0.13023611995753714,bp_decov,6,cap_ixy_hybrid_taylor,results/learning_rules/resnet18_cifar100/lr_resnet18_cifar100_bp_decov_20260513_224356_12797078,1011
0.21187721602972395,bp_decov,6,composite_twoaxis_ixy_hybrid_taylor,results/learning_rules/resnet18_cifar100/lr_resnet18_cifar100_bp_decov_20260513_224356_12797078,1011
0.14855502919320593,bp_decov,6,cluster_aware_stratified_twoaxis_adaptive_ixy_hybrid_taylor,results/learning_rules/resnet18_cifar100/lr_resnet18_cifar100_bp_decov_20260513_224356_12797078,1011
0.05538681948424069,bp_rtp,6,random,results/learning_rules/resnet18_cifar100/lr_resnet18_cifar100_bp_rtp_20260514_004954_12797086,42
0.040836766712141884,bp_rtp,6,magnitude,results/learning_rules/resnet18_cifar100/lr_resnet18_cifar100_bp_rtp_20260514_004954_12797086,42
0.07643085304278499,bp_rtp,6,taylor,results/learning_rules/resnet18_cifar100/lr_resnet18_cifar100_bp_rtp_20260514_004954_12797086,42
0.03861585432639649,bp_rtp,6,chip,results/learning_rules/resnet18_cifar100/lr_resnet18_cifar100_bp_rtp_20260514_004954_12797086,42
0.06481774452164617,bp_rtp,6,composite,results/learning_rules/resnet18_cifar100/lr_resnet18_cifar100_bp_rtp_20260514_004954_12797086,42
0.11616321638993035,bp_rtp,6,cluster_aware,results/learning_rules/resnet18_cifar100/lr_resnet18_cifar100_bp_rtp_20260514_004954_12797086,42
0.15873739038001594,bp_rtp,6,cap_ixy_hybrid_taylor,results/learning_rules/resnet18_cifar100/lr_resnet18_cifar100_bp_rtp_20260514_004954_12797086,42
0.22252495349455223,bp_rtp,6,composite_twoaxis_ixy_hybrid_taylor,results/learning_rules/resnet18_cifar100/lr_resnet18_cifar100_bp_rtp_20260514_004954_12797086,42
0.14068030826468245,bp_rtp,6,cluster_aware_stratified_twoaxis_adaptive_ixy_hybrid_taylor,results/learning_rules/resnet18_cifar100/lr_resnet18_cifar100_bp_rtp_20260514_004954_12797086,42
0.05611200833550404,bp_rtp,6,random,results/learning_rules/resnet18_cifar100/lr_resnet18_cifar100_bp_rtp_20260514_011340_12797087,123
0.03180751295336787,bp_rtp,6,magnitude,results/learning_rules/resnet18_cifar100/lr_resnet18_cifar100_bp_rtp_20260514_011340_12797087,123
0.07043664010624169,bp_rtp,6,taylor,results/learning_rules/resnet18_cifar100/lr_resnet18_cifar100_bp_rtp_20260514_011340_12797087,123
0.04246969614015877,bp_rtp,6,chip,results/learning_rules/resnet18_cifar100/lr_resnet18_cifar100_bp_rtp_20260514_011340_12797087,123
0.06611560095516052,bp_rtp,6,composite,results/learning_rules/resnet18_cifar100/lr_resnet18_cifar100_bp_rtp_20260514_011340_12797087,123
0.10386583088823687,bp_rtp,6,cluster_aware,results/learning_rules/resnet18_cifar100/lr_resnet18_cifar100_bp_rtp_20260514_011340_12797087,123
0.15498912350597607,bp_rtp,6,cap_ixy_hybrid_taylor,results/learning_rules/resnet18_cifar100/lr_resnet18_cifar100_bp_rtp_20260514_011340_12797087,123
0.23774666666666666,bp_rtp,6,composite_twoaxis_ixy_hybrid_taylor,results/learning_rules/resnet18_cifar100/lr_resnet18_cifar100_bp_rtp_20260514_011340_12797087,123
0.1420274900398406,bp_rtp,6,cluster_aware_stratified_twoaxis_adaptive_ixy_hybrid_taylor,results/learning_rules/resnet18_cifar100/lr_resnet18_cifar100_bp_rtp_20260514_011340_12797087,123
0.04146638874413758,bp_rtp,6,random,results/learning_rules/resnet18_cifar100/lr_resnet18_cifar100_bp_rtp_20260514_011340_12797088,456
0.03863651226158037,bp_rtp,6,magnitude,results/learning_rules/resnet18_cifar100/lr_resnet18_cifar100_bp_rtp_20260514_011340_12797088,456
0.07044856839872746,bp_rtp,6,taylor,results/learning_rules/resnet18_cifar100/lr_resnet18_cifar100_bp_rtp_20260514_011340_12797088,456
0.03744299781181619,bp_rtp,6,chip,results/learning_rules/resnet18_cifar100/lr_resnet18_cifar100_bp_rtp_20260514_011340_12797088,456
0.07979288569144684,bp_rtp,6,composite,results/learning_rules/resnet18_cifar100/lr_resnet18_cifar100_bp_rtp_20260514_011340_12797088,456
0.11757336174746932,bp_rtp,6,cluster_aware,results/learning_rules/resnet18_cifar100/lr_resnet18_cifar100_bp_rtp_20260514_011340_12797088,456
0.15240510339342522,bp_rtp,6,cap_ixy_hybrid_taylor,results/learning_rules/resnet18_cifar100/lr_resnet18_cifar100_bp_rtp_20260514_011340_12797088,456
0.2170200159066808,bp_rtp,6,composite_twoaxis_ixy_hybrid_taylor,results/learning_rules/resnet18_cifar100/lr_resnet18_cifar100_bp_rtp_20260514_011340_12797088,456
0.07371067073170731,bp_rtp,6,cluster_aware_stratified_twoaxis_adaptive_ixy_hybrid_taylor,results/learning_rules/resnet18_cifar100/lr_resnet18_cifar100_bp_rtp_20260514_011340_12797088,456
0.04922042730588849,bp_rtp,6,random,results/learning_rules/resnet18_cifar100/lr_resnet18_cifar100_bp_rtp_20260514_012152_12797089,789
0.03173416030534351,bp_rtp,6,magnitude,results/learning_rules/resnet18_cifar100/lr_resnet18_cifar100_bp_rtp_20260514_012152_12797089,789
0.07298531133581691,bp_rtp,6,taylor,results/learning_rules/resnet18_cifar100/lr_resnet18_cifar100_bp_rtp_20260514_012152_12797089,789
0.05915472214618119,bp_rtp,6,chip,results/learning_rules/resnet18_cifar100/lr_resnet18_cifar100_bp_rtp_20260514_012152_12797089,789
0.06767383876134543,bp_rtp,6,composite,results/learning_rules/resnet18_cifar100/lr_resnet18_cifar100_bp_rtp_20260514_012152_12797089,789
0.10085948321790089,bp_rtp,6,cluster_aware,results/learning_rules/resnet18_cifar100/lr_resnet18_cifar100_bp_rtp_20260514_012152_12797089,789
0.12497651676423628,bp_rtp,6,cap_ixy_hybrid_taylor,results/learning_rules/resnet18_cifar100/lr_resnet18_cifar100_bp_rtp_20260514_012152_12797089,789
0.22668914316125593,bp_rtp,6,composite_twoaxis_ixy_hybrid_taylor,results/learning_rules/resnet18_cifar100/lr_resnet18_cifar100_bp_rtp_20260514_012152_12797089,789
0.20619660723789243,bp_rtp,6,cluster_aware_stratified_twoaxis_adaptive_ixy_hybrid_taylor,results/learning_rules/resnet18_cifar100/lr_resnet18_cifar100_bp_rtp_20260514_012152_12797089,789
0.05134653465346535,bp_rtp,6,random,results/learning_rules/resnet18_cifar100/lr_resnet18_cifar100_bp_rtp_20260514_012153_12797090,1011
0.04190610687022901,bp_rtp,6,magnitude,results/learning_rules/resnet18_cifar100/lr_resnet18_cifar100_bp_rtp_20260514_012153_12797090,1011
0.07154282112526539,bp_rtp,6,taylor,results/learning_rules/resnet18_cifar100/lr_resnet18_cifar100_bp_rtp_20260514_012153_12797090,1011
0.04267830499177181,bp_rtp,6,chip,results/learning_rules/resnet18_cifar100/lr_resnet18_cifar100_bp_rtp_20260514_012153_12797090,1011
0.06092295472597299,bp_rtp,6,composite,results/learning_rules/resnet18_cifar100/lr_resnet18_cifar100_bp_rtp_20260514_012153_12797090,1011
0.09402260510910058,bp_rtp,6,cluster_aware,results/learning_rules/resnet18_cifar100/lr_resnet18_cifar100_bp_rtp_20260514_012153_12797090,1011
0.1075192144373673,bp_rtp,6,cap_ixy_hybrid_taylor,results/learning_rules/resnet18_cifar100/lr_resnet18_cifar100_bp_rtp_20260514_012153_12797090,1011
0.21819010084925688,bp_rtp,6,composite_twoaxis_ixy_hybrid_taylor,results/learning_rules/resnet18_cifar100/lr_resnet18_cifar100_bp_rtp_20260514_012153_12797090,1011
0.14872323513800426,bp_rtp,6,cluster_aware_stratified_twoaxis_adaptive_ixy_hybrid_taylor,results/learning_rules/resnet18_cifar100/lr_resnet18_cifar100_bp_rtp_20260514_012153_12797090,1011
0.05198593383693669,bp_tard,6,random,results/learning_rules/resnet18_cifar100/lr_resnet18_cifar100_bp_tard_20260513_233840_12797080,42
0.032278470139078266,bp_tard,6,magnitude,results/learning_rules/resnet18_cifar100/lr_resnet18_cifar100_bp_tard_20260513_233840_12797080,42
0.05989403560042508,bp_tard,6,taylor,results/learning_rules/resnet18_cifar100/lr_resnet18_cifar100_bp_tard_20260513_233840_12797080,42
0.04143674698795181,bp_tard,6,chip,results/learning_rules/resnet18_cifar100/lr_resnet18_cifar100_bp_tard_20260513_233840_12797080,42
0.07356756756756756,bp_tard,6,composite,results/learning_rules/resnet18_cifar100/lr_resnet18_cifar100_bp_tard_20260513_233840_12797080,42
0.08422180031864046,bp_tard,6,cluster_aware,results/learning_rules/resnet18_cifar100/lr_resnet18_cifar100_bp_tard_20260513_233840_12797080,42
0.13653784537725822,bp_tard,6,cap_ixy_hybrid_taylor,results/learning_rules/resnet18_cifar100/lr_resnet18_cifar100_bp_tard_20260513_233840_12797080,42
0.22466902231668437,bp_tard,6,composite_twoaxis_ixy_hybrid_taylor,results/learning_rules/resnet18_cifar100/lr_resnet18_cifar100_bp_tard_20260513_233840_12797080,42
0.14743189426142403,bp_tard,6,cluster_aware_stratified_twoaxis_adaptive_ixy_hybrid_taylor,results/learning_rules/resnet18_cifar100/lr_resnet18_cifar100_bp_tard_20260513_233840_12797080,42
0.05981297212815837,bp_tard,6,random,results/learning_rules/resnet18_cifar100/lr_resnet18_cifar100_bp_tard_20260513_233851_12797082,123
0.031555225102319236,bp_tard,6,magnitude,results/learning_rules/resnet18_cifar100/lr_resnet18_cifar100_bp_tard_20260513_233851_12797082,123
0.07427381015687318,bp_tard,6,taylor,results/learning_rules/resnet18_cifar100/lr_resnet18_cifar100_bp_tard_20260513_233851_12797082,123
0.04386979166666667,bp_tard,6,chip,results/learning_rules/resnet18_cifar100/lr_resnet18_cifar100_bp_tard_20260513_233851_12797082,123
0.07649774715080837,bp_tard,6,composite,results/learning_rules/resnet18_cifar100/lr_resnet18_cifar100_bp_tard_20260513_233851_12797082,123
0.10926989701610773,bp_tard,6,cluster_aware,results/learning_rules/resnet18_cifar100/lr_resnet18_cifar100_bp_tard_20260513_233851_12797082,123
0.16396946290880085,bp_tard,6,cap_ixy_hybrid_taylor,results/learning_rules/resnet18_cifar100/lr_resnet18_cifar100_bp_tard_20260513_233851_12797082,123
0.2174130018612071,bp_tard,6,composite_twoaxis_ixy_hybrid_taylor,results/learning_rules/resnet18_cifar100/lr_resnet18_cifar100_bp_tard_20260513_233851_12797082,123
0.15391792076575378,bp_tard,6,cluster_aware_stratified_twoaxis_adaptive_ixy_hybrid_taylor,results/learning_rules/resnet18_cifar100/lr_resnet18_cifar100_bp_tard_20260513_233851_12797082,123
0.04944554455445545,bp_tard,6,random,results/learning_rules/resnet18_cifar100/lr_resnet18_cifar100_bp_tard_20260514_000205_12797083,456
0.04356536996735583,bp_tard,6,magnitude,results/learning_rules/resnet18_cifar100/lr_resnet18_cifar100_bp_tard_20260514_000205_12797083,456
0.07470227514635444,bp_tard,6,taylor,results/learning_rules/resnet18_cifar100/lr_resnet18_cifar100_bp_tard_20260514_000205_12797083,456
0.038484529025191686,bp_tard,6,chip,results/learning_rules/resnet18_cifar100/lr_resnet18_cifar100_bp_tard_20260514_000205_12797083,456
0.08514535345512314,bp_tard,6,composite,results/learning_rules/resnet18_cifar100/lr_resnet18_cifar100_bp_tard_20260514_000205_12797083,456
0.11809663754302356,bp_tard,6,cluster_aware,results/learning_rules/resnet18_cifar100/lr_resnet18_cifar100_bp_tard_20260514_000205_12797083,456
0.16116029803086745,bp_tard,6,cap_ixy_hybrid_taylor,results/learning_rules/resnet18_cifar100/lr_resnet18_cifar100_bp_tard_20260514_000205_12797083,456
0.23111154869611492,bp_tard,6,composite_twoaxis_ixy_hybrid_taylor,results/learning_rules/resnet18_cifar100/lr_resnet18_cifar100_bp_tard_20260514_000205_12797083,456
0.14676093666844062,bp_tard,6,cluster_aware_stratified_twoaxis_adaptive_ixy_hybrid_taylor,results/learning_rules/resnet18_cifar100/lr_resnet18_cifar100_bp_tard_20260514_000205_12797083,456
0.04724439812402293,bp_tard,6,random,results/learning_rules/resnet18_cifar100/lr_resnet18_cifar100_bp_tard_20260514_000701_12797084,789
0.03814869102808835,bp_tard,6,magnitude,results/learning_rules/resnet18_cifar100/lr_resnet18_cifar100_bp_tard_20260514_000701_12797084,789
0.06067653088391906,bp_tard,6,taylor,results/learning_rules/resnet18_cifar100/lr_resnet18_cifar100_bp_tard_20260514_000701_12797084,789
0.04744031772117228,bp_tard,6,chip,results/learning_rules/resnet18_cifar100/lr_resnet18_cifar100_bp_tard_20260514_000701_12797084,789
0.070116285258116,bp_tard,6,composite,results/learning_rules/resnet18_cifar100/lr_resnet18_cifar100_bp_tard_20260514_000701_12797084,789
0.11423777246145664,bp_tard,6,cluster_aware,results/learning_rules/resnet18_cifar100/lr_resnet18_cifar100_bp_tard_20260514_000701_12797084,789
0.18923233493077743,bp_tard,6,cap_ixy_hybrid_taylor,results/learning_rules/resnet18_cifar100/lr_resnet18_cifar100_bp_tard_20260514_000701_12797084,789
0.23440274227902022,bp_tard,6,composite_twoaxis_ixy_hybrid_taylor,results/learning_rules/resnet18_cifar100/lr_resnet18_cifar100_bp_tard_20260514_000701_12797084,789
0.16899822949946755,bp_tard,6,cluster_aware_stratified_twoaxis_adaptive_ixy_hybrid_taylor,results/learning_rules/resnet18_cifar100/lr_resnet18_cifar100_bp_tard_20260514_000701_12797084,789
0.04748202188639916,bp_tard,6,random,results/learning_rules/resnet18_cifar100/lr_resnet18_cifar100_bp_tard_20260514_001500_12797085,1011
0.03647253405994551,bp_tard,6,magnitude,results/learning_rules/resnet18_cifar100/lr_resnet18_cifar100_bp_tard_20260514_001500_12797085,1011
0.07036334041987775,bp_tard,6,taylor,results/learning_rules/resnet18_cifar100/lr_resnet18_cifar100_bp_tard_20260514_001500_12797085,1011
0.0488716557017544,bp_tard,6,chip,results/learning_rules/resnet18_cifar100/lr_resnet18_cifar100_bp_tard_20260514_001500_12797085,1011
0.054464283809015746,bp_tard,6,composite,results/learning_rules/resnet18_cifar100/lr_resnet18_cifar100_bp_tard_20260514_001500_12797085,1011
0.09725910304324611,bp_tard,6,cluster_aware,results/learning_rules/resnet18_cifar100/lr_resnet18_cifar100_bp_tard_20260514_001500_12797085,1011
0.14551966516077597,bp_tard,6,cap_ixy_hybrid_taylor,results/learning_rules/resnet18_cifar100/lr_resnet18_cifar100_bp_tard_20260514_001500_12797085,1011
0.20176930640446453,bp_tard,6,composite_twoaxis_ixy_hybrid_taylor,results/learning_rules/resnet18_cifar100/lr_resnet18_cifar100_bp_tard_20260514_001500_12797085,1011
0.09028220834440606,bp_tard,6,cluster_aware_stratified_twoaxis_adaptive_ixy_hybrid_taylor,results/learning_rules/resnet18_cifar100/lr_resnet18_cifar100_bp_tard_20260514_001500_12797085,1011
0.02236879073135409,bp_antidecouple,6,magnitude,results/learning_rules/resnet18_cifar100/resnet18_cifar100_bp_antidecouple_w0p35_lam0p3_e100_20260517_182358_13534867,42
0.031377829181494656,bp_antidecouple,6,taylor,results/learning_rules/resnet18_cifar100/resnet18_cifar100_bp_antidecouple_w0p35_lam0p3_e100_20260517_182358_13534867,42
0.03477987421383647,bp_antidecouple,6,composite,results/learning_rules/resnet18_cifar100/resnet18_cifar100_bp_antidecouple_w0p35_lam0p3_e100_20260517_182358_13534867,42
0.11664558718861211,bp_antidecouple,6,cap_ixy_hybrid_taylor,results/learning_rules/resnet18_cifar100/resnet18_cifar100_bp_antidecouple_w0p35_lam0p3_e100_20260517_182358_13534867,42
0.14513548042704627,bp_antidecouple,6,composite_twoaxis_ixy_hybrid_taylor,results/learning_rules/resnet18_cifar100/resnet18_cifar100_bp_antidecouple_w0p35_lam0p3_e100_20260517_182358_13534867,42
0.029191721132897606,bp_antidecouple,6,magnitude,results/learning_rules/resnet18_cifar100/resnet18_cifar100_bp_antidecouple_w0p35_lam0p3_e100_20260517_182419_13534869,123
0.041632348754448406,bp_antidecouple,6,taylor,results/learning_rules/resnet18_cifar100/resnet18_cifar100_bp_antidecouple_w0p35_lam0p3_e100_20260517_182419_13534869,123
0.04346461107217938,bp_antidecouple,6,composite,results/learning_rules/resnet18_cifar100/resnet18_cifar100_bp_antidecouple_w0p35_lam0p3_e100_20260517_182419_13534869,123
0.12689814152966403,bp_antidecouple,6,cap_ixy_hybrid_taylor,results/learning_rules/resnet18_cifar100/resnet18_cifar100_bp_antidecouple_w0p35_lam0p3_e100_20260517_182419_13534869,123
0.15090686204431733,bp_antidecouple,6,composite_twoaxis_ixy_hybrid_taylor,results/learning_rules/resnet18_cifar100/resnet18_cifar100_bp_antidecouple_w0p35_lam0p3_e100_20260517_182419_13534869,123
0.03868303183791607,bp_antidecouple,6,magnitude,results/learning_rules/resnet18_cifar100/resnet18_cifar100_bp_antidecouple_w0p35_lam0p3_e100_20260517_182432_13534871,456
0.03532238805970149,bp_antidecouple,6,taylor,results/learning_rules/resnet18_cifar100/resnet18_cifar100_bp_antidecouple_w0p35_lam0p3_e100_20260517_182432_13534871,456
0.047353478566408994,bp_antidecouple,6,composite,results/learning_rules/resnet18_cifar100/resnet18_cifar100_bp_antidecouple_w0p35_lam0p3_e100_20260517_182432_13534871,456
0.1240079885877318,bp_antidecouple,6,cap_ixy_hybrid_taylor,results/learning_rules/resnet18_cifar100/resnet18_cifar100_bp_antidecouple_w0p35_lam0p3_e100_20260517_182432_13534871,456
0.1379175106990014,bp_antidecouple,6,composite_twoaxis_ixy_hybrid_taylor,results/learning_rules/resnet18_cifar100/resnet18_cifar100_bp_antidecouple_w0p35_lam0p3_e100_20260517_182432_13534871,456
0.03502610114192496,bp_antidecouple,6,magnitude,results/learning_rules/resnet18_cifar100/resnet18_cifar100_bp_antidecouple_w0p5_lam0p3_e100_20260517_182433_13534873,42
0.054768293333333336,bp_antidecouple,6,taylor,results/learning_rules/resnet18_cifar100/resnet18_cifar100_bp_antidecouple_w0p5_lam0p3_e100_20260517_182433_13534873,42
0.059983157894736835,bp_antidecouple,6,composite,results/learning_rules/resnet18_cifar100/resnet18_cifar100_bp_antidecouple_w0p5_lam0p3_e100_20260517_182433_13534873,42
0.11140578666666669,bp_antidecouple,6,cap_ixy_hybrid_taylor,results/learning_rules/resnet18_cifar100/resnet18_cifar100_bp_antidecouple_w0p5_lam0p3_e100_20260517_182433_13534873,42
0.15628661333333335,bp_antidecouple,6,composite_twoaxis_ixy_hybrid_taylor,results/learning_rules/resnet18_cifar100/resnet18_cifar100_bp_antidecouple_w0p5_lam0p3_e100_20260517_182433_13534873,42
0.06078478674273296,bp_antidecouple,6,magnitude,results/learning_rules/resnet18_cifar100/resnet18_cifar100_bp_antidecouple_w1_lam0p3_e100_20260517_182213_13534657,123
0.07452690463505593,bp_antidecouple,6,taylor,results/learning_rules/resnet18_cifar100/resnet18_cifar100_bp_antidecouple_w1_lam0p3_e100_20260517_182213_13534657,123
0.06247404299947562,bp_antidecouple,6,composite,results/learning_rules/resnet18_cifar100/resnet18_cifar100_bp_antidecouple_w1_lam0p3_e100_20260517_182213_13534657,123
0.16261310602024504,bp_antidecouple,6,cap_ixy_hybrid_taylor,results/learning_rules/resnet18_cifar100/resnet18_cifar100_bp_antidecouple_w1_lam0p3_e100_20260517_182213_13534657,123
0.21743183271177408,bp_antidecouple,6,composite_twoaxis_ixy_hybrid_taylor,results/learning_rules/resnet18_cifar100/resnet18_cifar100_bp_antidecouple_w1_lam0p3_e100_20260517_182213_13534657,123
0.042911883468834684,bp_antidecouple,6,magnitude,results/learning_rules/resnet18_cifar100/resnet18_cifar100_bp_antidecouple_w1_lam0p3_e100_20260517_182256_13534679,456
0.06897879914984059,bp_antidecouple,6,taylor,results/learning_rules/resnet18_cifar100/resnet18_cifar100_bp_antidecouple_w1_lam0p3_e100_20260517_182256_13534679,456
0.07632074258724744,bp_antidecouple,6,composite,results/learning_rules/resnet18_cifar100/resnet18_cifar100_bp_antidecouple_w1_lam0p3_e100_20260517_182256_13534679,456
0.1259738841657811,bp_antidecouple,6,cap_ixy_hybrid_taylor,results/learning_rules/resnet18_cifar100/resnet18_cifar100_bp_antidecouple_w1_lam0p3_e100_20260517_182256_13534679,456
0.1932752258235919,bp_antidecouple,6,composite_twoaxis_ixy_hybrid_taylor,results/learning_rules/resnet18_cifar100/resnet18_cifar100_bp_antidecouple_w1_lam0p3_e100_20260517_182256_13534679,456
0.04953472599023331,bp_antidecouple,6,magnitude,results/learning_rules/resnet18_cifar100/resnet18_cifar100_bp_antidecouple_w1_lam0p3_e100_20260517_182258_13534655,42
0.07028166002656042,bp_antidecouple,6,taylor,results/learning_rules/resnet18_cifar100/resnet18_cifar100_bp_antidecouple_w1_lam0p3_e100_20260517_182258_13534655,42
0.07042653329823635,bp_antidecouple,6,composite,results/learning_rules/resnet18_cifar100/resnet18_cifar100_bp_antidecouple_w1_lam0p3_e100_20260517_182258_13534655,42
0.079557197875166,bp_antidecouple,6,cap_ixy_hybrid_taylor,results/learning_rules/resnet18_cifar100/resnet18_cifar100_bp_antidecouple_w1_lam0p3_e100_20260517_182258_13534655,42
0.18630116865869853,bp_antidecouple,6,composite_twoaxis_ixy_hybrid_taylor,results/learning_rules/resnet18_cifar100/resnet18_cifar100_bp_antidecouple_w1_lam0p3_e100_20260517_182258_13534655,42
0.015541348158443364,bp,6,random,results/learning_rules/resnet18_cifar100/resnet18_cifar100_bp_baseline_w0p35_e100_20260515_004055_12988834,42
0.03601232827187275,bp,6,magnitude,results/learning_rules/resnet18_cifar100/resnet18_cifar100_bp_baseline_w0p35_e100_20260515_004055_12988834,42
0.03575078180525941,bp,6,taylor,results/learning_rules/resnet18_cifar100/resnet18_cifar100_bp_baseline_w0p35_e100_20260515_004055_12988834,42
0.02104472140762463,bp,6,chip,results/learning_rules/resnet18_cifar100/resnet18_cifar100_bp_baseline_w0p35_e100_20260515_004055_12988834,42
0.029124210526315787,bp,6,composite,results/learning_rules/resnet18_cifar100/resnet18_cifar100_bp_baseline_w0p35_e100_20260515_004055_12988834,42
0.06515189873417722,bp,6,cluster_aware,results/learning_rules/resnet18_cifar100/resnet18_cifar100_bp_baseline_w0p35_e100_20260515_004055_12988834,42
0.07837752489331436,bp,6,cap_ixy_hybrid_taylor,results/learning_rules/resnet18_cifar100/resnet18_cifar100_bp_baseline_w0p35_e100_20260515_004055_12988834,42
0.1397612375533428,bp,6,composite_twoaxis_ixy_hybrid_taylor,results/learning_rules/resnet18_cifar100/resnet18_cifar100_bp_baseline_w0p35_e100_20260515_004055_12988834,42
0.11945156472261735,bp,6,cluster_aware_stratified_twoaxis_adaptive_ixy_hybrid_taylor,results/learning_rules/resnet18_cifar100/resnet18_cifar100_bp_baseline_w0p35_e100_20260515_004055_12988834,42
0.017227557411273485,bp,6,random,results/learning_rules/resnet18_cifar100/resnet18_cifar100_bp_baseline_w0p35_e100_20260515_004702_12988836,123
0.02730010893246188,bp,6,magnitude,results/learning_rules/resnet18_cifar100/resnet18_cifar100_bp_baseline_w0p35_e100_20260515_004702_12988836,123
0.03370382978723404,bp,6,taylor,results/learning_rules/resnet18_cifar100/resnet18_cifar100_bp_baseline_w0p35_e100_20260515_004702_12988836,123
0.020252898019075566,bp,6,chip,results/learning_rules/resnet18_cifar100/resnet18_cifar100_bp_baseline_w0p35_e100_20260515_004702_12988836,123
0.05418867924528302,bp,6,composite,results/learning_rules/resnet18_cifar100/resnet18_cifar100_bp_baseline_w0p35_e100_20260515_004702_12988836,123
0.0702648951048951,bp,6,cluster_aware,results/learning_rules/resnet18_cifar100/resnet18_cifar100_bp_baseline_w0p35_e100_20260515_004702_12988836,123
0.09118566359119942,bp,6,cap_ixy_hybrid_taylor,results/learning_rules/resnet18_cifar100/resnet18_cifar100_bp_baseline_w0p35_e100_20260515_004702_12988836,123
0.14451245564229953,bp,6,composite_twoaxis_ixy_hybrid_taylor,results/learning_rules/resnet18_cifar100/resnet18_cifar100_bp_baseline_w0p35_e100_20260515_004702_12988836,123
0.11938310858765082,bp,6,cluster_aware_stratified_twoaxis_adaptive_ixy_hybrid_taylor,results/learning_rules/resnet18_cifar100/resnet18_cifar100_bp_baseline_w0p35_e100_20260515_004702_12988836,123
0.01803616133518776,bp,6,random,results/learning_rules/resnet18_cifar100/resnet18_cifar100_bp_baseline_w0p35_lam0p3_e100_20260515_163735_13121603,456
0.0265649854862119,bp,6,magnitude,results/learning_rules/resnet18_cifar100/resnet18_cifar100_bp_baseline_w0p35_lam0p3_e100_20260515_163735_13121603,456
0.024754406538734897,bp,6,taylor,results/learning_rules/resnet18_cifar100/resnet18_cifar100_bp_baseline_w0p35_lam0p3_e100_20260515_163735_13121603,456
0.019670579603815113,bp,6,chip,results/learning_rules/resnet18_cifar100/resnet18_cifar100_bp_baseline_w0p35_lam0p3_e100_20260515_163735_13121603,456
0.0502135785007072,bp,6,composite,results/learning_rules/resnet18_cifar100/resnet18_cifar100_bp_baseline_w0p35_lam0p3_e100_20260515_163735_13121603,456
0.08272709219858156,bp,6,cluster_aware,results/learning_rules/resnet18_cifar100/resnet18_cifar100_bp_baseline_w0p35_lam0p3_e100_20260515_163735_13121603,456
0.09770656960227274,bp,6,cap_ixy_hybrid_taylor,results/learning_rules/resnet18_cifar100/resnet18_cifar100_bp_baseline_w0p35_lam0p3_e100_20260515_163735_13121603,456
0.16968334517045455,bp,6,composite_twoaxis_ixy_hybrid_taylor,results/learning_rules/resnet18_cifar100/resnet18_cifar100_bp_baseline_w0p35_lam0p3_e100_20260515_163735_13121603,456
0.10582020596590909,bp,6,cluster_aware_stratified_twoaxis_adaptive_ixy_hybrid_taylor,results/learning_rules/resnet18_cifar100/resnet18_cifar100_bp_baseline_w0p35_lam0p3_e100_20260515_163735_13121603,456
0.02788726513569937,bp,6,random,results/learning_rules/resnet18_cifar100/resnet18_cifar100_bp_baseline_w0p35_lam0p3_e100_20260515_165525_13121604,789
0.03345800144822593,bp,6,magnitude,results/learning_rules/resnet18_cifar100/resnet18_cifar100_bp_baseline_w0p35_lam0p3_e100_20260515_165525_13121604,789
0.03395574875798439,bp,6,taylor,results/learning_rules/resnet18_cifar100/resnet18_cifar100_bp_baseline_w0p35_lam0p3_e100_20260515_165525_13121604,789
0.022612619222303742,bp,6,chip,results/learning_rules/resnet18_cifar100/resnet18_cifar100_bp_baseline_w0p35_lam0p3_e100_20260515_165525_13121604,789
0.0254608938547486,bp,6,composite,results/learning_rules/resnet18_cifar100/resnet18_cifar100_bp_baseline_w0p35_lam0p3_e100_20260515_165525_13121604,789
0.02393267882187938,bp,6,cluster_aware,results/learning_rules/resnet18_cifar100/resnet18_cifar100_bp_baseline_w0p35_lam0p3_e100_20260515_165525_13121604,789
0.09501448398576513,bp,6,cap_ixy_hybrid_taylor,results/learning_rules/resnet18_cifar100/resnet18_cifar100_bp_baseline_w0p35_lam0p3_e100_20260515_165525_13121604,789
0.1606920284697509,bp,6,composite_twoaxis_ixy_hybrid_taylor,results/learning_rules/resnet18_cifar100/resnet18_cifar100_bp_baseline_w0p35_lam0p3_e100_20260515_165525_13121604,789
0.14881014234875445,bp,6,cluster_aware_stratified_twoaxis_adaptive_ixy_hybrid_taylor,results/learning_rules/resnet18_cifar100/resnet18_cifar100_bp_baseline_w0p35_lam0p3_e100_20260515_165525_13121604,789
0.019559748427672958,bp,6,random,results/learning_rules/resnet18_cifar100/resnet18_cifar100_bp_baseline_w0p35_lam0p3_e100_20260515_165620_13121605,1011
0.040114275362318846,bp,6,magnitude,results/learning_rules/resnet18_cifar100/resnet18_cifar100_bp_baseline_w0p35_lam0p3_e100_20260515_165620_13121605,1011
0.03377321048901489,bp,6,taylor,results/learning_rules/resnet18_cifar100/resnet18_cifar100_bp_baseline_w0p35_lam0p3_e100_20260515_165620_13121605,1011
0.020273589743589743,bp,6,chip,results/learning_rules/resnet18_cifar100/resnet18_cifar100_bp_baseline_w0p35_lam0p3_e100_20260515_165620_13121605,1011
0.04346478873239437,bp,6,composite,results/learning_rules/resnet18_cifar100/resnet18_cifar100_bp_baseline_w0p35_lam0p3_e100_20260515_165620_13121605,1011
0.06413705137227305,bp,6,cluster_aware,results/learning_rules/resnet18_cifar100/resnet18_cifar100_bp_baseline_w0p35_lam0p3_e100_20260515_165620_13121605,1011
0.09952914893617018,bp,6,cap_ixy_hybrid_taylor,results/learning_rules/resnet18_cifar100/resnet18_cifar100_bp_baseline_w0p35_lam0p3_e100_20260515_165620_13121605,1011
0.1536658865248227,bp,6,composite_twoaxis_ixy_hybrid_taylor,results/learning_rules/resnet18_cifar100/resnet18_cifar100_bp_baseline_w0p35_lam0p3_e100_20260515_165620_13121605,1011
0.11105996453900707,bp,6,cluster_aware_stratified_twoaxis_adaptive_ixy_hybrid_taylor,results/learning_rules/resnet18_cifar100/resnet18_cifar100_bp_baseline_w0p35_lam0p3_e100_20260515_165620_13121605,1011
0.035888483585200616,bp,6,random,results/learning_rules/resnet18_cifar100/resnet18_cifar100_bp_baseline_w0p5_e100_20260515_002850_12988797,42
0.037261316648531,bp,6,magnitude,results/learning_rules/resnet18_cifar100/resnet18_cifar100_bp_baseline_w0p5_e100_20260515_002850_12988797,42
0.04669081469648562,bp,6,taylor,results/learning_rules/resnet18_cifar100/resnet18_cifar100_bp_baseline_w0p5_e100_20260515_002850_12988797,42
0.026332472527472527,bp,6,chip,results/learning_rules/resnet18_cifar100/resnet18_cifar100_bp_baseline_w0p5_e100_20260515_002850_12988797,42
0.05571911298838437,bp,6,composite,results/learning_rules/resnet18_cifar100/resnet18_cifar100_bp_baseline_w0p5_e100_20260515_002850_12988797,42
0.0654246430460074,bp,6,cluster_aware,results/learning_rules/resnet18_cifar100/resnet18_cifar100_bp_baseline_w0p5_e100_20260515_002850_12988797,42
0.1278866879659212,bp,6,cap_ixy_hybrid_taylor,results/learning_rules/resnet18_cifar100/resnet18_cifar100_bp_baseline_w0p5_e100_20260515_002850_12988797,42
0.17835689563365284,bp,6,composite_twoaxis_ixy_hybrid_taylor,results/learning_rules/resnet18_cifar100/resnet18_cifar100_bp_baseline_w0p5_e100_20260515_002850_12988797,42
0.15956746538871142,bp,6,cluster_aware_stratified_twoaxis_adaptive_ixy_hybrid_taylor,results/learning_rules/resnet18_cifar100/resnet18_cifar100_bp_baseline_w0p5_e100_20260515_002850_12988797,42
0.02408450704225352,bp,6,random,results/learning_rules/resnet18_cifar100/resnet18_cifar100_bp_baseline_w0p5_e100_20260515_002928_12988811,123
0.02941150081566068,bp,6,magnitude,results/learning_rules/resnet18_cifar100/resnet18_cifar100_bp_baseline_w0p5_e100_20260515_002928_12988811,123
0.04017270544290288,bp,6,taylor,results/learning_rules/resnet18_cifar100/resnet18_cifar100_bp_baseline_w0p5_e100_20260515_002928_12988811,123
0.03831348160351455,bp,6,chip,results/learning_rules/resnet18_cifar100/resnet18_cifar100_bp_baseline_w0p5_e100_20260515_002928_12988811,123
0.0409910290237467,bp,6,composite,results/learning_rules/resnet18_cifar100/resnet18_cifar100_bp_baseline_w0p5_e100_20260515_002928_12988811,123
0.0877217758985201,bp,6,cluster_aware,results/learning_rules/resnet18_cifar100/resnet18_cifar100_bp_baseline_w0p5_e100_20260515_002928_12988811,123
0.0935051494130203,bp,6,cap_ixy_hybrid_taylor,results/learning_rules/resnet18_cifar100/resnet18_cifar100_bp_baseline_w0p5_e100_20260515_002928_12988811,123
0.19666195304162218,bp,6,composite_twoaxis_ixy_hybrid_taylor,results/learning_rules/resnet18_cifar100/resnet18_cifar100_bp_baseline_w0p5_e100_20260515_002928_12988811,123
0.16758151013874065,bp,6,cluster_aware_stratified_twoaxis_adaptive_ixy_hybrid_taylor,results/learning_rules/resnet18_cifar100/resnet18_cifar100_bp_baseline_w0p5_e100_20260515_002928_12988811,123
0.017428869202709744,bp,6,random,results/learning_rules/resnet18_cifar100/resnet18_cifar100_bp_baseline_w0p5_lam0p3_e100_20260515_165902_13121606,456
0.03539733405875952,bp,6,magnitude,results/learning_rules/resnet18_cifar100/resnet18_cifar100_bp_baseline_w0p5_lam0p3_e100_20260515_165902_13121606,456
0.04209659211927582,bp,6,taylor,results/learning_rules/resnet18_cifar100/resnet18_cifar100_bp_baseline_w0p5_lam0p3_e100_20260515_165902_13121606,456
0.042677447744774465,bp,6,chip,results/learning_rules/resnet18_cifar100/resnet18_cifar100_bp_baseline_w0p5_lam0p3_e100_20260515_165902_13121606,456
0.03165052631578947,bp,6,composite,results/learning_rules/resnet18_cifar100/resnet18_cifar100_bp_baseline_w0p5_lam0p3_e100_20260515_165902_13121606,456
0.08361790808240888,bp,6,cluster_aware,results/learning_rules/resnet18_cifar100/resnet18_cifar100_bp_baseline_w0p5_lam0p3_e100_20260515_165902_13121606,456
0.13532441427050051,bp,6,cap_ixy_hybrid_taylor,results/learning_rules/resnet18_cifar100/resnet18_cifar100_bp_baseline_w0p5_lam0p3_e100_20260515_165902_13121606,456
0.17589033546325883,bp,6,composite_twoaxis_ixy_hybrid_taylor,results/learning_rules/resnet18_cifar100/resnet18_cifar100_bp_baseline_w0p5_lam0p3_e100_20260515_165902_13121606,456
0.17161293929712462,bp,6,cluster_aware_stratified_twoaxis_adaptive_ixy_hybrid_taylor,results/learning_rules/resnet18_cifar100/resnet18_cifar100_bp_baseline_w0p5_lam0p3_e100_20260515_165902_13121606,456
0.04699530516431924,bp,6,random,results/learning_rules/resnet18_cifar100/resnet18_cifar100_bp_baseline_w0p5_lam0p3_e100_20260515_165902_13121607,789
0.026549483414899402,bp,6,magnitude,results/learning_rules/resnet18_cifar100/resnet18_cifar100_bp_baseline_w0p5_lam0p3_e100_20260515_165902_13121607,789
0.04522106382978723,bp,6,taylor,results/learning_rules/resnet18_cifar100/resnet18_cifar100_bp_baseline_w0p5_lam0p3_e100_20260515_165902_13121607,789
0.032696342134213414,bp,6,chip,results/learning_rules/resnet18_cifar100/resnet18_cifar100_bp_baseline_w0p5_lam0p3_e100_20260515_165902_13121607,789
0.05138399681528661,bp,6,composite,results/learning_rules/resnet18_cifar100/resnet18_cifar100_bp_baseline_w0p5_lam0p3_e100_20260515_165902_13121607,789
0.07293497876857748,bp,6,cluster_aware,results/learning_rules/resnet18_cifar100/resnet18_cifar100_bp_baseline_w0p5_lam0p3_e100_20260515_165902_13121607,789
0.11033840425531917,bp,6,cap_ixy_hybrid_taylor,results/learning_rules/resnet18_cifar100/resnet18_cifar100_bp_baseline_w0p5_lam0p3_e100_20260515_165902_13121607,789
0.1906842021276596,bp,6,composite_twoaxis_ixy_hybrid_taylor,results/learning_rules/resnet18_cifar100/resnet18_cifar100_bp_baseline_w0p5_lam0p3_e100_20260515_165902_13121607,789
0.1607163563829787,bp,6,cluster_aware_stratified_twoaxis_adaptive_ixy_hybrid_taylor,results/learning_rules/resnet18_cifar100/resnet18_cifar100_bp_baseline_w0p5_lam0p3_e100_20260515_165902_13121607,789
0.03416317991631799,bp,6,random,results/learning_rules/resnet18_cifar100/resnet18_cifar100_bp_baseline_w0p5_lam0p3_e100_20260515_171316_13121608,1011
0.02665215024496461,bp,6,magnitude,results/learning_rules/resnet18_cifar100/resnet18_cifar100_bp_baseline_w0p5_lam0p3_e100_20260515_171316_13121608,1011
0.04503514376996805,bp,6,taylor,results/learning_rules/resnet18_cifar100/resnet18_cifar100_bp_baseline_w0p5_lam0p3_e100_20260515_171316_13121608,1011
0.03500470038482682,bp,6,chip,results/learning_rules/resnet18_cifar100/resnet18_cifar100_bp_baseline_w0p5_lam0p3_e100_20260515_171316_13121608,1011
0.03638603913273399,bp,6,composite,results/learning_rules/resnet18_cifar100/resnet18_cifar100_bp_baseline_w0p5_lam0p3_e100_20260515_171316_13121608,1011
0.06188987274655355,bp,6,cluster_aware,results/learning_rules/resnet18_cifar100/resnet18_cifar100_bp_baseline_w0p5_lam0p3_e100_20260515_171316_13121608,1011
0.09826214057507988,bp,6,cap_ixy_hybrid_taylor,results/learning_rules/resnet18_cifar100/resnet18_cifar100_bp_baseline_w0p5_lam0p3_e100_20260515_171316_13121608,1011
0.17428138977635782,bp,6,composite_twoaxis_ixy_hybrid_taylor,results/learning_rules/resnet18_cifar100/resnet18_cifar100_bp_baseline_w0p5_lam0p3_e100_20260515_171316_13121608,1011
0.1849449946751864,bp,6,cluster_aware_stratified_twoaxis_adaptive_ixy_hybrid_taylor,results/learning_rules/resnet18_cifar100/resnet18_cifar100_bp_baseline_w0p5_lam0p3_e100_20260515_171316_13121608,1011
0.027349927588703842,bp,6,magnitude,results/learning_rules/resnet18_cifar100/resnet18_cifar100_bp_gradproj_w0p35_e100_20260516_162949_13307931,42
0.028344871794871798,bp,6,taylor,results/learning_rules/resnet18_cifar100/resnet18_cifar100_bp_gradproj_w0p35_e100_20260516_162949_13307931,42
0.01580238262088297,bp,6,composite,results/learning_rules/resnet18_cifar100/resnet18_cifar100_bp_gradproj_w0p35_e100_20260516_162949_13307931,42
0.043216725228390734,bp,6,cluster_aware,results/learning_rules/resnet18_cifar100/resnet18_cifar100_bp_gradproj_w0p35_e100_20260516_162949_13307931,42
0.07887612580414582,bp,6,cap_ixy_hybrid_taylor,results/learning_rules/resnet18_cifar100/resnet18_cifar100_bp_gradproj_w0p35_e100_20260516_162949_13307931,42
0.14989403145103644,bp,6,composite_twoaxis_ixy_hybrid_taylor,results/learning_rules/resnet18_cifar100/resnet18_cifar100_bp_gradproj_w0p35_e100_20260516_162949_13307931,42
0.022915577342047935,bp,6,magnitude,results/learning_rules/resnet18_cifar100/resnet18_cifar100_bp_gradproj_w0p35_e100_20260516_162949_13307933,123
0.02771163120567376,bp,6,taylor,results/learning_rules/resnet18_cifar100/resnet18_cifar100_bp_gradproj_w0p35_e100_20260516_162949_13307933,123
0.01780252100840336,bp,6,composite,results/learning_rules/resnet18_cifar100/resnet18_cifar100_bp_gradproj_w0p35_e100_20260516_162949_13307933,123
0.03295597484276729,bp,6,cluster_aware,results/learning_rules/resnet18_cifar100/resnet18_cifar100_bp_gradproj_w0p35_e100_20260516_162949_13307933,123
0.10579302987197724,bp,6,cap_ixy_hybrid_taylor,results/learning_rules/resnet18_cifar100/resnet18_cifar100_bp_gradproj_w0p35_e100_20260516_162949_13307933,123
0.13120192034139402,bp,6,composite_twoaxis_ixy_hybrid_taylor,results/learning_rules/resnet18_cifar100/resnet18_cifar100_bp_gradproj_w0p35_e100_20260516_162949_13307933,123
0.038725054229934934,bp,6,magnitude,results/learning_rules/resnet18_cifar100/resnet18_cifar100_bp_gradproj_w0p35_e100_20260516_163058_13307934,456
0.035021723646723645,bp,6,taylor,results/learning_rules/resnet18_cifar100/resnet18_cifar100_bp_gradproj_w0p35_e100_20260516_163058_13307934,456
0.0120251572327044,bp,6,composite,results/learning_rules/resnet18_cifar100/resnet18_cifar100_bp_gradproj_w0p35_e100_20260516_163058_13307934,456
0.02040210378681627,bp,6,cluster_aware,results/learning_rules/resnet18_cifar100/resnet18_cifar100_bp_gradproj_w0p35_e100_20260516_163058_13307934,456
0.08867772630078401,bp,6,cap_ixy_hybrid_taylor,results/learning_rules/resnet18_cifar100/resnet18_cifar100_bp_gradproj_w0p35_e100_20260516_163058_13307934,456
0.16547277263007837,bp,6,composite_twoaxis_ixy_hybrid_taylor,results/learning_rules/resnet18_cifar100/resnet18_cifar100_bp_gradproj_w0p35_e100_20260516_163058_13307934,456
0.028391751085383495,bp,6,magnitude,results/learning_rules/resnet18_cifar100/resnet18_cifar100_bp_gradproj_w0p35_e100_20260516_170327_13307941,42
0.038450746268656716,bp,6,taylor,results/learning_rules/resnet18_cifar100/resnet18_cifar100_bp_gradproj_w0p35_e100_20260516_170327_13307941,42
0.032502264808362366,bp,6,composite,results/learning_rules/resnet18_cifar100/resnet18_cifar100_bp_gradproj_w0p35_e100_20260516_170327_13307941,42
0.06722950245269797,bp,6,cluster_aware,results/learning_rules/resnet18_cifar100/resnet18_cifar100_bp_gradproj_w0p35_e100_20260516_170327_13307941,42
0.0798669521770164,bp,6,cap_ixy_hybrid_taylor,results/learning_rules/resnet18_cifar100/resnet18_cifar100_bp_gradproj_w0p35_e100_20260516_170327_13307941,42
0.15516438258386867,bp,6,composite_twoaxis_ixy_hybrid_taylor,results/learning_rules/resnet18_cifar100/resnet18_cifar100_bp_gradproj_w0p35_e100_20260516_170327_13307941,42
0.037873224637681155,bp,6,magnitude,results/learning_rules/resnet18_cifar100/resnet18_cifar100_bp_gradproj_w0p35_e100_20260516_170832_13307942,123
0.04027496453900709,bp,6,taylor,results/learning_rules/resnet18_cifar100/resnet18_cifar100_bp_gradproj_w0p35_e100_20260516_170832_13307942,123
0.025729386892177592,bp,6,composite,results/learning_rules/resnet18_cifar100/resnet18_cifar100_bp_gradproj_w0p35_e100_20260516_170832_13307942,123
0.06748457484188335,bp,6,cluster_aware,results/learning_rules/resnet18_cifar100/resnet18_cifar100_bp_gradproj_w0p35_e100_20260516_170832_13307942,123
0.05303733144073811,bp,6,cap_ixy_hybrid_taylor,results/learning_rules/resnet18_cifar100/resnet18_cifar100_bp_gradproj_w0p35_e100_20260516_170832_13307942,123
0.13153101490418734,bp,6,composite_twoaxis_ixy_hybrid_taylor,results/learning_rules/resnet18_cifar100/resnet18_cifar100_bp_gradproj_w0p35_e100_20260516_170832_13307942,123
0.03343264642082429,bp,6,magnitude,results/learning_rules/resnet18_cifar100/resnet18_cifar100_bp_gradproj_w0p35_e100_20260516_171010_13307943,456
0.03781264204545455,bp,6,taylor,results/learning_rules/resnet18_cifar100/resnet18_cifar100_bp_gradproj_w0p35_e100_20260516_171010_13307943,456
0.03837587657784011,bp,6,composite,results/learning_rules/resnet18_cifar100/resnet18_cifar100_bp_gradproj_w0p35_e100_20260516_171010_13307943,456
0.06543319238900634,bp,6,cluster_aware,results/learning_rules/resnet18_cifar100/resnet18_cifar100_bp_gradproj_w0p35_e100_20260516_171010_13307943,456
0.09559593147751605,bp,6,cap_ixy_hybrid_taylor,results/learning_rules/resnet18_cifar100/resnet18_cifar100_bp_gradproj_w0p35_e100_20260516_171010_13307943,456
0.16674068522483937,bp,6,composite_twoaxis_ixy_hybrid_taylor,results/learning_rules/resnet18_cifar100/resnet18_cifar100_bp_gradproj_w0p35_e100_20260516_171010_13307943,456
0.03296245919477694,bp,6,magnitude,results/learning_rules/resnet18_cifar100/resnet18_cifar100_bp_gradproj_w0p5_e100_20260516_163958_13307935,42
0.03959789557805008,bp,6,taylor,results/learning_rules/resnet18_cifar100/resnet18_cifar100_bp_gradproj_w0p5_e100_20260516_163958_13307935,42
0.019897035256410255,bp,6,composite,results/learning_rules/resnet18_cifar100/resnet18_cifar100_bp_gradproj_w0p5_e100_20260516_163958_13307935,42
0.043960537519957425,bp,6,cluster_aware,results/learning_rules/resnet18_cifar100/resnet18_cifar100_bp_gradproj_w0p5_e100_20260516_163958_13307935,42
0.06255980287693126,bp,6,cap_ixy_hybrid_taylor,results/learning_rules/resnet18_cifar100/resnet18_cifar100_bp_gradproj_w0p5_e100_20260516_163958_13307935,42
0.19662639850825783,bp,6,composite_twoaxis_ixy_hybrid_taylor,results/learning_rules/resnet18_cifar100/resnet18_cifar100_bp_gradproj_w0p5_e100_20260516_163958_13307935,42
0.03732306855277476,bp,6,magnitude,results/learning_rules/resnet18_cifar100/resnet18_cifar100_bp_gradproj_w0p5_e100_20260516_164512_13307936,123
0.049280812399786204,bp,6,taylor,results/learning_rules/resnet18_cifar100/resnet18_cifar100_bp_gradproj_w0p5_e100_20260516_164512_13307936,123
0.01694570374275171,bp,6,composite,results/learning_rules/resnet18_cifar100/resnet18_cifar100_bp_gradproj_w0p5_e100_20260516_164512_13307936,123
0.039333782356048605,bp,6,cluster_aware,results/learning_rules/resnet18_cifar100/resnet18_cifar100_bp_gradproj_w0p5_e100_20260516_164512_13307936,123
0.015766247995724212,bp,6,cap_ixy_hybrid_taylor,results/learning_rules/resnet18_cifar100/resnet18_cifar100_bp_gradproj_w0p5_e100_20260516_164512_13307936,123
0.13754409406734366,bp,6,composite_twoaxis_ixy_hybrid_taylor,results/learning_rules/resnet18_cifar100/resnet18_cifar100_bp_gradproj_w0p5_e100_20260516_164512_13307936,123
0.036654723127035826,bp,6,magnitude,results/learning_rules/resnet18_cifar100/resnet18_cifar100_bp_gradproj_w0p5_e100_20260516_164701_13307937,456
0.0451570744680851,bp,6,taylor,results/learning_rules/resnet18_cifar100/resnet18_cifar100_bp_gradproj_w0p5_e100_20260516_164701_13307937,456
0.01710876451953537,bp,6,composite,results/learning_rules/resnet18_cifar100/resnet18_cifar100_bp_gradproj_w0p5_e100_20260516_164701_13307937,456
0.04601350635593219,bp,6,cluster_aware,results/learning_rules/resnet18_cifar100/resnet18_cifar100_bp_gradproj_w0p5_e100_20260516_164701_13307937,456
0.05911367021276596,bp,6,cap_ixy_hybrid_taylor,results/learning_rules/resnet18_cifar100/resnet18_cifar100_bp_gradproj_w0p5_e100_20260516_164701_13307937,456
0.14562191489361703,bp,6,composite_twoaxis_ixy_hybrid_taylor,results/learning_rules/resnet18_cifar100/resnet18_cifar100_bp_gradproj_w0p5_e100_20260516_164701_13307937,456
0.04523018970189703,bp,6,magnitude,results/learning_rules/resnet18_cifar100/resnet18_cifar100_bp_gradproj_w0p5_e100_20260516_172022_13307944,42
0.04593724027703783,bp,6,taylor,results/learning_rules/resnet18_cifar100/resnet18_cifar100_bp_gradproj_w0p5_e100_20260516_172022_13307944,42
0.046227018469657,bp,6,composite,results/learning_rules/resnet18_cifar100/resnet18_cifar100_bp_gradproj_w0p5_e100_20260516_172022_13307944,42
0.07633350979354156,bp,6,cluster_aware,results/learning_rules/resnet18_cifar100/resnet18_cifar100_bp_gradproj_w0p5_e100_20260516_172022_13307944,42
0.09470221097496005,bp,6,cap_ixy_hybrid_taylor,results/learning_rules/resnet18_cifar100/resnet18_cifar100_bp_gradproj_w0p5_e100_20260516_172022_13307944,42
0.16581944592434733,bp,6,composite_twoaxis_ixy_hybrid_taylor,results/learning_rules/resnet18_cifar100/resnet18_cifar100_bp_gradproj_w0p5_e100_20260516_172022_13307944,42
0.038421218715995645,bp,6,magnitude,results/learning_rules/resnet18_cifar100/resnet18_cifar100_bp_gradproj_w0p5_e100_20260516_172525_13307945,123
0.040916817456093664,bp,6,taylor,results/learning_rules/resnet18_cifar100/resnet18_cifar100_bp_gradproj_w0p5_e100_20260516_172525_13307945,123
0.04462025316455696,bp,6,composite,results/learning_rules/resnet18_cifar100/resnet18_cifar100_bp_gradproj_w0p5_e100_20260516_172525_13307945,123
0.06425331213566507,bp,6,cluster_aware,results/learning_rules/resnet18_cifar100/resnet18_cifar100_bp_gradproj_w0p5_e100_20260516_172525_13307945,123
0.09593706758914315,bp,6,cap_ixy_hybrid_taylor,results/learning_rules/resnet18_cifar100/resnet18_cifar100_bp_gradproj_w0p5_e100_20260516_172525_13307945,123
0.16070204896221393,bp,6,composite_twoaxis_ixy_hybrid_taylor,results/learning_rules/resnet18_cifar100/resnet18_cifar100_bp_gradproj_w0p5_e100_20260516_172525_13307945,123
0.036176751765344926,bp,6,magnitude,results/learning_rules/resnet18_cifar100/resnet18_cifar100_bp_gradproj_w0p5_e100_20260516_172947_13307946,456
0.049534725918041506,bp,6,taylor,results/learning_rules/resnet18_cifar100/resnet18_cifar100_bp_gradproj_w0p5_e100_20260516_172947_13307946,456
0.04487678476996298,bp,6,composite,results/learning_rules/resnet18_cifar100/resnet18_cifar100_bp_gradproj_w0p5_e100_20260516_172947_13307946,456
0.08010121757543671,bp,6,cluster_aware,results/learning_rules/resnet18_cifar100/resnet18_cifar100_bp_gradproj_w0p5_e100_20260516_172947_13307946,456
0.11190324640766362,bp,6,cap_ixy_hybrid_taylor,results/learning_rules/resnet18_cifar100/resnet18_cifar100_bp_gradproj_w0p5_e100_20260516_172947_13307946,456
0.17007424161788182,bp,6,composite_twoaxis_ixy_hybrid_taylor,results/learning_rules/resnet18_cifar100/resnet18_cifar100_bp_gradproj_w0p5_e100_20260516_172947_13307946,456
0.04028078697421981,bp,6,magnitude,results/learning_rules/resnet18_cifar100/resnet18_cifar100_bp_gradproj_w1_e100_20260516_164701_13307938,42
0.0760826127320955,bp,6,taylor,results/learning_rules/resnet18_cifar100/resnet18_cifar100_bp_gradproj_w1_e100_20260516_164701_13307938,42
0.014490932982917214,bp,6,composite,results/learning_rules/resnet18_cifar100/resnet18_cifar100_bp_gradproj_w1_e100_20260516_164701_13307938,42
0.04704171277997365,bp,6,cluster_aware,results/learning_rules/resnet18_cifar100/resnet18_cifar100_bp_gradproj_w1_e100_20260516_164701_13307938,42
0.01336476127320955,bp,6,cap_ixy_hybrid_taylor,results/learning_rules/resnet18_cifar100/resnet18_cifar100_bp_gradproj_w1_e100_20260516_164701_13307938,42
0.24309190981432358,bp,6,composite_twoaxis_ixy_hybrid_taylor,results/learning_rules/resnet18_cifar100/resnet18_cifar100_bp_gradproj_w1_e100_20260516_164701_13307938,42
0.058556993765248026,bp,6,magnitude,results/learning_rules/resnet18_cifar100/resnet18_cifar100_bp_gradproj_w1_e100_20260516_164744_13307939,123
0.07118782956058588,bp,6,taylor,results/learning_rules/resnet18_cifar100/resnet18_cifar100_bp_gradproj_w1_e100_20260516_164744_13307939,123
0.03088665785997358,bp,6,composite,results/learning_rules/resnet18_cifar100/resnet18_cifar100_bp_gradproj_w1_e100_20260516_164744_13307939,123
0.03114429708222812,bp,6,cluster_aware,results/learning_rules/resnet18_cifar100/resnet18_cifar100_bp_gradproj_w1_e100_20260516_164744_13307939,123
0.01601403462050599,bp,6,cap_ixy_hybrid_taylor,results/learning_rules/resnet18_cifar100/resnet18_cifar100_bp_gradproj_w1_e100_20260516_164744_13307939,123
0.2302399201065246,bp,6,composite_twoaxis_ixy_hybrid_taylor,results/learning_rules/resnet18_cifar100/resnet18_cifar100_bp_gradproj_w1_e100_20260516_164744_13307939,123
0.04029906377204884,bp,6,magnitude,results/learning_rules/resnet18_cifar100/resnet18_cifar100_bp_gradproj_w1_e100_20260516_170111_13307940,456
0.07282150823154541,bp,6,taylor,results/learning_rules/resnet18_cifar100/resnet18_cifar100_bp_gradproj_w1_e100_20260516_170111_13307940,456
0.01856629541235746,bp,6,composite,results/learning_rules/resnet18_cifar100/resnet18_cifar100_bp_gradproj_w1_e100_20260516_170111_13307940,456
0.08614016958134607,bp,6,cluster_aware,results/learning_rules/resnet18_cifar100/resnet18_cifar100_bp_gradproj_w1_e100_20260516_170111_13307940,456
0.02473100106213489,bp,6,cap_ixy_hybrid_taylor,results/learning_rules/resnet18_cifar100/resnet18_cifar100_bp_gradproj_w1_e100_20260516_170111_13307940,456
0.20963441317047263,bp,6,composite_twoaxis_ixy_hybrid_taylor,results/learning_rules/resnet18_cifar100/resnet18_cifar100_bp_gradproj_w1_e100_20260516_170111_13307940,456
0.05199731416169287,bp,6,magnitude,results/learning_rules/resnet18_cifar100/resnet18_cifar100_bp_gradproj_w1_e100_20260516_173004_13307947,42
0.08003734731810938,bp,6,taylor,results/learning_rules/resnet18_cifar100/resnet18_cifar100_bp_gradproj_w1_e100_20260516_173004_13307947,42
0.039917808219178084,bp,6,composite,results/learning_rules/resnet18_cifar100/resnet18_cifar100_bp_gradproj_w1_e100_20260516_173004_13307947,42
0.08677402700555996,bp,6,cluster_aware,results/learning_rules/resnet18_cifar100/resnet18_cifar100_bp_gradproj_w1_e100_20260516_173004_13307947,42
0.1099148964418481,bp,6,cap_ixy_hybrid_taylor,results/learning_rules/resnet18_cifar100/resnet18_cifar100_bp_gradproj_w1_e100_20260516_173004_13307947,42
0.2233318242166755,bp,6,composite_twoaxis_ixy_hybrid_taylor,results/learning_rules/resnet18_cifar100/resnet18_cifar100_bp_gradproj_w1_e100_20260516_173004_13307947,42
0.06069158294868313,bp,6,magnitude,results/learning_rules/resnet18_cifar100/resnet18_cifar100_bp_gradproj_w1_e100_20260516_174334_13307948,123
0.07662593774940142,bp,6,taylor,results/learning_rules/resnet18_cifar100/resnet18_cifar100_bp_gradproj_w1_e100_20260516_174334_13307948,123
0.0605229793977813,bp,6,composite,results/learning_rules/resnet18_cifar100/resnet18_cifar100_bp_gradproj_w1_e100_20260516_174334_13307948,123
0.09130379931162297,bp,6,cluster_aware,results/learning_rules/resnet18_cifar100/resnet18_cifar100_bp_gradproj_w1_e100_20260516_174334_13307948,123
0.10642156158552805,bp,6,cap_ixy_hybrid_taylor,results/learning_rules/resnet18_cifar100/resnet18_cifar100_bp_gradproj_w1_e100_20260516_174334_13307948,123
0.21281733173716408,bp,6,composite_twoaxis_ixy_hybrid_taylor,results/learning_rules/resnet18_cifar100/resnet18_cifar100_bp_gradproj_w1_e100_20260516_174334_13307948,123
0.04695771319934818,bp,6,magnitude,results/learning_rules/resnet18_cifar100/resnet18_cifar100_bp_gradproj_w1_e100_20260516_174338_13307949,456
0.055213925059792716,bp,6,taylor,results/learning_rules/resnet18_cifar100/resnet18_cifar100_bp_gradproj_w1_e100_20260516_174338_13307949,456
0.04725222863135817,bp,6,composite,results/learning_rules/resnet18_cifar100/resnet18_cifar100_bp_gradproj_w1_e100_20260516_174338_13307949,456
0.08321204581358611,bp,6,cluster_aware,results/learning_rules/resnet18_cifar100/resnet18_cifar100_bp_gradproj_w1_e100_20260516_174338_13307949,456
0.08735640446452299,bp,6,cap_ixy_hybrid_taylor,results/learning_rules/resnet18_cifar100/resnet18_cifar100_bp_gradproj_w1_e100_20260516_174338_13307949,456
0.22759679776773847,bp,6,composite_twoaxis_ixy_hybrid_taylor,results/learning_rules/resnet18_cifar100/resnet18_cifar100_bp_gradproj_w1_e100_20260516_174338_13307949,456
0.015541348158443364,bp_hull,6,random,results/learning_rules/resnet18_cifar100/resnet18_cifar100_bp_hull_w0p35_lam0p3_e100_20260516_121354_13305322,42
0.03601232827187275,bp_hull,6,magnitude,results/learning_rules/resnet18_cifar100/resnet18_cifar100_bp_hull_w0p35_lam0p3_e100_20260516_121354_13305322,42
0.03575078180525941,bp_hull,6,taylor,results/learning_rules/resnet18_cifar100/resnet18_cifar100_bp_hull_w0p35_lam0p3_e100_20260516_121354_13305322,42
0.02104472140762463,bp_hull,6,chip,results/learning_rules/resnet18_cifar100/resnet18_cifar100_bp_hull_w0p35_lam0p3_e100_20260516_121354_13305322,42
0.029124210526315787,bp_hull,6,composite,results/learning_rules/resnet18_cifar100/resnet18_cifar100_bp_hull_w0p35_lam0p3_e100_20260516_121354_13305322,42
0.06515189873417722,bp_hull,6,cluster_aware,results/learning_rules/resnet18_cifar100/resnet18_cifar100_bp_hull_w0p35_lam0p3_e100_20260516_121354_13305322,42
0.07837752489331436,bp_hull,6,cap_ixy_hybrid_taylor,results/learning_rules/resnet18_cifar100/resnet18_cifar100_bp_hull_w0p35_lam0p3_e100_20260516_121354_13305322,42
0.1397612375533428,bp_hull,6,composite_twoaxis_ixy_hybrid_taylor,results/learning_rules/resnet18_cifar100/resnet18_cifar100_bp_hull_w0p35_lam0p3_e100_20260516_121354_13305322,42
0.11945156472261735,bp_hull,6,cluster_aware_stratified_twoaxis_adaptive_ixy_hybrid_taylor,results/learning_rules/resnet18_cifar100/resnet18_cifar100_bp_hull_w0p35_lam0p3_e100_20260516_121354_13305322,42
0.026872651356993734,bp_hull,6,random,results/learning_rules/resnet18_cifar100/resnet18_cifar100_bp_hull_w0p35_lam0p3_e100_20260516_121354_13305323,123
0.026238115942028985,bp_hull,6,magnitude,results/learning_rules/resnet18_cifar100/resnet18_cifar100_bp_hull_w0p35_lam0p3_e100_20260516_121354_13305323,123
0.036925638297872335,bp_hull,6,taylor,results/learning_rules/resnet18_cifar100/resnet18_cifar100_bp_hull_w0p35_lam0p3_e100_20260516_121354_13305323,123
0.02438691348973607,bp_hull,6,chip,results/learning_rules/resnet18_cifar100/resnet18_cifar100_bp_hull_w0p35_lam0p3_e100_20260516_121354_13305323,123
0.037798591549295775,bp_hull,6,composite,results/learning_rules/resnet18_cifar100/resnet18_cifar100_bp_hull_w0p35_lam0p3_e100_20260516_121354_13305323,123
0.05463382559774964,bp_hull,6,cluster_aware,results/learning_rules/resnet18_cifar100/resnet18_cifar100_bp_hull_w0p35_lam0p3_e100_20260516_121354_13305323,123
0.07904658362989325,bp_hull,6,cap_ixy_hybrid_taylor,results/learning_rules/resnet18_cifar100/resnet18_cifar100_bp_hull_w0p35_lam0p3_e100_20260516_121354_13305323,123
0.16277067615658364,bp_hull,6,composite_twoaxis_ixy_hybrid_taylor,results/learning_rules/resnet18_cifar100/resnet18_cifar100_bp_hull_w0p35_lam0p3_e100_20260516_121354_13305323,123
0.12766758007117437,bp_hull,6,cluster_aware_stratified_twoaxis_adaptive_ixy_hybrid_taylor,results/learning_rules/resnet18_cifar100/resnet18_cifar100_bp_hull_w0p35_lam0p3_e100_20260516_121354_13305323,123
0.03188038942976356,bp_hull,6,random,results/learning_rules/resnet18_cifar100/resnet18_cifar100_bp_hull_w0p35_lam0p3_e100_20260516_121943_13305324,456
0.03759145546705286,bp_hull,6,magnitude,results/learning_rules/resnet18_cifar100/resnet18_cifar100_bp_hull_w0p35_lam0p3_e100_20260516_121943_13305324,456
0.03851955745895788,bp_hull,6,taylor,results/learning_rules/resnet18_cifar100/resnet18_cifar100_bp_hull_w0p35_lam0p3_e100_20260516_121943_13305324,456
0.019031401320616287,bp_hull,6,chip,results/learning_rules/resnet18_cifar100/resnet18_cifar100_bp_hull_w0p35_lam0p3_e100_20260516_121943_13305324,456
0.04758934828311142,bp_hull,6,composite,results/learning_rules/resnet18_cifar100/resnet18_cifar100_bp_hull_w0p35_lam0p3_e100_20260516_121943_13305324,456
0.06964827586206895,bp_hull,6,cluster_aware,results/learning_rules/resnet18_cifar100/resnet18_cifar100_bp_hull_w0p35_lam0p3_e100_20260516_121943_13305324,456
0.1262808022922636,bp_hull,6,cap_ixy_hybrid_taylor,results/learning_rules/resnet18_cifar100/resnet18_cifar100_bp_hull_w0p35_lam0p3_e100_20260516_121943_13305324,456
0.16384577363896852,bp_hull,6,composite_twoaxis_ixy_hybrid_taylor,results/learning_rules/resnet18_cifar100/resnet18_cifar100_bp_hull_w0p35_lam0p3_e100_20260516_121943_13305324,456
0.15363058739255014,bp_hull,6,cluster_aware_stratified_twoaxis_adaptive_ixy_hybrid_taylor,results/learning_rules/resnet18_cifar100/resnet18_cifar100_bp_hull_w0p35_lam0p3_e100_20260516_121943_13305324,456
0.026608650338718075,bp_hull,6,random,results/learning_rules/resnet18_cifar100/resnet18_cifar100_bp_hull_w0p5_lam0p3_e100_20260516_122124_13305326,42
0.04022650897226753,bp_hull,6,magnitude,results/learning_rules/resnet18_cifar100/resnet18_cifar100_bp_hull_w0p5_lam0p3_e100_20260516_122124_13305326,42
0.04849680340969632,bp_hull,6,taylor,results/learning_rules/resnet18_cifar100/resnet18_cifar100_bp_hull_w0p5_lam0p3_e100_20260516_122124_13305326,42
0.033935203520352036,bp_hull,6,chip,results/learning_rules/resnet18_cifar100/resnet18_cifar100_bp_hull_w0p5_lam0p3_e100_20260516_122124_13305326,42
0.05702142857142857,bp_hull,6,composite,results/learning_rules/resnet18_cifar100/resnet18_cifar100_bp_hull_w0p5_lam0p3_e100_20260516_122124_13305326,42
0.08004936808846762,bp_hull,6,cluster_aware,results/learning_rules/resnet18_cifar100/resnet18_cifar100_bp_hull_w0p5_lam0p3_e100_20260516_122124_13305326,42
0.12798708044752263,bp_hull,6,cap_ixy_hybrid_taylor,results/learning_rules/resnet18_cifar100/resnet18_cifar100_bp_hull_w0p5_lam0p3_e100_20260516_122124_13305326,42
0.15782426744805542,bp_hull,6,composite_twoaxis_ixy_hybrid_taylor,results/learning_rules/resnet18_cifar100/resnet18_cifar100_bp_hull_w0p5_lam0p3_e100_20260516_122124_13305326,42
0.15703438998401706,bp_hull,6,cluster_aware_stratified_twoaxis_adaptive_ixy_hybrid_taylor,results/learning_rules/resnet18_cifar100/resnet18_cifar100_bp_hull_w0p5_lam0p3_e100_20260516_122124_13305326,42
0.035339593114240994,bp_hull,6,random,results/learning_rules/resnet18_cifar100/resnet18_cifar100_bp_hull_w0p5_lam0p3_e100_20260516_125454_13305327,123
0.02756797172376291,bp_hull,6,magnitude,results/learning_rules/resnet18_cifar100/resnet18_cifar100_bp_hull_w0p5_lam0p3_e100_20260516_125454_13305327,123
0.04541019210245465,bp_hull,6,taylor,results/learning_rules/resnet18_cifar100/resnet18_cifar100_bp_hull_w0p5_lam0p3_e100_20260516_125454_13305327,123
0.03670348518111965,bp_hull,6,chip,results/learning_rules/resnet18_cifar100/resnet18_cifar100_bp_hull_w0p5_lam0p3_e100_20260516_125454_13305327,123
0.036417628541448054,bp_hull,6,composite,results/learning_rules/resnet18_cifar100/resnet18_cifar100_bp_hull_w0p5_lam0p3_e100_20260516_125454_13305327,123
0.07245039370078739,bp_hull,6,cluster_aware,results/learning_rules/resnet18_cifar100/resnet18_cifar100_bp_hull_w0p5_lam0p3_e100_20260516_125454_13305327,123
0.11401440768409818,bp_hull,6,cap_ixy_hybrid_taylor,results/learning_rules/resnet18_cifar100/resnet18_cifar100_bp_hull_w0p5_lam0p3_e100_20260516_125454_13305327,123
0.15956897011739596,bp_hull,6,composite_twoaxis_ixy_hybrid_taylor,results/learning_rules/resnet18_cifar100/resnet18_cifar100_bp_hull_w0p5_lam0p3_e100_20260516_125454_13305327,123
0.14882382604055494,bp_hull,6,cluster_aware_stratified_twoaxis_adaptive_ixy_hybrid_taylor,results/learning_rules/resnet18_cifar100/resnet18_cifar100_bp_hull_w0p5_lam0p3_e100_20260516_125454_13305327,123
0.022406461698801453,bp_hull,6,random,results/learning_rules/resnet18_cifar100/resnet18_cifar100_bp_hull_w0p5_lam0p3_e100_20260516_125617_13305328,456
0.042762241566920565,bp_hull,6,magnitude,results/learning_rules/resnet18_cifar100/resnet18_cifar100_bp_hull_w0p5_lam0p3_e100_20260516_125617_13305328,456
0.050521645367412146,bp_hull,6,taylor,results/learning_rules/resnet18_cifar100/resnet18_cifar100_bp_hull_w0p5_lam0p3_e100_20260516_125617_13305328,456
0.032145222405271824,bp_hull,6,chip,results/learning_rules/resnet18_cifar100/resnet18_cifar100_bp_hull_w0p5_lam0p3_e100_20260516_125617_13305328,456
0.04183131259884027,bp_hull,6,composite,results/learning_rules/resnet18_cifar100/resnet18_cifar100_bp_hull_w0p5_lam0p3_e100_20260516_125617_13305328,456
0.06576313559322033,bp_hull,6,cluster_aware,results/learning_rules/resnet18_cifar100/resnet18_cifar100_bp_hull_w0p5_lam0p3_e100_20260516_125617_13305328,456
0.1410809637912673,bp_hull,6,cap_ixy_hybrid_taylor,results/learning_rules/resnet18_cifar100/resnet18_cifar100_bp_hull_w0p5_lam0p3_e100_20260516_125617_13305328,456
0.16507273695420657,bp_hull,6,composite_twoaxis_ixy_hybrid_taylor,results/learning_rules/resnet18_cifar100/resnet18_cifar100_bp_hull_w0p5_lam0p3_e100_20260516_125617_13305328,456
0.14622992545260916,bp_hull,6,cluster_aware_stratified_twoaxis_adaptive_ixy_hybrid_taylor,results/learning_rules/resnet18_cifar100/resnet18_cifar100_bp_hull_w0p5_lam0p3_e100_20260516_125617_13305328,456
0.0530487106017192,bp_rtp,6,random,results/learning_rules/resnet18_cifar100/resnet18_cifar100_bp_rtp_lam0p03_e100_20260514_122100_12873746,42
0.0585746878393051,bp_rtp,6,magnitude,results/learning_rules/resnet18_cifar100/resnet18_cifar100_bp_rtp_lam0p03_e100_20260514_122100_12873746,42
0.07496684825936752,bp_rtp,6,taylor,results/learning_rules/resnet18_cifar100/resnet18_cifar100_bp_rtp_lam0p03_e100_20260514_122100_12873746,42
0.0736449108367627,bp_rtp,6,chip,results/learning_rules/resnet18_cifar100/resnet18_cifar100_bp_rtp_lam0p03_e100_20260514_122100_12873746,42
0.046359055118110226,bp_rtp,6,composite,results/learning_rules/resnet18_cifar100/resnet18_cifar100_bp_rtp_lam0p03_e100_20260514_122100_12873746,42
0.05774230160822569,bp_rtp,6,cluster_aware,results/learning_rules/resnet18_cifar100/resnet18_cifar100_bp_rtp_lam0p03_e100_20260514_122100_12873746,42
0.04796400478341748,bp_rtp,6,cap_ixy_hybrid_taylor,results/learning_rules/resnet18_cifar100/resnet18_cifar100_bp_rtp_lam0p03_e100_20260514_122100_12873746,42
0.22552660111613074,bp_rtp,6,composite_twoaxis_ixy_hybrid_taylor,results/learning_rules/resnet18_cifar100/resnet18_cifar100_bp_rtp_lam0p03_e100_20260514_122100_12873746,42
0.201592173797502,bp_rtp,6,cluster_aware_stratified_twoaxis_adaptive_ixy_hybrid_taylor,results/learning_rules/resnet18_cifar100/resnet18_cifar100_bp_rtp_lam0p03_e100_20260514_122100_12873746,42
0.04800988538681947,bp_rtp,6,random,results/learning_rules/resnet18_cifar100/resnet18_cifar100_bp_rtp_lam0p03_e100_20260514_122630_12873747,123
0.05920367906597881,bp_rtp,6,magnitude,results/learning_rules/resnet18_cifar100/resnet18_cifar100_bp_rtp_lam0p03_e100_20260514_122630_12873747,123
0.06872808510638298,bp_rtp,6,taylor,results/learning_rules/resnet18_cifar100/resnet18_cifar100_bp_rtp_lam0p03_e100_20260514_122630_12873747,123
0.06718935236004392,bp_rtp,6,chip,results/learning_rules/resnet18_cifar100/resnet18_cifar100_bp_rtp_lam0p03_e100_20260514_122630_12873747,123
0.0662109329829172,bp_rtp,6,composite,results/learning_rules/resnet18_cifar100/resnet18_cifar100_bp_rtp_lam0p03_e100_20260514_122630_12873747,123
0.1208506065400844,bp_rtp,6,cluster_aware,results/learning_rules/resnet18_cifar100/resnet18_cifar100_bp_rtp_lam0p03_e100_20260514_122630_12873747,123
0.12476154255319152,bp_rtp,6,cap_ixy_hybrid_taylor,results/learning_rules/resnet18_cifar100/resnet18_cifar100_bp_rtp_lam0p03_e100_20260514_122630_12873747,123
0.21066606382978723,bp_rtp,6,composite_twoaxis_ixy_hybrid_taylor,results/learning_rules/resnet18_cifar100/resnet18_cifar100_bp_rtp_lam0p03_e100_20260514_122630_12873747,123
0.17747027925531916,bp_rtp,6,cluster_aware_stratified_twoaxis_adaptive_ixy_hybrid_taylor,results/learning_rules/resnet18_cifar100/resnet18_cifar100_bp_rtp_lam0p03_e100_20260514_122630_12873747,123
0.05399895806199531,bp_rtp,6,random,results/learning_rules/resnet18_cifar100/resnet18_cifar100_bp_rtp_lam0p1_e100_20260514_125028_12873748,42
0.05767987242128122,bp_rtp,6,magnitude,results/learning_rules/resnet18_cifar100/resnet18_cifar100_bp_rtp_lam0p1_e100_20260514_125028_12873748,42
0.06975794790005316,bp_rtp,6,taylor,results/learning_rules/resnet18_cifar100/resnet18_cifar100_bp_rtp_lam0p1_e100_20260514_125028_12873748,42
0.06938719813391878,bp_rtp,6,chip,results/learning_rules/resnet18_cifar100/resnet18_cifar100_bp_rtp_lam0p1_e100_20260514_125028_12873748,42
0.05981711806468577,bp_rtp,6,composite,results/learning_rules/resnet18_cifar100/resnet18_cifar100_bp_rtp_lam0p1_e100_20260514_125028_12873748,42
0.0876392405063291,bp_rtp,6,cluster_aware,results/learning_rules/resnet18_cifar100/resnet18_cifar100_bp_rtp_lam0p1_e100_20260514_125028_12873748,42
0.05660925039872408,bp_rtp,6,cap_ixy_hybrid_taylor,results/learning_rules/resnet18_cifar100/resnet18_cifar100_bp_rtp_lam0p1_e100_20260514_125028_12873748,42
0.23336512493354591,bp_rtp,6,composite_twoaxis_ixy_hybrid_taylor,results/learning_rules/resnet18_cifar100/resnet18_cifar100_bp_rtp_lam0p1_e100_20260514_125028_12873748,42
0.1992309542796385,bp_rtp,6,cluster_aware_stratified_twoaxis_adaptive_ixy_hybrid_taylor,results/learning_rules/resnet18_cifar100/resnet18_cifar100_bp_rtp_lam0p1_e100_20260514_125028_12873748,42
0.052035946861161766,bp_rtp,6,random,results/learning_rules/resnet18_cifar100/resnet18_cifar100_bp_rtp_lam0p1_e100_20260514_131543_12873749,123
0.05015091007878294,bp_rtp,6,magnitude,results/learning_rules/resnet18_cifar100/resnet18_cifar100_bp_rtp_lam0p1_e100_20260514_131543_12873749,123
0.07109574807334573,bp_rtp,6,taylor,results/learning_rules/resnet18_cifar100/resnet18_cifar100_bp_rtp_lam0p1_e100_20260514_131543_12873749,123
0.06888173208893768,bp_rtp,6,chip,results/learning_rules/resnet18_cifar100/resnet18_cifar100_bp_rtp_lam0p1_e100_20260514_131543_12873749,123
0.06436528069254982,bp_rtp,6,composite,results/learning_rules/resnet18_cifar100/resnet18_cifar100_bp_rtp_lam0p1_e100_20260514_131543_12873749,123
0.09442642800737036,bp_rtp,6,cluster_aware,results/learning_rules/resnet18_cifar100/resnet18_cifar100_bp_rtp_lam0p1_e100_20260514_131543_12873749,123
0.13127331916024448,bp_rtp,6,cap_ixy_hybrid_taylor,results/learning_rules/resnet18_cifar100/resnet18_cifar100_bp_rtp_lam0p1_e100_20260514_131543_12873749,123
0.21284473824076533,bp_rtp,6,composite_twoaxis_ixy_hybrid_taylor,results/learning_rules/resnet18_cifar100/resnet18_cifar100_bp_rtp_lam0p1_e100_20260514_131543_12873749,123
0.1929325139516343,bp_rtp,6,cluster_aware_stratified_twoaxis_adaptive_ixy_hybrid_taylor,results/learning_rules/resnet18_cifar100/resnet18_cifar100_bp_rtp_lam0p1_e100_20260514_131543_12873749,123
0.051760875227923935,bp_rtp,6,random,results/learning_rules/resnet18_cifar100/resnet18_cifar100_bp_rtp_lam0p3_e100_20260514_131724_12873750,42
0.04462701492537314,bp_rtp,6,magnitude,results/learning_rules/resnet18_cifar100/resnet18_cifar100_bp_rtp_lam0p3_e100_20260514_131724_12873750,42
0.07235092961487384,bp_rtp,6,taylor,results/learning_rules/resnet18_cifar100/resnet18_cifar100_bp_rtp_lam0p3_e100_20260514_131724_12873750,42
0.06998472298409217,bp_rtp,6,chip,results/learning_rules/resnet18_cifar100/resnet18_cifar100_bp_rtp_lam0p3_e100_20260514_131724_12873750,42
0.04871170463472114,bp_rtp,6,composite,results/learning_rules/resnet18_cifar100/resnet18_cifar100_bp_rtp_lam0p3_e100_20260514_131724_12873750,42
0.08003154574132493,bp_rtp,6,cluster_aware,results/learning_rules/resnet18_cifar100/resnet18_cifar100_bp_rtp_lam0p3_e100_20260514_131724_12873750,42
0.03267483399734396,bp_rtp,6,cap_ixy_hybrid_taylor,results/learning_rules/resnet18_cifar100/resnet18_cifar100_bp_rtp_lam0p3_e100_20260514_131724_12873750,42
0.21329500664010625,bp_rtp,6,composite_twoaxis_ixy_hybrid_taylor,results/learning_rules/resnet18_cifar100/resnet18_cifar100_bp_rtp_lam0p3_e100_20260514_131724_12873750,42
0.19608629482071713,bp_rtp,6,cluster_aware_stratified_twoaxis_adaptive_ixy_hybrid_taylor,results/learning_rules/resnet18_cifar100/resnet18_cifar100_bp_rtp_lam0p3_e100_20260514_131724_12873750,42
0.05361135712425111,bp_rtp,6,random,results/learning_rules/resnet18_cifar100/resnet18_cifar100_bp_rtp_lam0p3_e100_20260514_132240_12873751,123
0.04352985338039641,bp_rtp,6,magnitude,results/learning_rules/resnet18_cifar100/resnet18_cifar100_bp_rtp_lam0p3_e100_20260514_132240_12873751,123
0.07164988047808764,bp_rtp,6,taylor,results/learning_rules/resnet18_cifar100/resnet18_cifar100_bp_rtp_lam0p3_e100_20260514_132240_12873751,123
0.0666573388203018,bp_rtp,6,chip,results/learning_rules/resnet18_cifar100/resnet18_cifar100_bp_rtp_lam0p3_e100_20260514_132240_12873751,123
0.05715479632063074,bp_rtp,6,composite,results/learning_rules/resnet18_cifar100/resnet18_cifar100_bp_rtp_lam0p3_e100_20260514_132240_12873751,123
0.0859708113804004,bp_rtp,6,cluster_aware,results/learning_rules/resnet18_cifar100/resnet18_cifar100_bp_rtp_lam0p3_e100_20260514_132240_12873751,123
0.04965997343957504,bp_rtp,6,cap_ixy_hybrid_taylor,results/learning_rules/resnet18_cifar100/resnet18_cifar100_bp_rtp_lam0p3_e100_20260514_132240_12873751,123
0.2365702788844621,bp_rtp,6,composite_twoaxis_ixy_hybrid_taylor,results/learning_rules/resnet18_cifar100/resnet18_cifar100_bp_rtp_lam0p3_e100_20260514_132240_12873751,123
0.19818241699867192,bp_rtp,6,cluster_aware_stratified_twoaxis_adaptive_ixy_hybrid_taylor,results/learning_rules/resnet18_cifar100/resnet18_cifar100_bp_rtp_lam0p3_e100_20260514_132240_12873751,123
0.04902266215160198,bp_rtp,6,random,results/learning_rules/resnet18_cifar100/resnet18_cifar100_bp_rtp_lam1_e100_20260514_134630_12873752,42
0.05745905885543802,bp_rtp,6,magnitude,results/learning_rules/resnet18_cifar100/resnet18_cifar100_bp_rtp_lam1_e100_20260514_134630_12873752,42
0.07263364771519659,bp_rtp,6,taylor,results/learning_rules/resnet18_cifar100/resnet18_cifar100_bp_rtp_lam1_e100_20260514_134630_12873752,42
0.06920279681930355,bp_rtp,6,chip,results/learning_rules/resnet18_cifar100/resnet18_cifar100_bp_rtp_lam1_e100_20260514_134630_12873752,42
0.03882222807479589,bp_rtp,6,composite,results/learning_rules/resnet18_cifar100/resnet18_cifar100_bp_rtp_lam1_e100_20260514_134630_12873752,42
0.0629375330512956,bp_rtp,6,cluster_aware,results/learning_rules/resnet18_cifar100/resnet18_cifar100_bp_rtp_lam1_e100_20260514_134630_12873752,42
0.01777581030818278,bp_rtp,6,cap_ixy_hybrid_taylor,results/learning_rules/resnet18_cifar100/resnet18_cifar100_bp_rtp_lam1_e100_20260514_134630_12873752,42
0.21984027630180658,bp_rtp,6,composite_twoaxis_ixy_hybrid_taylor,results/learning_rules/resnet18_cifar100/resnet18_cifar100_bp_rtp_lam1_e100_20260514_134630_12873752,42
0.15306198193411263,bp_rtp,6,cluster_aware_stratified_twoaxis_adaptive_ixy_hybrid_taylor,results/learning_rules/resnet18_cifar100/resnet18_cifar100_bp_rtp_lam1_e100_20260514_134630_12873752,42
0.04833498306850741,bp_rtp,6,random,results/learning_rules/resnet18_cifar100/resnet18_cifar100_bp_rtp_lam1_e100_20260514_135356_12873754,123
0.0426144601193706,bp_rtp,6,magnitude,results/learning_rules/resnet18_cifar100/resnet18_cifar100_bp_rtp_lam1_e100_20260514_135356_12873754,123
0.08143599681444119,bp_rtp,6,taylor,results/learning_rules/resnet18_cifar100/resnet18_cifar100_bp_rtp_lam1_e100_20260514_135356_12873754,123
0.07117488346586236,bp_rtp,6,chip,results/learning_rules/resnet18_cifar100/resnet18_cifar100_bp_rtp_lam1_e100_20260514_135356_12873754,123
0.07503116728427739,bp_rtp,6,composite,results/learning_rules/resnet18_cifar100/resnet18_cifar100_bp_rtp_lam1_e100_20260514_135356_12873754,123
0.07442773954473265,bp_rtp,6,cluster_aware,results/learning_rules/resnet18_cifar100/resnet18_cifar100_bp_rtp_lam1_e100_20260514_135356_12873754,123
0.03042134324396071,bp_rtp,6,cap_ixy_hybrid_taylor,results/learning_rules/resnet18_cifar100/resnet18_cifar100_bp_rtp_lam1_e100_20260514_135356_12873754,123
0.18994279267321476,bp_rtp,6,composite_twoaxis_ixy_hybrid_taylor,results/learning_rules/resnet18_cifar100/resnet18_cifar100_bp_rtp_lam1_e100_20260514_135356_12873754,123
0.19784206264932308,bp_rtp,6,cluster_aware_stratified_twoaxis_adaptive_ixy_hybrid_taylor,results/learning_rules/resnet18_cifar100/resnet18_cifar100_bp_rtp_lam1_e100_20260514_135356_12873754,123
0.02732463768115942,bp_synergy,6,magnitude,results/learning_rules/resnet18_cifar100/resnet18_cifar100_bp_synergy_w0p35_lam0p3_e100_20260517_182418_13534868,123
0.0367860440340909,bp_synergy,6,taylor,results/learning_rules/resnet18_cifar100/resnet18_cifar100_bp_synergy_w0p35_lam0p3_e100_20260517_182418_13534868,123
0.04243048694424841,bp_synergy,6,composite,results/learning_rules/resnet18_cifar100/resnet18_cifar100_bp_synergy_w0p35_lam0p3_e100_20260517_182418_13534868,123
0.0922871174377224,bp_synergy,6,cap_ixy_hybrid_taylor,results/learning_rules/resnet18_cifar100/resnet18_cifar100_bp_synergy_w0p35_lam0p3_e100_20260517_182418_13534868,123
0.13456259786476868,bp_synergy,6,composite_twoaxis_ixy_hybrid_taylor,results/learning_rules/resnet18_cifar100/resnet18_cifar100_bp_synergy_w0p35_lam0p3_e100_20260517_182418_13534868,123
0.02291870477568741,bp_synergy,6,magnitude,results/learning_rules/resnet18_cifar100/resnet18_cifar100_bp_synergy_w0p35_lam0p3_e100_20260517_182420_13534866,42
0.02432764371894961,bp_synergy,6,taylor,results/learning_rules/resnet18_cifar100/resnet18_cifar100_bp_synergy_w0p35_lam0p3_e100_20260517_182420_13534866,42
0.04227061310782241,bp_synergy,6,composite,results/learning_rules/resnet18_cifar100/resnet18_cifar100_bp_synergy_w0p35_lam0p3_e100_20260517_182420_13534866,42
0.10890327169274538,bp_synergy,6,cap_ixy_hybrid_taylor,results/learning_rules/resnet18_cifar100/resnet18_cifar100_bp_synergy_w0p35_lam0p3_e100_20260517_182420_13534866,42
0.1437434210526316,bp_synergy,6,composite_twoaxis_ixy_hybrid_taylor,results/learning_rules/resnet18_cifar100/resnet18_cifar100_bp_synergy_w0p35_lam0p3_e100_20260517_182420_13534866,42
0.036242552422270424,bp_synergy,6,magnitude,results/learning_rules/resnet18_cifar100/resnet18_cifar100_bp_synergy_w0p35_lam0p3_e100_20260517_182420_13534870,456
0.03611670212765957,bp_synergy,6,taylor,results/learning_rules/resnet18_cifar100/resnet18_cifar100_bp_synergy_w0p35_lam0p3_e100_20260517_182420_13534870,456
0.04934647887323944,bp_synergy,6,composite,results/learning_rules/resnet18_cifar100/resnet18_cifar100_bp_synergy_w0p35_lam0p3_e100_20260517_182420_13534870,456
0.11968334517045454,bp_synergy,6,cap_ixy_hybrid_taylor,results/learning_rules/resnet18_cifar100/resnet18_cifar100_bp_synergy_w0p35_lam0p3_e100_20260517_182420_13534870,456
0.16460681818181822,bp_synergy,6,composite_twoaxis_ixy_hybrid_taylor,results/learning_rules/resnet18_cifar100/resnet18_cifar100_bp_synergy_w0p35_lam0p3_e100_20260517_182420_13534870,456
0.03203083604777415,bp_synergy,6,magnitude,results/learning_rules/resnet18_cifar100/resnet18_cifar100_bp_synergy_w0p5_lam0p3_e100_20260517_182417_13534874,123
0.046481910352187836,bp_synergy,6,taylor,results/learning_rules/resnet18_cifar100/resnet18_cifar100_bp_synergy_w0p5_lam0p3_e100_20260517_182417_13534874,123
0.028351464435146443,bp_synergy,6,composite,results/learning_rules/resnet18_cifar100/resnet18_cifar100_bp_synergy_w0p5_lam0p3_e100_20260517_182417_13534874,123
0.09786739594450372,bp_synergy,6,cap_ixy_hybrid_taylor,results/learning_rules/resnet18_cifar100/resnet18_cifar100_bp_synergy_w0p5_lam0p3_e100_20260517_182417_13534874,123
0.16910997865528282,bp_synergy,6,composite_twoaxis_ixy_hybrid_taylor,results/learning_rules/resnet18_cifar100/resnet18_cifar100_bp_synergy_w0p5_lam0p3_e100_20260517_182417_13534874,123
0.03398579205225912,bp_synergy,6,magnitude,results/learning_rules/resnet18_cifar100/resnet18_cifar100_bp_synergy_w0p5_lam0p3_e100_20260517_182431_13534872,42
0.05934580886278697,bp_synergy,6,taylor,results/learning_rules/resnet18_cifar100/resnet18_cifar100_bp_synergy_w0p5_lam0p3_e100_20260517_182431_13534872,42
0.03913993710691824,bp_synergy,6,composite,results/learning_rules/resnet18_cifar100/resnet18_cifar100_bp_synergy_w0p5_lam0p3_e100_20260517_182431_13534872,42
0.1144288040576615,bp_synergy,6,cap_ixy_hybrid_taylor,results/learning_rules/resnet18_cifar100/resnet18_cifar100_bp_synergy_w0p5_lam0p3_e100_20260517_182431_13534872,42
0.13555082754938602,bp_synergy,6,composite_twoaxis_ixy_hybrid_taylor,results/learning_rules/resnet18_cifar100/resnet18_cifar100_bp_synergy_w0p5_lam0p3_e100_20260517_182431_13534872,42
0.03693818082788671,bp_synergy,6,magnitude,results/learning_rules/resnet18_cifar100/resnet18_cifar100_bp_synergy_w0p5_lam0p3_e100_20260517_184319_13534876,456
0.0434526329787234,bp_synergy,6,taylor,results/learning_rules/resnet18_cifar100/resnet18_cifar100_bp_synergy_w0p5_lam0p3_e100_20260517_184319_13534876,456
0.030016859852476284,bp_synergy,6,composite,results/learning_rules/resnet18_cifar100/resnet18_cifar100_bp_synergy_w0p5_lam0p3_e100_20260517_184319_13534876,456
0.12410906914893617,bp_synergy,6,cap_ixy_hybrid_taylor,results/learning_rules/resnet18_cifar100/resnet18_cifar100_bp_synergy_w0p5_lam0p3_e100_20260517_184319_13534876,456
0.1621020744680851,bp_synergy,6,composite_twoaxis_ixy_hybrid_taylor,results/learning_rules/resnet18_cifar100/resnet18_cifar100_bp_synergy_w0p5_lam0p3_e100_20260517_184319_13534876,456
0.04807061855670103,bp_synergy,6,magnitude,results/learning_rules/resnet18_cifar100/resnet18_cifar100_bp_synergy_w1_lam0p3_e100_20260517_182213_13534678,456
0.07130035866099894,bp_synergy,6,taylor,results/learning_rules/resnet18_cifar100/resnet18_cifar100_bp_synergy_w1_lam0p3_e100_20260517_182213_13534678,456
0.05923076923076922,bp_synergy,6,composite,results/learning_rules/resnet18_cifar100/resnet18_cifar100_bp_synergy_w1_lam0p3_e100_20260517_182213_13534678,456
0.06001002922422954,bp_synergy,6,cap_ixy_hybrid_taylor,results/learning_rules/resnet18_cifar100/resnet18_cifar100_bp_synergy_w1_lam0p3_e100_20260517_182213_13534678,456
0.17949561636556854,bp_synergy,6,composite_twoaxis_ixy_hybrid_taylor,results/learning_rules/resnet18_cifar100/resnet18_cifar100_bp_synergy_w1_lam0p3_e100_20260517_182213_13534678,456
0.041258050502307894,bp_synergy,6,magnitude,results/learning_rules/resnet18_cifar100/resnet18_cifar100_bp_synergy_w1_lam0p3_e100_20260517_182256_13534654,42
0.07193042264752791,bp_synergy,6,taylor,results/learning_rules/resnet18_cifar100/resnet18_cifar100_bp_synergy_w1_lam0p3_e100_20260517_182256_13534654,42
0.05008210803689064,bp_synergy,6,composite,results/learning_rules/resnet18_cifar100/resnet18_cifar100_bp_synergy_w1_lam0p3_e100_20260517_182256_13534654,42
0.08418139287612972,bp_synergy,6,cap_ixy_hybrid_taylor,results/learning_rules/resnet18_cifar100/resnet18_cifar100_bp_synergy_w1_lam0p3_e100_20260517_182256_13534654,42
0.2030035885167464,bp_synergy,6,composite_twoaxis_ixy_hybrid_taylor,results/learning_rules/resnet18_cifar100/resnet18_cifar100_bp_synergy_w1_lam0p3_e100_20260517_182256_13534654,42
0.05341149659863946,bp_synergy,6,magnitude,results/learning_rules/resnet18_cifar100/resnet18_cifar100_bp_synergy_w1_lam0p3_e100_20260517_182257_13534656,123
0.07538759007205764,bp_synergy,6,taylor,results/learning_rules/resnet18_cifar100/resnet18_cifar100_bp_synergy_w1_lam0p3_e100_20260517_182257_13534656,123
0.06088579679705959,bp_synergy,6,composite,results/learning_rules/resnet18_cifar100/resnet18_cifar100_bp_synergy_w1_lam0p3_e100_20260517_182257_13534656,123
0.11439127301841474,bp_synergy,6,cap_ixy_hybrid_taylor,results/learning_rules/resnet18_cifar100/resnet18_cifar100_bp_synergy_w1_lam0p3_e100_20260517_182257_13534656,123
0.19768094475580464,bp_synergy,6,composite_twoaxis_ixy_hybrid_taylor,results/learning_rules/resnet18_cifar100/resnet18_cifar100_bp_synergy_w1_lam0p3_e100_20260517_182257_13534656,123
0.056099505079447776,bp_tard,6,random,results/learning_rules/resnet18_cifar100/resnet18_cifar100_bp_tard_lam0p03_e100_20260514_102620_12873738,42
0.055307525129041024,bp_tard,6,magnitude,results/learning_rules/resnet18_cifar100/resnet18_cifar100_bp_tard_lam0p03_e100_20260514_102620_12873738,42
0.07895786815523659,bp_tard,6,taylor,results/learning_rules/resnet18_cifar100/resnet18_cifar100_bp_tard_lam0p03_e100_20260514_102620_12873738,42
0.07237640603566531,bp_tard,6,chip,results/learning_rules/resnet18_cifar100/resnet18_cifar100_bp_tard_lam0p03_e100_20260514_102620_12873738,42
0.04976287362349239,bp_tard,6,composite,results/learning_rules/resnet18_cifar100/resnet18_cifar100_bp_tard_lam0p03_e100_20260514_102620_12873738,42
0.09972317426838914,bp_tard,6,cluster_aware,results/learning_rules/resnet18_cifar100/resnet18_cifar100_bp_tard_lam0p03_e100_20260514_102620_12873738,42
0.1647146863370547,bp_tard,6,cap_ixy_hybrid_taylor,results/learning_rules/resnet18_cifar100/resnet18_cifar100_bp_tard_lam0p03_e100_20260514_102620_12873738,42
0.2106979000531632,bp_tard,6,composite_twoaxis_ixy_hybrid_taylor,results/learning_rules/resnet18_cifar100/resnet18_cifar100_bp_tard_lam0p03_e100_20260514_102620_12873738,42
0.17766940457203612,bp_tard,6,cluster_aware_stratified_twoaxis_adaptive_ixy_hybrid_taylor,results/learning_rules/resnet18_cifar100/resnet18_cifar100_bp_tard_lam0p03_e100_20260514_102620_12873738,42
0.04893513935920812,bp_tard,6,random,results/learning_rules/resnet18_cifar100/resnet18_cifar100_bp_tard_lam0p03_e100_20260514_103326_12873739,123
0.04669378561736771,bp_tard,6,magnitude,results/learning_rules/resnet18_cifar100/resnet18_cifar100_bp_tard_lam0p03_e100_20260514_103326_12873739,123
0.06468093783209351,bp_tard,6,taylor,results/learning_rules/resnet18_cifar100/resnet18_cifar100_bp_tard_lam0p03_e100_20260514_103326_12873739,123
0.06907438288535382,bp_tard,6,chip,results/learning_rules/resnet18_cifar100/resnet18_cifar100_bp_tard_lam0p03_e100_20260514_103326_12873739,123
0.0605568092364209,bp_tard,6,composite,results/learning_rules/resnet18_cifar100/resnet18_cifar100_bp_tard_lam0p03_e100_20260514_103326_12873739,123
0.08957961114030479,bp_tard,6,cluster_aware,results/learning_rules/resnet18_cifar100/resnet18_cifar100_bp_tard_lam0p03_e100_20260514_103326_12873739,123
0.10790298884165782,bp_tard,6,cap_ixy_hybrid_taylor,results/learning_rules/resnet18_cifar100/resnet18_cifar100_bp_tard_lam0p03_e100_20260514_103326_12873739,123
0.2170595377258236,bp_tard,6,composite_twoaxis_ixy_hybrid_taylor,results/learning_rules/resnet18_cifar100/resnet18_cifar100_bp_tard_lam0p03_e100_20260514_103326_12873739,123
0.1812116365568544,bp_tard,6,cluster_aware_stratified_twoaxis_adaptive_ixy_hybrid_taylor,results/learning_rules/resnet18_cifar100/resnet18_cifar100_bp_tard_lam0p03_e100_20260514_103326_12873739,123
0.05470539202917427,bp_tard,6,random,results/learning_rules/resnet18_cifar100/resnet18_cifar100_bp_tard_lam0p1_e100_20260514_105713_12873740,42
0.05050691388209726,bp_tard,6,magnitude,results/learning_rules/resnet18_cifar100/resnet18_cifar100_bp_tard_lam0p1_e100_20260514_105713_12873740,42
0.07406128689178408,bp_tard,6,taylor,results/learning_rules/resnet18_cifar100/resnet18_cifar100_bp_tard_lam0p1_e100_20260514_105713_12873740,42
0.07166294973908267,bp_tard,6,chip,results/learning_rules/resnet18_cifar100/resnet18_cifar100_bp_tard_lam0p1_e100_20260514_105713_12873740,42
0.056917671735710544,bp_tard,6,composite,results/learning_rules/resnet18_cifar100/resnet18_cifar100_bp_tard_lam0p1_e100_20260514_105713_12873740,42
0.08674934036939315,bp_tard,6,cluster_aware,results/learning_rules/resnet18_cifar100/resnet18_cifar100_bp_tard_lam0p1_e100_20260514_105713_12873740,42
0.14348580164849772,bp_tard,6,cap_ixy_hybrid_taylor,results/learning_rules/resnet18_cifar100/resnet18_cifar100_bp_tard_lam0p1_e100_20260514_105713_12873740,42
0.22628056367987237,bp_tard,6,composite_twoaxis_ixy_hybrid_taylor,results/learning_rules/resnet18_cifar100/resnet18_cifar100_bp_tard_lam0p1_e100_20260514_105713_12873740,42
0.19141243020473278,bp_tard,6,cluster_aware_stratified_twoaxis_adaptive_ixy_hybrid_taylor,results/learning_rules/resnet18_cifar100/resnet18_cifar100_bp_tard_lam0p1_e100_20260514_105713_12873740,42
0.05448658504818962,bp_tard,6,random,results/learning_rules/resnet18_cifar100/resnet18_cifar100_bp_tard_lam0p1_e100_20260514_112252_12873741,123
0.04884382297040456,bp_tard,6,magnitude,results/learning_rules/resnet18_cifar100/resnet18_cifar100_bp_tard_lam0p1_e100_20260514_112252_12873741,123
0.06808697501329079,bp_tard,6,taylor,results/learning_rules/resnet18_cifar100/resnet18_cifar100_bp_tard_lam0p1_e100_20260514_112252_12873741,123
0.06751631001371743,bp_tard,6,chip,results/learning_rules/resnet18_cifar100/resnet18_cifar100_bp_tard_lam0p1_e100_20260514_112252_12873741,123
0.057583924349881806,bp_tard,6,composite,results/learning_rules/resnet18_cifar100/resnet18_cifar100_bp_tard_lam0p1_e100_20260514_112252_12873741,123
0.08464422824086248,bp_tard,6,cluster_aware,results/learning_rules/resnet18_cifar100/resnet18_cifar100_bp_tard_lam0p1_e100_20260514_112252_12873741,123
0.14442958532695374,bp_tard,6,cap_ixy_hybrid_taylor,results/learning_rules/resnet18_cifar100/resnet18_cifar100_bp_tard_lam0p1_e100_20260514_112252_12873741,123
0.2403044391281233,bp_tard,6,composite_twoaxis_ixy_hybrid_taylor,results/learning_rules/resnet18_cifar100/resnet18_cifar100_bp_tard_lam0p1_e100_20260514_112252_12873741,123
0.14690305688463584,bp_tard,6,cluster_aware_stratified_twoaxis_adaptive_ixy_hybrid_taylor,results/learning_rules/resnet18_cifar100/resnet18_cifar100_bp_tard_lam0p1_e100_20260514_112252_12873741,123
0.04949778588174004,bp_rtc_tard,6,random,results/learning_rules/resnet18_cifar100/resnet18_cifar100_bp_tard_lam0p1_e100_20260515_013337_12988921,42
0.06739034754276405,bp_rtc_tard,6,magnitude,results/learning_rules/resnet18_cifar100/resnet18_cifar100_bp_tard_lam0p1_e100_20260515_013337_12988921,42
0.07201112881806108,bp_rtc_tard,6,taylor,results/learning_rules/resnet18_cifar100/resnet18_cifar100_bp_tard_lam0p1_e100_20260515_013337_12988921,42
0.06888379083173207,bp_rtc_tard,6,chip,results/learning_rules/resnet18_cifar100/resnet18_cifar100_bp_tard_lam0p1_e100_20260515_013337_12988921,42
0.06285947798576325,bp_rtc_tard,6,composite,results/learning_rules/resnet18_cifar100/resnet18_cifar100_bp_tard_lam0p1_e100_20260515_013337_12988921,42
0.08889250329380763,bp_rtc_tard,6,cluster_aware,results/learning_rules/resnet18_cifar100/resnet18_cifar100_bp_tard_lam0p1_e100_20260515_013337_12988921,42
0.1536648605577689,bp_rtc_tard,6,cap_ixy_hybrid_taylor,results/learning_rules/resnet18_cifar100/resnet18_cifar100_bp_tard_lam0p1_e100_20260515_013337_12988921,42
0.20319189907038512,bp_rtc_tard,6,composite_twoaxis_ixy_hybrid_taylor,results/learning_rules/resnet18_cifar100/resnet18_cifar100_bp_tard_lam0p1_e100_20260515_013337_12988921,42
0.12853938911022575,bp_rtc_tard,6,cluster_aware_stratified_twoaxis_adaptive_ixy_hybrid_taylor,results/learning_rules/resnet18_cifar100/resnet18_cifar100_bp_tard_lam0p1_e100_20260515_013337_12988921,42
0.06016306329773378,bp_rtc_tard,6,random,results/learning_rules/resnet18_cifar100/resnet18_cifar100_bp_tard_lam0p1_e100_20260515_013409_12988922,123
0.04807531868727962,bp_rtc_tard,6,magnitude,results/learning_rules/resnet18_cifar100/resnet18_cifar100_bp_tard_lam0p1_e100_20260515_013409_12988922,123
0.06979875132837407,bp_rtc_tard,6,taylor,results/learning_rules/resnet18_cifar100/resnet18_cifar100_bp_tard_lam0p1_e100_20260515_013409_12988922,123
0.06303057919297282,bp_rtc_tard,6,chip,results/learning_rules/resnet18_cifar100/resnet18_cifar100_bp_tard_lam0p1_e100_20260515_013409_12988922,123
0.07254736289687745,bp_rtc_tard,6,composite,results/learning_rules/resnet18_cifar100/resnet18_cifar100_bp_tard_lam0p1_e100_20260515_013409_12988922,123
0.11416860189573458,bp_rtc_tard,6,cluster_aware,results/learning_rules/resnet18_cifar100/resnet18_cifar100_bp_tard_lam0p1_e100_20260515_013409_12988922,123
0.1666260095642933,bp_rtc_tard,6,cap_ixy_hybrid_taylor,results/learning_rules/resnet18_cifar100/resnet18_cifar100_bp_tard_lam0p1_e100_20260515_013409_12988922,123
0.22492789585547282,bp_rtc_tard,6,composite_twoaxis_ixy_hybrid_taylor,results/learning_rules/resnet18_cifar100/resnet18_cifar100_bp_tard_lam0p1_e100_20260515_013409_12988922,123
0.22274063496280555,bp_rtc_tard,6,cluster_aware_stratified_twoaxis_adaptive_ixy_hybrid_taylor,results/learning_rules/resnet18_cifar100/resnet18_cifar100_bp_tard_lam0p1_e100_20260515_013409_12988922,123
0.05563694972649127,bp_tard,6,random,results/learning_rules/resnet18_cifar100/resnet18_cifar100_bp_tard_lam0p1_e100_20260515_015040_12988988,42
0.05066178067318133,bp_tard,6,magnitude,results/learning_rules/resnet18_cifar100/resnet18_cifar100_bp_tard_lam0p1_e100_20260515_015040_12988988,42
0.07419447983014861,bp_tard,6,taylor,results/learning_rules/resnet18_cifar100/resnet18_cifar100_bp_tard_lam0p1_e100_20260515_015040_12988988,42
0.06736810321163876,bp_tard,6,chip,results/learning_rules/resnet18_cifar100/resnet18_cifar100_bp_tard_lam0p1_e100_20260515_015040_12988988,42
0.061890234272176874,bp_tard,6,composite,results/learning_rules/resnet18_cifar100/resnet18_cifar100_bp_tard_lam0p1_e100_20260515_015040_12988988,42
0.09456458443620963,bp_tard,6,cluster_aware,results/learning_rules/resnet18_cifar100/resnet18_cifar100_bp_tard_lam0p1_e100_20260515_015040_12988988,42
0.11456016454352441,bp_tard,6,cap_ixy_hybrid_taylor,results/learning_rules/resnet18_cifar100/resnet18_cifar100_bp_tard_lam0p1_e100_20260515_015040_12988988,42
0.21879108280254775,bp_tard,6,composite_twoaxis_ixy_hybrid_taylor,results/learning_rules/resnet18_cifar100/resnet18_cifar100_bp_tard_lam0p1_e100_20260515_015040_12988988,42
0.1763664543524416,bp_tard,6,cluster_aware_stratified_twoaxis_adaptive_ixy_hybrid_taylor,results/learning_rules/resnet18_cifar100/resnet18_cifar100_bp_tard_lam0p1_e100_20260515_015040_12988988,42
0.04709716071893723,bp_tard,6,random,results/learning_rules/resnet18_cifar100/resnet18_cifar100_bp_tard_lam0p1_e100_20260515_020840_12988989,123
0.05478184410646386,bp_tard,6,magnitude,results/learning_rules/resnet18_cifar100/resnet18_cifar100_bp_tard_lam0p1_e100_20260515_020840_12988989,123
0.07514404952076677,bp_tard,6,taylor,results/learning_rules/resnet18_cifar100/resnet18_cifar100_bp_tard_lam0p1_e100_20260515_020840_12988989,123
0.06494029072956664,bp_tard,6,chip,results/learning_rules/resnet18_cifar100/resnet18_cifar100_bp_tard_lam0p1_e100_20260515_020840_12988989,123
0.050803767660910513,bp_tard,6,composite,results/learning_rules/resnet18_cifar100/resnet18_cifar100_bp_tard_lam0p1_e100_20260515_020840_12988989,123
0.08701320283762479,bp_tard,6,cluster_aware,results/learning_rules/resnet18_cifar100/resnet18_cifar100_bp_tard_lam0p1_e100_20260515_020840_12988989,123
0.11479430244941426,bp_tard,6,cap_ixy_hybrid_taylor,results/learning_rules/resnet18_cifar100/resnet18_cifar100_bp_tard_lam0p1_e100_20260515_020840_12988989,123
0.24395359424920127,bp_tard,6,composite_twoaxis_ixy_hybrid_taylor,results/learning_rules/resnet18_cifar100/resnet18_cifar100_bp_tard_lam0p1_e100_20260515_020840_12988989,123
0.18695002662406812,bp_tard,6,cluster_aware_stratified_twoaxis_adaptive_ixy_hybrid_taylor,results/learning_rules/resnet18_cifar100/resnet18_cifar100_bp_tard_lam0p1_e100_20260515_020840_12988989,123
0.05567439437353477,bp_tard,6,random,results/learning_rules/resnet18_cifar100/resnet18_cifar100_bp_tard_lam0p1_e100_20260515_020928_12989035,42
0.050147732210755025,bp_tard,6,magnitude,results/learning_rules/resnet18_cifar100/resnet18_cifar100_bp_tard_lam0p1_e100_20260515_020928_12989035,42
0.06829557533882541,bp_tard,6,taylor,results/learning_rules/resnet18_cifar100/resnet18_cifar100_bp_tard_lam0p1_e100_20260515_020928_12989035,42
0.0713119890260631,bp_tard,6,chip,results/learning_rules/resnet18_cifar100/resnet18_cifar100_bp_tard_lam0p1_e100_20260515_020928_12989035,42
0.06677089257503949,bp_tard,6,composite,results/learning_rules/resnet18_cifar100/resnet18_cifar100_bp_tard_lam0p1_e100_20260515_020928_12989035,42
0.09965797886393658,bp_tard,6,cluster_aware,results/learning_rules/resnet18_cifar100/resnet18_cifar100_bp_tard_lam0p1_e100_20260515_020928_12989035,42
0.1059815971299495,bp_tard,6,cap_ixy_hybrid_taylor,results/learning_rules/resnet18_cifar100/resnet18_cifar100_bp_tard_lam0p1_e100_20260515_020928_12989035,42
0.20909427318628757,bp_tard,6,composite_twoaxis_ixy_hybrid_taylor,results/learning_rules/resnet18_cifar100/resnet18_cifar100_bp_tard_lam0p1_e100_20260515_020928_12989035,42
0.19398361679511028,bp_tard,6,cluster_aware_stratified_twoaxis_adaptive_ixy_hybrid_taylor,results/learning_rules/resnet18_cifar100/resnet18_cifar100_bp_tard_lam0p1_e100_20260515_020928_12989035,42
0.05728731440479291,bp_tard,6,random,results/learning_rules/resnet18_cifar100/resnet18_cifar100_bp_tard_lam0p1_e100_20260515_021610_12989036,123
0.049120233251966364,bp_tard,6,magnitude,results/learning_rules/resnet18_cifar100/resnet18_cifar100_bp_tard_lam0p1_e100_20260515_021610_12989036,123
0.07578587187666135,bp_tard,6,taylor,results/learning_rules/resnet18_cifar100/resnet18_cifar100_bp_tard_lam0p1_e100_20260515_021610_12989036,123
0.0695302660449808,bp_tard,6,chip,results/learning_rules/resnet18_cifar100/resnet18_cifar100_bp_tard_lam0p1_e100_20260515_021610_12989036,123
0.07824188011618695,bp_tard,6,composite,results/learning_rules/resnet18_cifar100/resnet18_cifar100_bp_tard_lam0p1_e100_20260515_021610_12989036,123
0.11244293262879788,bp_tard,6,cluster_aware,results/learning_rules/resnet18_cifar100/resnet18_cifar100_bp_tard_lam0p1_e100_20260515_021610_12989036,123
0.152172461456672,bp_tard,6,cap_ixy_hybrid_taylor,results/learning_rules/resnet18_cifar100/resnet18_cifar100_bp_tard_lam0p1_e100_20260515_021610_12989036,123
0.21187215576820834,bp_tard,6,composite_twoaxis_ixy_hybrid_taylor,results/learning_rules/resnet18_cifar100/resnet18_cifar100_bp_tard_lam0p1_e100_20260515_021610_12989036,123
0.14467814992025516,bp_tard,6,cluster_aware_stratified_twoaxis_adaptive_ixy_hybrid_taylor,results/learning_rules/resnet18_cifar100/resnet18_cifar100_bp_tard_lam0p1_e100_20260515_021610_12989036,123
0.05076061474342277,bp_tard,6,random,results/learning_rules/resnet18_cifar100/resnet18_cifar100_bp_tard_lam0p3_e100_20260514_112412_12873742,42
0.050823969072164944,bp_tard,6,magnitude,results/learning_rules/resnet18_cifar100/resnet18_cifar100_bp_tard_lam0p3_e100_20260514_112412_12873742,42
0.06580473026840286,bp_tard,6,taylor,results/learning_rules/resnet18_cifar100/resnet18_cifar100_bp_tard_lam0p3_e100_20260514_112412_12873742,42
0.07169666758091058,bp_tard,6,chip,results/learning_rules/resnet18_cifar100/resnet18_cifar100_bp_tard_lam0p3_e100_20260514_112412_12873742,42
0.052323125659978875,bp_tard,6,composite,results/learning_rules/resnet18_cifar100/resnet18_cifar100_bp_tard_lam0p3_e100_20260514_112412_12873742,42
0.09983147853736088,bp_tard,6,cluster_aware,results/learning_rules/resnet18_cifar100/resnet18_cifar100_bp_tard_lam0p3_e100_20260514_112412_12873742,42
0.05767042253521126,bp_tard,6,cap_ixy_hybrid_taylor,results/learning_rules/resnet18_cifar100/resnet18_cifar100_bp_tard_lam0p3_e100_20260514_112412_12873742,42
0.22040605899548232,bp_tard,6,composite_twoaxis_ixy_hybrid_taylor,results/learning_rules/resnet18_cifar100/resnet18_cifar100_bp_tard_lam0p3_e100_20260514_112412_12873742,42
0.1836053414828594,bp_tard,6,cluster_aware_stratified_twoaxis_adaptive_ixy_hybrid_taylor,results/learning_rules/resnet18_cifar100/resnet18_cifar100_bp_tard_lam0p3_e100_20260514_112412_12873742,42
0.04432143787444647,bp_tard,6,random,results/learning_rules/resnet18_cifar100/resnet18_cifar100_bp_tard_lam0p3_e100_20260514_112945_12873743,123
0.0523506652185718,bp_tard,6,magnitude,results/learning_rules/resnet18_cifar100/resnet18_cifar100_bp_tard_lam0p3_e100_20260514_112945_12873743,123
0.07085745415891576,bp_tard,6,taylor,results/learning_rules/resnet18_cifar100/resnet18_cifar100_bp_tard_lam0p3_e100_20260514_112945_12873743,123
0.07057810098792536,bp_tard,6,chip,results/learning_rules/resnet18_cifar100/resnet18_cifar100_bp_tard_lam0p3_e100_20260514_112945_12873743,123
0.051068911099421334,bp_tard,6,composite,results/learning_rules/resnet18_cifar100/resnet18_cifar100_bp_tard_lam0p3_e100_20260514_112945_12873743,123
0.08218967334035826,bp_tard,6,cluster_aware,results/learning_rules/resnet18_cifar100/resnet18_cifar100_bp_tard_lam0p3_e100_20260514_112945_12873743,123
0.09031656922668084,bp_tard,6,cap_ixy_hybrid_taylor,results/learning_rules/resnet18_cifar100/resnet18_cifar100_bp_tard_lam0p3_e100_20260514_112945_12873743,123
0.2361603109221366,bp_tard,6,composite_twoaxis_ixy_hybrid_taylor,results/learning_rules/resnet18_cifar100/resnet18_cifar100_bp_tard_lam0p3_e100_20260514_112945_12873743,123
0.21976905394631943,bp_tard,6,cluster_aware_stratified_twoaxis_adaptive_ixy_hybrid_taylor,results/learning_rules/resnet18_cifar100/resnet18_cifar100_bp_tard_lam0p3_e100_20260514_112945_12873743,123
0.04892263610315186,bp_rtc_tard,6,random,results/learning_rules/resnet18_cifar100/resnet18_cifar100_bp_tard_lam0p3_e100_20260515_013859_12988923,42
0.06071736413043477,bp_rtc_tard,6,magnitude,results/learning_rules/resnet18_cifar100/resnet18_cifar100_bp_tard_lam0p3_e100_20260515_013859_12988923,42
0.07131814441199893,bp_rtc_tard,6,taylor,results/learning_rules/resnet18_cifar100/resnet18_cifar100_bp_tard_lam0p3_e100_20260515_013859_12988923,42
0.06800575815738964,bp_rtc_tard,6,chip,results/learning_rules/resnet18_cifar100/resnet18_cifar100_bp_tard_lam0p3_e100_20260515_013859_12988923,42
0.04908300395256916,bp_rtc_tard,6,composite,results/learning_rules/resnet18_cifar100/resnet18_cifar100_bp_tard_lam0p3_e100_20260515_013859_12988923,42
0.08755721077654516,bp_rtc_tard,6,cluster_aware,results/learning_rules/resnet18_cifar100/resnet18_cifar100_bp_tard_lam0p3_e100_20260515_013859_12988923,42
0.14787896203875764,bp_rtc_tard,6,cap_ixy_hybrid_taylor,results/learning_rules/resnet18_cifar100/resnet18_cifar100_bp_tard_lam0p3_e100_20260515_013859_12988923,42
0.2306587602867003,bp_rtc_tard,6,composite_twoaxis_ixy_hybrid_taylor,results/learning_rules/resnet18_cifar100/resnet18_cifar100_bp_tard_lam0p3_e100_20260515_013859_12988923,42
0.17548954074860632,bp_rtc_tard,6,cluster_aware_stratified_twoaxis_adaptive_ixy_hybrid_taylor,results/learning_rules/resnet18_cifar100/resnet18_cifar100_bp_tard_lam0p3_e100_20260515_013859_12988923,42
0.044784058348528256,bp_rtc_tard,6,random,results/learning_rules/resnet18_cifar100/resnet18_cifar100_bp_tard_lam0p3_e100_20260515_014050_12988924,123
0.04690655004068347,bp_rtc_tard,6,magnitude,results/learning_rules/resnet18_cifar100/resnet18_cifar100_bp_tard_lam0p3_e100_20260515_014050_12988924,123
0.0776338164893617,bp_rtc_tard,6,taylor,results/learning_rules/resnet18_cifar100/resnet18_cifar100_bp_tard_lam0p3_e100_20260515_014050_12988924,123
0.06063954732510288,bp_rtc_tard,6,chip,results/learning_rules/resnet18_cifar100/resnet18_cifar100_bp_tard_lam0p3_e100_20260515_014050_12988924,123
0.0669878851725046,bp_rtc_tard,6,composite,results/learning_rules/resnet18_cifar100/resnet18_cifar100_bp_tard_lam0p3_e100_20260515_014050_12988924,123
0.10756810982048574,bp_rtc_tard,6,cluster_aware,results/learning_rules/resnet18_cifar100/resnet18_cifar100_bp_tard_lam0p3_e100_20260515_014050_12988924,123
0.11246577127659574,bp_rtc_tard,6,cap_ixy_hybrid_taylor,results/learning_rules/resnet18_cifar100/resnet18_cifar100_bp_tard_lam0p3_e100_20260515_014050_12988924,123
0.2307705984042553,bp_rtc_tard,6,composite_twoaxis_ixy_hybrid_taylor,results/learning_rules/resnet18_cifar100/resnet18_cifar100_bp_tard_lam0p3_e100_20260515_014050_12988924,123
0.19346300531914892,bp_rtc_tard,6,cluster_aware_stratified_twoaxis_adaptive_ixy_hybrid_taylor,results/learning_rules/resnet18_cifar100/resnet18_cifar100_bp_tard_lam0p3_e100_20260515_014050_12988924,123
0.048678822610054705,bp_tard,6,random,results/learning_rules/resnet18_cifar100/resnet18_cifar100_bp_tard_lam1_e100_20260514_115352_12873744,42
0.058753051261187975,bp_tard,6,magnitude,results/learning_rules/resnet18_cifar100/resnet18_cifar100_bp_tard_lam1_e100_20260514_115352_12873744,42
0.07600718276137271,bp_tard,6,taylor,results/learning_rules/resnet18_cifar100/resnet18_cifar100_bp_tard_lam1_e100_20260514_115352_12873744,42
0.06927783872737245,bp_tard,6,chip,results/learning_rules/resnet18_cifar100/resnet18_cifar100_bp_tard_lam1_e100_20260514_115352_12873744,42
0.05740771856130217,bp_tard,6,composite,results/learning_rules/resnet18_cifar100/resnet18_cifar100_bp_tard_lam1_e100_20260514_115352_12873744,42
0.0756928759894459,bp_tard,6,cluster_aware,results/learning_rules/resnet18_cifar100/resnet18_cifar100_bp_tard_lam1_e100_20260514_115352_12873744,42
0.11050151636073423,bp_tard,6,cap_ixy_hybrid_taylor,results/learning_rules/resnet18_cifar100/resnet18_cifar100_bp_tard_lam1_e100_20260514_115352_12873744,42
0.22539525139664796,bp_tard,6,composite_twoaxis_ixy_hybrid_taylor,results/learning_rules/resnet18_cifar100/resnet18_cifar100_bp_tard_lam1_e100_20260514_115352_12873744,42
0.19327194732641656,bp_tard,6,cluster_aware_stratified_twoaxis_adaptive_ixy_hybrid_taylor,results/learning_rules/resnet18_cifar100/resnet18_cifar100_bp_tard_lam1_e100_20260514_115352_12873744,42
0.051385777546235994,bp_tard,6,random,results/learning_rules/resnet18_cifar100/resnet18_cifar100_bp_tard_lam1_e100_20260514_121918_12873745,123
0.0649176302931596,bp_tard,6,magnitude,results/learning_rules/resnet18_cifar100/resnet18_cifar100_bp_tard_lam1_e100_20260514_121918_12873745,123
0.07723933226922053,bp_tard,6,taylor,results/learning_rules/resnet18_cifar100/resnet18_cifar100_bp_tard_lam1_e100_20260514_121918_12873745,123
0.06961588477366254,bp_tard,6,chip,results/learning_rules/resnet18_cifar100/resnet18_cifar100_bp_tard_lam1_e100_20260514_121918_12873745,123
0.0651634261692065,bp_tard,6,composite,results/learning_rules/resnet18_cifar100/resnet18_cifar100_bp_tard_lam1_e100_20260514_121918_12873745,123
0.07123529411764706,bp_tard,6,cluster_aware,results/learning_rules/resnet18_cifar100/resnet18_cifar100_bp_tard_lam1_e100_20260514_121918_12873745,123
0.025350957701516356,bp_tard,6,cap_ixy_hybrid_taylor,results/learning_rules/resnet18_cifar100/resnet18_cifar100_bp_tard_lam1_e100_20260514_121918_12873745,123
0.23295812716147907,bp_tard,6,composite_twoaxis_ixy_hybrid_taylor,results/learning_rules/resnet18_cifar100/resnet18_cifar100_bp_tard_lam1_e100_20260514_121918_12873745,123
0.1958640329874966,bp_tard,6,cluster_aware_stratified_twoaxis_adaptive_ixy_hybrid_taylor,results/learning_rules/resnet18_cifar100/resnet18_cifar100_bp_tard_lam1_e100_20260514_121918_12873745,123
0.017742876997915217,bp_tard,6,random,results/learning_rules/resnet18_cifar100/resnet18_cifar100_bp_tard_w0p35_lam0p1_e100_20260515_010454_12988884,42
0.03639225199131064,bp_tard,6,magnitude,results/learning_rules/resnet18_cifar100/resnet18_cifar100_bp_tard_w0p35_lam0p1_e100_20260515_010454_12988884,42
0.03983977272727273,bp_tard,6,taylor,results/learning_rules/resnet18_cifar100/resnet18_cifar100_bp_tard_w0p35_lam0p1_e100_20260515_010454_12988884,42
0.026286867204695526,bp_tard,6,chip,results/learning_rules/resnet18_cifar100/resnet18_cifar100_bp_tard_w0p35_lam0p1_e100_20260515_010454_12988884,42
0.03754947368421053,bp_tard,6,composite,results/learning_rules/resnet18_cifar100/resnet18_cifar100_bp_tard_w0p35_lam0p1_e100_20260515_010454_12988884,42
0.049422535211267604,bp_tard,6,cluster_aware,results/learning_rules/resnet18_cifar100/resnet18_cifar100_bp_tard_w0p35_lam0p1_e100_20260515_010454_12988884,42
0.05479334519572953,bp_tard,6,cap_ixy_hybrid_taylor,results/learning_rules/resnet18_cifar100/resnet18_cifar100_bp_tard_w0p35_lam0p1_e100_20260515_010454_12988884,42
0.13837338078291814,bp_tard,6,composite_twoaxis_ixy_hybrid_taylor,results/learning_rules/resnet18_cifar100/resnet18_cifar100_bp_tard_w0p35_lam0p1_e100_20260515_010454_12988884,42
0.13637049822064057,bp_tard,6,cluster_aware_stratified_twoaxis_adaptive_ixy_hybrid_taylor,results/learning_rules/resnet18_cifar100/resnet18_cifar100_bp_tard_w0p35_lam0p1_e100_20260515_010454_12988884,42
0.01501043841336117,bp_tard,6,random,results/learning_rules/resnet18_cifar100/resnet18_cifar100_bp_tard_w0p35_lam0p1_e100_20260515_010659_12988885,123
0.029176395939086292,bp_tard,6,magnitude,results/learning_rules/resnet18_cifar100/resnet18_cifar100_bp_tard_w0p35_lam0p1_e100_20260515_010659_12988885,123
0.04255885082084226,bp_tard,6,taylor,results/learning_rules/resnet18_cifar100/resnet18_cifar100_bp_tard_w0p35_lam0p1_e100_20260515_010659_12988885,123
0.018609824046920822,bp_tard,6,chip,results/learning_rules/resnet18_cifar100/resnet18_cifar100_bp_tard_w0p35_lam0p1_e100_20260515_010659_12988885,123
0.0454564606741573,bp_tard,6,composite,results/learning_rules/resnet18_cifar100/resnet18_cifar100_bp_tard_w0p35_lam0p1_e100_20260515_010659_12988885,123
0.05212088920254058,bp_tard,6,cluster_aware,results/learning_rules/resnet18_cifar100/resnet18_cifar100_bp_tard_w0p35_lam0p1_e100_20260515_010659_12988885,123
0.08372544674767692,bp_tard,6,cap_ixy_hybrid_taylor,results/learning_rules/resnet18_cifar100/resnet18_cifar100_bp_tard_w0p35_lam0p1_e100_20260515_010659_12988885,123
0.11645125089349535,bp_tard,6,composite_twoaxis_ixy_hybrid_taylor,results/learning_rules/resnet18_cifar100/resnet18_cifar100_bp_tard_w0p35_lam0p1_e100_20260515_010659_12988885,123
0.11994356683345248,bp_tard,6,cluster_aware_stratified_twoaxis_adaptive_ixy_hybrid_taylor,results/learning_rules/resnet18_cifar100/resnet18_cifar100_bp_tard_w0p35_lam0p1_e100_20260515_010659_12988885,123
0.018906184850590688,bp_tard,6,random,results/learning_rules/resnet18_cifar100/resnet18_cifar100_bp_tard_w0p35_lam0p3_e100_20260515_011336_12988888,42
0.02625854453294714,bp_tard,6,magnitude,results/learning_rules/resnet18_cifar100/resnet18_cifar100_bp_tard_w0p35_lam0p3_e100_20260515_011336_12988888,42
0.02762131672597865,bp_tard,6,taylor,results/learning_rules/resnet18_cifar100/resnet18_cifar100_bp_tard_w0p35_lam0p3_e100_20260515_011336_12988888,42
0.02029728739002933,bp_tard,6,chip,results/learning_rules/resnet18_cifar100/resnet18_cifar100_bp_tard_w0p35_lam0p3_e100_20260515_011336_12988888,42
0.04203496503496504,bp_tard,6,composite,results/learning_rules/resnet18_cifar100/resnet18_cifar100_bp_tard_w0p35_lam0p3_e100_20260515_011336_12988888,42
0.0644042164441321,bp_tard,6,cluster_aware,results/learning_rules/resnet18_cifar100/resnet18_cifar100_bp_tard_w0p35_lam0p3_e100_20260515_011336_12988888,42
0.06736062767475036,bp_tard,6,cap_ixy_hybrid_taylor,results/learning_rules/resnet18_cifar100/resnet18_cifar100_bp_tard_w0p35_lam0p3_e100_20260515_011336_12988888,42
0.15114004992867333,bp_tard,6,composite_twoaxis_ixy_hybrid_taylor,results/learning_rules/resnet18_cifar100/resnet18_cifar100_bp_tard_w0p35_lam0p3_e100_20260515_011336_12988888,42
0.1432774607703281,bp_tard,6,cluster_aware_stratified_twoaxis_adaptive_ixy_hybrid_taylor,results/learning_rules/resnet18_cifar100/resnet18_cifar100_bp_tard_w0p35_lam0p3_e100_20260515_011336_12988888,42
0.025306889352818367,bp_tard,6,random,results/learning_rules/resnet18_cifar100/resnet18_cifar100_bp_tard_w0p35_lam0p3_e100_20260515_013006_12988889,123
0.03013944121915821,bp_tard,6,magnitude,results/learning_rules/resnet18_cifar100/resnet18_cifar100_bp_tard_w0p35_lam0p3_e100_20260515_013006_12988889,123
0.04363039285714285,bp_tard,6,taylor,results/learning_rules/resnet18_cifar100/resnet18_cifar100_bp_tard_w0p35_lam0p3_e100_20260515_013006_12988889,123
0.018826429618768327,bp_tard,6,chip,results/learning_rules/resnet18_cifar100/resnet18_cifar100_bp_tard_w0p35_lam0p3_e100_20260515_013006_12988889,123
0.042750211565585325,bp_tard,6,composite,results/learning_rules/resnet18_cifar100/resnet18_cifar100_bp_tard_w0p35_lam0p3_e100_20260515_013006_12988889,123
0.07192482369534556,bp_tard,6,cluster_aware,results/learning_rules/resnet18_cifar100/resnet18_cifar100_bp_tard_w0p35_lam0p3_e100_20260515_013006_12988889,123
0.03505620961952619,bp_tard,6,cap_ixy_hybrid_taylor,results/learning_rules/resnet18_cifar100/resnet18_cifar100_bp_tard_w0p35_lam0p3_e100_20260515_013006_12988889,123
0.14227932519741565,bp_tard,6,composite_twoaxis_ixy_hybrid_taylor,results/learning_rules/resnet18_cifar100/resnet18_cifar100_bp_tard_w0p35_lam0p3_e100_20260515_013006_12988889,123
0.11538201722900215,bp_tard,6,cluster_aware_stratified_twoaxis_adaptive_ixy_hybrid_taylor,results/learning_rules/resnet18_cifar100/resnet18_cifar100_bp_tard_w0p35_lam0p3_e100_20260515_013006_12988889,123
0.01637134909596662,bp_tard,6,random,results/learning_rules/resnet18_cifar100/resnet18_cifar100_bp_tard_w0p35_lam0p3_e100_20260515_171434_13121609,456
0.04571702898550726,bp_tard,6,magnitude,results/learning_rules/resnet18_cifar100/resnet18_cifar100_bp_tard_w0p35_lam0p3_e100_20260515_171434_13121609,456
0.0355876512455516,bp_tard,6,taylor,results/learning_rules/resnet18_cifar100/resnet18_cifar100_bp_tard_w0p35_lam0p3_e100_20260515_171434_13121609,456
0.019508247800586513,bp_tard,6,chip,results/learning_rules/resnet18_cifar100/resnet18_cifar100_bp_tard_w0p35_lam0p3_e100_20260515_171434_13121609,456
0.033788881069669235,bp_tard,6,composite,results/learning_rules/resnet18_cifar100/resnet18_cifar100_bp_tard_w0p35_lam0p3_e100_20260515_171434_13121609,456
0.06328551236749116,bp_tard,6,cluster_aware,results/learning_rules/resnet18_cifar100/resnet18_cifar100_bp_tard_w0p35_lam0p3_e100_20260515_171434_13121609,456
0.07021702355460385,bp_tard,6,cap_ixy_hybrid_taylor,results/learning_rules/resnet18_cifar100/resnet18_cifar100_bp_tard_w0p35_lam0p3_e100_20260515_171434_13121609,456
0.15687687366167025,bp_tard,6,composite_twoaxis_ixy_hybrid_taylor,results/learning_rules/resnet18_cifar100/resnet18_cifar100_bp_tard_w0p35_lam0p3_e100_20260515_171434_13121609,456
0.10882637401855816,bp_tard,6,cluster_aware_stratified_twoaxis_adaptive_ixy_hybrid_taylor,results/learning_rules/resnet18_cifar100/resnet18_cifar100_bp_tard_w0p35_lam0p3_e100_20260515_171434_13121609,456
0.02929641614474599,bp_tard,6,random,results/learning_rules/resnet18_cifar100/resnet18_cifar100_bp_tard_w0p35_lam0p3_e100_20260515_171709_13121610,789
0.03025583756345177,bp_tard,6,magnitude,results/learning_rules/resnet18_cifar100/resnet18_cifar100_bp_tard_w0p35_lam0p3_e100_20260515_171709_13121610,789
0.03453240938166312,bp_tard,6,taylor,results/learning_rules/resnet18_cifar100/resnet18_cifar100_bp_tard_w0p35_lam0p3_e100_20260515_171709_13121610,789
0.021147248716067494,bp_tard,6,chip,results/learning_rules/resnet18_cifar100/resnet18_cifar100_bp_tard_w0p35_lam0p3_e100_20260515_171709_13121610,789
0.02362229965156794,bp_tard,6,composite,results/learning_rules/resnet18_cifar100/resnet18_cifar100_bp_tard_w0p35_lam0p3_e100_20260515_171709_13121610,789
0.037346881569726695,bp_tard,6,cluster_aware,results/learning_rules/resnet18_cifar100/resnet18_cifar100_bp_tard_w0p35_lam0p3_e100_20260515_171709_13121610,789
0.09574113879003558,bp_tard,6,cap_ixy_hybrid_taylor,results/learning_rules/resnet18_cifar100/resnet18_cifar100_bp_tard_w0p35_lam0p3_e100_20260515_171709_13121610,789
0.15324007117437718,bp_tard,6,composite_twoaxis_ixy_hybrid_taylor,results/learning_rules/resnet18_cifar100/resnet18_cifar100_bp_tard_w0p35_lam0p3_e100_20260515_171709_13121610,789
0.1502918505338078,bp_tard,6,cluster_aware_stratified_twoaxis_adaptive_ixy_hybrid_taylor,results/learning_rules/resnet18_cifar100/resnet18_cifar100_bp_tard_w0p35_lam0p3_e100_20260515_171709_13121610,789
0.026039308176100624,bp_tard,6,random,results/learning_rules/resnet18_cifar100/resnet18_cifar100_bp_tard_w0p35_lam0p3_e100_20260515_171714_13121611,1011
0.03303212735166425,bp_tard,6,magnitude,results/learning_rules/resnet18_cifar100/resnet18_cifar100_bp_tard_w0p35_lam0p3_e100_20260515_171714_13121611,1011
0.03012468039772727,bp_tard,6,taylor,results/learning_rules/resnet18_cifar100/resnet18_cifar100_bp_tard_w0p35_lam0p3_e100_20260515_171714_13121611,1011
0.020660322108345532,bp_tard,6,chip,results/learning_rules/resnet18_cifar100/resnet18_cifar100_bp_tard_w0p35_lam0p3_e100_20260515_171714_13121611,1011
0.05506355932203389,bp_tard,6,composite,results/learning_rules/resnet18_cifar100/resnet18_cifar100_bp_tard_w0p35_lam0p3_e100_20260515_171714_13121611,1011
0.07254255319148935,bp_tard,6,cluster_aware,results/learning_rules/resnet18_cifar100/resnet18_cifar100_bp_tard_w0p35_lam0p3_e100_20260515_171714_13121611,1011
0.11752613475177304,bp_tard,6,cap_ixy_hybrid_taylor,results/learning_rules/resnet18_cifar100/resnet18_cifar100_bp_tard_w0p35_lam0p3_e100_20260515_171714_13121611,1011
0.14960847517730494,bp_tard,6,composite_twoaxis_ixy_hybrid_taylor,results/learning_rules/resnet18_cifar100/resnet18_cifar100_bp_tard_w0p35_lam0p3_e100_20260515_171714_13121611,1011
0.12394407801418436,bp_tard,6,cluster_aware_stratified_twoaxis_adaptive_ixy_hybrid_taylor,results/learning_rules/resnet18_cifar100/resnet18_cifar100_bp_tard_w0p35_lam0p3_e100_20260515_171714_13121611,1011
0.031686294945283994,bp_tard,6,random,results/learning_rules/resnet18_cifar100/resnet18_cifar100_bp_tard_w0p5_lam0p1_e100_20260515_005021_12988882,42
0.04006965742251223,bp_tard,6,magnitude,results/learning_rules/resnet18_cifar100/resnet18_cifar100_bp_tard_w0p5_lam0p1_e100_20260515_005021_12988882,42
0.040560021321961626,bp_tard,6,taylor,results/learning_rules/resnet18_cifar100/resnet18_cifar100_bp_tard_w0p5_lam0p1_e100_20260515_005021_12988882,42
0.026822249724972495,bp_tard,6,chip,results/learning_rules/resnet18_cifar100/resnet18_cifar100_bp_tard_w0p5_lam0p1_e100_20260515_005021_12988882,42
0.03756023145712782,bp_tard,6,composite,results/learning_rules/resnet18_cifar100/resnet18_cifar100_bp_tard_w0p5_lam0p1_e100_20260515_005021_12988882,42
0.04878288431061806,bp_tard,6,cluster_aware,results/learning_rules/resnet18_cifar100/resnet18_cifar100_bp_tard_w0p5_lam0p1_e100_20260515_005021_12988882,42
0.08387507995735607,bp_tard,6,cap_ixy_hybrid_taylor,results/learning_rules/resnet18_cifar100/resnet18_cifar100_bp_tard_w0p5_lam0p1_e100_20260515_005021_12988882,42
0.17894053837953092,bp_tard,6,composite_twoaxis_ixy_hybrid_taylor,results/learning_rules/resnet18_cifar100/resnet18_cifar100_bp_tard_w0p5_lam0p1_e100_20260515_005021_12988882,42
0.16171058102345412,bp_tard,6,cluster_aware_stratified_twoaxis_adaptive_ixy_hybrid_taylor,results/learning_rules/resnet18_cifar100/resnet18_cifar100_bp_tard_w0p5_lam0p1_e100_20260515_005021_12988882,42
0.022419405320813768,bp_tard,6,random,results/learning_rules/resnet18_cifar100/resnet18_cifar100_bp_tard_w0p5_lam0p1_e100_20260515_005205_12988883,123
0.03176333514394351,bp_tard,6,magnitude,results/learning_rules/resnet18_cifar100/resnet18_cifar100_bp_tard_w0p5_lam0p1_e100_20260515_005205_12988883,123
0.039335476956055736,bp_tard,6,taylor,results/learning_rules/resnet18_cifar100/resnet18_cifar100_bp_tard_w0p5_lam0p1_e100_20260515_005205_12988883,123
0.03190126373626374,bp_tard,6,chip,results/learning_rules/resnet18_cifar100/resnet18_cifar100_bp_tard_w0p5_lam0p1_e100_20260515_005205_12988883,123
0.04334040296924708,bp_tard,6,composite,results/learning_rules/resnet18_cifar100/resnet18_cifar100_bp_tard_w0p5_lam0p1_e100_20260515_005205_12988883,123
0.07518482996811901,bp_tard,6,cluster_aware,results/learning_rules/resnet18_cifar100/resnet18_cifar100_bp_tard_w0p5_lam0p1_e100_20260515_005205_12988883,123
0.11826822079314041,bp_tard,6,cap_ixy_hybrid_taylor,results/learning_rules/resnet18_cifar100/resnet18_cifar100_bp_tard_w0p5_lam0p1_e100_20260515_005205_12988883,123
0.18367842979635587,bp_tard,6,composite_twoaxis_ixy_hybrid_taylor,results/learning_rules/resnet18_cifar100/resnet18_cifar100_bp_tard_w0p5_lam0p1_e100_20260515_005205_12988883,123
0.1502824758842444,bp_tard,6,cluster_aware_stratified_twoaxis_adaptive_ixy_hybrid_taylor,results/learning_rules/resnet18_cifar100/resnet18_cifar100_bp_tard_w0p5_lam0p1_e100_20260515_005205_12988883,123
0.03458780614903594,bp_tard,6,random,results/learning_rules/resnet18_cifar100/resnet18_cifar100_bp_tard_w0p5_lam0p3_e100_20260515_010853_12988886,42
0.03033811074918567,bp_tard,6,magnitude,results/learning_rules/resnet18_cifar100/resnet18_cifar100_bp_tard_w0p5_lam0p3_e100_20260515_010853_12988886,42
0.052153786666666674,bp_tard,6,taylor,results/learning_rules/resnet18_cifar100/resnet18_cifar100_bp_tard_w0p5_lam0p3_e100_20260515_010853_12988886,42
0.02862288461538461,bp_tard,6,chip,results/learning_rules/resnet18_cifar100/resnet18_cifar100_bp_tard_w0p5_lam0p3_e100_20260515_010853_12988886,42
0.037939171473518614,bp_tard,6,composite,results/learning_rules/resnet18_cifar100/resnet18_cifar100_bp_tard_w0p5_lam0p3_e100_20260515_010853_12988886,42
0.057962065331928325,bp_tard,6,cluster_aware,results/learning_rules/resnet18_cifar100/resnet18_cifar100_bp_tard_w0p5_lam0p3_e100_20260515_010853_12988886,42
0.07428866666666666,bp_tard,6,cap_ixy_hybrid_taylor,results/learning_rules/resnet18_cifar100/resnet18_cifar100_bp_tard_w0p5_lam0p3_e100_20260515_010853_12988886,42
0.20227440000000002,bp_tard,6,composite_twoaxis_ixy_hybrid_taylor,results/learning_rules/resnet18_cifar100/resnet18_cifar100_bp_tard_w0p5_lam0p3_e100_20260515_010853_12988886,42
0.1696757866666667,bp_tard,6,cluster_aware_stratified_twoaxis_adaptive_ixy_hybrid_taylor,results/learning_rules/resnet18_cifar100/resnet18_cifar100_bp_tard_w0p5_lam0p3_e100_20260515_010853_12988886,42
0.020716744913928012,bp_tard,6,random,results/learning_rules/resnet18_cifar100/resnet18_cifar100_bp_tard_w0p5_lam0p3_e100_20260515_011204_12988887,123
0.038499891126837237,bp_tard,6,magnitude,results/learning_rules/resnet18_cifar100/resnet18_cifar100_bp_tard_w0p5_lam0p3_e100_20260515_011204_12988887,123
0.04446934968017057,bp_tard,6,taylor,results/learning_rules/resnet18_cifar100/resnet18_cifar100_bp_tard_w0p5_lam0p3_e100_20260515_011204_12988887,123
0.03582417672886937,bp_tard,6,chip,results/learning_rules/resnet18_cifar100/resnet18_cifar100_bp_tard_w0p5_lam0p3_e100_20260515_011204_12988887,123
0.05656203605514316,bp_tard,6,composite,results/learning_rules/resnet18_cifar100/resnet18_cifar100_bp_tard_w0p5_lam0p3_e100_20260515_011204_12988887,123
0.08306145281018026,bp_tard,6,cluster_aware,results/learning_rules/resnet18_cifar100/resnet18_cifar100_bp_tard_w0p5_lam0p3_e100_20260515_011204_12988887,123
0.11917550639658848,bp_tard,6,cap_ixy_hybrid_taylor,results/learning_rules/resnet18_cifar100/resnet18_cifar100_bp_tard_w0p5_lam0p3_e100_20260515_011204_12988887,123
0.18661271321961626,bp_tard,6,composite_twoaxis_ixy_hybrid_taylor,results/learning_rules/resnet18_cifar100/resnet18_cifar100_bp_tard_w0p5_lam0p3_e100_20260515_011204_12988887,123
0.1517317697228145,bp_tard,6,cluster_aware_stratified_twoaxis_adaptive_ixy_hybrid_taylor,results/learning_rules/resnet18_cifar100/resnet18_cifar100_bp_tard_w0p5_lam0p3_e100_20260515_011204_12988887,123
0.021743616466909844,bp_tard,6,random,results/learning_rules/resnet18_cifar100/resnet18_cifar100_bp_tard_w0p5_lam0p3_e100_20260515_172112_13121612,456
0.043713275299238304,bp_tard,6,magnitude,results/learning_rules/resnet18_cifar100/resnet18_cifar100_bp_tard_w0p5_lam0p3_e100_20260515_172112_13121612,456
0.04984736562001064,bp_tard,6,taylor,results/learning_rules/resnet18_cifar100/resnet18_cifar100_bp_tard_w0p5_lam0p3_e100_20260515_172112_13121612,456
0.02921030219780219,bp_tard,6,chip,results/learning_rules/resnet18_cifar100/resnet18_cifar100_bp_tard_w0p5_lam0p3_e100_20260515_172112_13121612,456
0.04570393700787401,bp_tard,6,composite,results/learning_rules/resnet18_cifar100/resnet18_cifar100_bp_tard_w0p5_lam0p3_e100_20260515_172112_13121612,456
0.08014073684210525,bp_tard,6,cluster_aware,results/learning_rules/resnet18_cifar100/resnet18_cifar100_bp_tard_w0p5_lam0p3_e100_20260515_172112_13121612,456
0.13645093134646086,bp_tard,6,cap_ixy_hybrid_taylor,results/learning_rules/resnet18_cifar100/resnet18_cifar100_bp_tard_w0p5_lam0p3_e100_20260515_172112_13121612,456
0.18656261309207023,bp_tard,6,composite_twoaxis_ixy_hybrid_taylor,results/learning_rules/resnet18_cifar100/resnet18_cifar100_bp_tard_w0p5_lam0p3_e100_20260515_172112_13121612,456
0.1757061202767429,bp_tard,6,cluster_aware_stratified_twoaxis_adaptive_ixy_hybrid_taylor,results/learning_rules/resnet18_cifar100/resnet18_cifar100_bp_tard_w0p5_lam0p3_e100_20260515_172112_13121612,456
0.042062597809076674,bp_tard,6,random,results/learning_rules/resnet18_cifar100/resnet18_cifar100_bp_tard_w0p5_lam0p3_e100_20260515_173123_13121613,789
0.024094834148994018,bp_tard,6,magnitude,results/learning_rules/resnet18_cifar100/resnet18_cifar100_bp_tard_w0p5_lam0p3_e100_20260515_173123_13121613,789
0.04218862786972771,bp_tard,6,taylor,results/learning_rules/resnet18_cifar100/resnet18_cifar100_bp_tard_w0p5_lam0p3_e100_20260515_173123_13121613,789
0.017573296703296704,bp_tard,6,chip,results/learning_rules/resnet18_cifar100/resnet18_cifar100_bp_tard_w0p5_lam0p3_e100_20260515_173123_13121613,789
0.03215470650449498,bp_tard,6,composite,results/learning_rules/resnet18_cifar100/resnet18_cifar100_bp_tard_w0p5_lam0p3_e100_20260515_173123_13121613,789
0.06601686970338982,bp_tard,6,cluster_aware,results/learning_rules/resnet18_cifar100/resnet18_cifar100_bp_tard_w0p5_lam0p3_e100_20260515_173123_13121613,789
0.08503598505072078,bp_tard,6,cap_ixy_hybrid_taylor,results/learning_rules/resnet18_cifar100/resnet18_cifar100_bp_tard_w0p5_lam0p3_e100_20260515_173123_13121613,789
0.18773940202883077,bp_tard,6,composite_twoaxis_ixy_hybrid_taylor,results/learning_rules/resnet18_cifar100/resnet18_cifar100_bp_tard_w0p5_lam0p3_e100_20260515_173123_13121613,789
0.17576326748531765,bp_tard,6,cluster_aware_stratified_twoaxis_adaptive_ixy_hybrid_taylor,results/learning_rules/resnet18_cifar100/resnet18_cifar100_bp_tard_w0p5_lam0p3_e100_20260515_173123_13121613,789
0.0281255230125523,bp_tard,6,random,results/learning_rules/resnet18_cifar100/resnet18_cifar100_bp_tard_w0p5_lam0p3_e100_20260515_174817_13121614,1011
0.033272334058759526,bp_tard,6,magnitude,results/learning_rules/resnet18_cifar100/resnet18_cifar100_bp_tard_w0p5_lam0p3_e100_20260515_174817_13121614,1011
0.041621405750798715,bp_tard,6,taylor,results/learning_rules/resnet18_cifar100/resnet18_cifar100_bp_tard_w0p5_lam0p3_e100_20260515_174817_13121614,1011
0.03054958791208791,bp_tard,6,chip,results/learning_rules/resnet18_cifar100/resnet18_cifar100_bp_tard_w0p5_lam0p3_e100_20260515_174817_13121614,1011
0.037168858495528666,bp_tard,6,composite,results/learning_rules/resnet18_cifar100/resnet18_cifar100_bp_tard_w0p5_lam0p3_e100_20260515_174817_13121614,1011
0.08240517423442449,bp_tard,6,cluster_aware,results/learning_rules/resnet18_cifar100/resnet18_cifar100_bp_tard_w0p5_lam0p3_e100_20260515_174817_13121614,1011
0.08907774227902024,bp_tard,6,cap_ixy_hybrid_taylor,results/learning_rules/resnet18_cifar100/resnet18_cifar100_bp_tard_w0p5_lam0p3_e100_20260515_174817_13121614,1011
0.15843117678381258,bp_tard,6,composite_twoaxis_ixy_hybrid_taylor,results/learning_rules/resnet18_cifar100/resnet18_cifar100_bp_tard_w0p5_lam0p3_e100_20260515_174817_13121614,1011
0.1447422790202343,bp_tard,6,cluster_aware_stratified_twoaxis_adaptive_ixy_hybrid_taylor,results/learning_rules/resnet18_cifar100/resnet18_cifar100_bp_tard_w0p5_lam0p3_e100_20260515_174817_13121614,1011
0.016466990965948572,bp_tard,6,random,results/learning_rules/resnet18_cifar100/resnet18_cifar100_bp_tard_xlayer_w0p35_lam0p3_e100_20260516_080922_13121676,42
0.024908001448225928,bp_tard,6,magnitude,results/learning_rules/resnet18_cifar100/resnet18_cifar100_bp_tard_xlayer_w0p35_lam0p3_e100_20260516_080922_13121676,42
0.03280156695156695,bp_tard,6,taylor,results/learning_rules/resnet18_cifar100/resnet18_cifar100_bp_tard_xlayer_w0p35_lam0p3_e100_20260516_080922_13121676,42
0.020095168374816983,bp_tard,6,chip,results/learning_rules/resnet18_cifar100/resnet18_cifar100_bp_tard_xlayer_w0p35_lam0p3_e100_20260516_080922_13121676,42
0.029023157894736838,bp_tard,6,composite,results/learning_rules/resnet18_cifar100/resnet18_cifar100_bp_tard_xlayer_w0p35_lam0p3_e100_20260516_080922_13121676,42
0.06417598591549295,bp_tard,6,cluster_aware,results/learning_rules/resnet18_cifar100/resnet18_cifar100_bp_tard_xlayer_w0p35_lam0p3_e100_20260516_080922_13121676,42
0.11056710714285713,bp_tard,6,cap_ixy_hybrid_taylor,results/learning_rules/resnet18_cifar100/resnet18_cifar100_bp_tard_xlayer_w0p35_lam0p3_e100_20260516_080922_13121676,42
0.1363795,bp_tard,6,composite_twoaxis_ixy_hybrid_taylor,results/learning_rules/resnet18_cifar100/resnet18_cifar100_bp_tard_xlayer_w0p35_lam0p3_e100_20260516_080922_13121676,42
0.11761271428571425,bp_tard,6,cluster_aware_stratified_twoaxis_adaptive_ixy_hybrid_taylor,results/learning_rules/resnet18_cifar100/resnet18_cifar100_bp_tard_xlayer_w0p35_lam0p3_e100_20260516_080922_13121676,42
0.03248122392211405,bp_tard,6,random,results/learning_rules/resnet18_cifar100/resnet18_cifar100_bp_tard_xlayer_w0p35_lam0p3_e100_20260516_080923_13121678,456
0.034739681390296887,bp_tard,6,magnitude,results/learning_rules/resnet18_cifar100/resnet18_cifar100_bp_tard_xlayer_w0p35_lam0p3_e100_20260516_080923_13121678,456
0.03858668091168091,bp_tard,6,taylor,results/learning_rules/resnet18_cifar100/resnet18_cifar100_bp_tard_xlayer_w0p35_lam0p3_e100_20260516_080923_13121678,456
0.019618525311812178,bp_tard,6,chip,results/learning_rules/resnet18_cifar100/resnet18_cifar100_bp_tard_xlayer_w0p35_lam0p3_e100_20260516_080923_13121678,456
0.04942012667135819,bp_tard,6,composite,results/learning_rules/resnet18_cifar100/resnet18_cifar100_bp_tard_xlayer_w0p35_lam0p3_e100_20260516_080923_13121678,456
0.06546242083040112,bp_tard,6,cluster_aware,results/learning_rules/resnet18_cifar100/resnet18_cifar100_bp_tard_xlayer_w0p35_lam0p3_e100_20260516_080923_13121678,456
0.11532237312365974,bp_tard,6,cap_ixy_hybrid_taylor,results/learning_rules/resnet18_cifar100/resnet18_cifar100_bp_tard_xlayer_w0p35_lam0p3_e100_20260516_080923_13121678,456
0.15486751250893496,bp_tard,6,composite_twoaxis_ixy_hybrid_taylor,results/learning_rules/resnet18_cifar100/resnet18_cifar100_bp_tard_xlayer_w0p35_lam0p3_e100_20260516_080923_13121678,456
0.13397616154395997,bp_tard,6,cluster_aware_stratified_twoaxis_adaptive_ixy_hybrid_taylor,results/learning_rules/resnet18_cifar100/resnet18_cifar100_bp_tard_xlayer_w0p35_lam0p3_e100_20260516_080923_13121678,456
0.03051774530271399,bp_tard,6,random,results/learning_rules/resnet18_cifar100/resnet18_cifar100_bp_tard_xlayer_w0p35_lam0p3_e100_20260516_080925_13121677,123
0.02892268451519537,bp_tard,6,magnitude,results/learning_rules/resnet18_cifar100/resnet18_cifar100_bp_tard_xlayer_w0p35_lam0p3_e100_20260516_080925_13121677,123
0.03925410421127766,bp_tard,6,taylor,results/learning_rules/resnet18_cifar100/resnet18_cifar100_bp_tard_xlayer_w0p35_lam0p3_e100_20260516_080925_13121677,123
0.019333589743589747,bp_tard,6,chip,results/learning_rules/resnet18_cifar100/resnet18_cifar100_bp_tard_xlayer_w0p35_lam0p3_e100_20260516_080925_13121677,123
0.019163865546218486,bp_tard,6,composite,results/learning_rules/resnet18_cifar100/resnet18_cifar100_bp_tard_xlayer_w0p35_lam0p3_e100_20260516_080925_13121677,123
0.0591047083626142,bp_tard,6,cluster_aware,results/learning_rules/resnet18_cifar100/resnet18_cifar100_bp_tard_xlayer_w0p35_lam0p3_e100_20260516_080925_13121677,123
0.09705385989992851,bp_tard,6,cap_ixy_hybrid_taylor,results/learning_rules/resnet18_cifar100/resnet18_cifar100_bp_tard_xlayer_w0p35_lam0p3_e100_20260516_080925_13121677,123
0.15052144388849178,bp_tard,6,composite_twoaxis_ixy_hybrid_taylor,results/learning_rules/resnet18_cifar100/resnet18_cifar100_bp_tard_xlayer_w0p35_lam0p3_e100_20260516_080925_13121677,123
0.1430055754110079,bp_tard,6,cluster_aware_stratified_twoaxis_adaptive_ixy_hybrid_taylor,results/learning_rules/resnet18_cifar100/resnet18_cifar100_bp_tard_xlayer_w0p35_lam0p3_e100_20260516_080925_13121677,123
0.03368701095461658,bp_tard,6,random,results/learning_rules/resnet18_cifar100/resnet18_cifar100_bp_tard_xlayer_w0p5_lam0p3_e100_20260516_080923_13121680,123
0.023437438825448614,bp_tard,6,magnitude,results/learning_rules/resnet18_cifar100/resnet18_cifar100_bp_tard_xlayer_w0p5_lam0p3_e100_20260516_080923_13121680,123
0.04779499200852425,bp_tard,6,taylor,results/learning_rules/resnet18_cifar100/resnet18_cifar100_bp_tard_xlayer_w0p5_lam0p3_e100_20260516_080923_13121680,123
0.04541794942275976,bp_tard,6,chip,results/learning_rules/resnet18_cifar100/resnet18_cifar100_bp_tard_xlayer_w0p5_lam0p3_e100_20260516_080923_13121680,123
0.0455578947368421,bp_tard,6,composite,results/learning_rules/resnet18_cifar100/resnet18_cifar100_bp_tard_xlayer_w0p5_lam0p3_e100_20260516_080923_13121680,123
0.07547523709167543,bp_tard,6,cluster_aware,results/learning_rules/resnet18_cifar100/resnet18_cifar100_bp_tard_xlayer_w0p5_lam0p3_e100_20260516_080923_13121680,123
0.11685026638252534,bp_tard,6,cap_ixy_hybrid_taylor,results/learning_rules/resnet18_cifar100/resnet18_cifar100_bp_tard_xlayer_w0p5_lam0p3_e100_20260516_080923_13121680,123
0.1669354288758657,bp_tard,6,composite_twoaxis_ixy_hybrid_taylor,results/learning_rules/resnet18_cifar100/resnet18_cifar100_bp_tard_xlayer_w0p5_lam0p3_e100_20260516_080923_13121680,123
0.16764746936600958,bp_tard,6,cluster_aware_stratified_twoaxis_adaptive_ixy_hybrid_taylor,results/learning_rules/resnet18_cifar100/resnet18_cifar100_bp_tard_xlayer_w0p5_lam0p3_e100_20260516_080923_13121680,123
0.02051172485669619,bp_tard,6,random,results/learning_rules/resnet18_cifar100/resnet18_cifar100_bp_tard_xlayer_w0p5_lam0p3_e100_20260516_080924_13121679,42
0.03903949945593036,bp_tard,6,magnitude,results/learning_rules/resnet18_cifar100/resnet18_cifar100_bp_tard_xlayer_w0p5_lam0p3_e100_20260516_080924_13121679,42
0.04859273504273504,bp_tard,6,taylor,results/learning_rules/resnet18_cifar100/resnet18_cifar100_bp_tard_xlayer_w0p5_lam0p3_e100_20260516_080924_13121679,42
0.032913543956043956,bp_tard,6,chip,results/learning_rules/resnet18_cifar100/resnet18_cifar100_bp_tard_xlayer_w0p5_lam0p3_e100_20260516_080924_13121679,42
0.04718930256948086,bp_tard,6,composite,results/learning_rules/resnet18_cifar100/resnet18_cifar100_bp_tard_xlayer_w0p5_lam0p3_e100_20260516_080924_13121679,42
0.07122843601895734,bp_tard,6,cluster_aware,results/learning_rules/resnet18_cifar100/resnet18_cifar100_bp_tard_xlayer_w0p5_lam0p3_e100_20260516_080924_13121679,42
0.07387556089743591,bp_tard,6,cap_ixy_hybrid_taylor,results/learning_rules/resnet18_cifar100/resnet18_cifar100_bp_tard_xlayer_w0p5_lam0p3_e100_20260516_080924_13121679,42
0.15884815705128205,bp_tard,6,composite_twoaxis_ixy_hybrid_taylor,results/learning_rules/resnet18_cifar100/resnet18_cifar100_bp_tard_xlayer_w0p5_lam0p3_e100_20260516_080924_13121679,42
0.14302748397435894,bp_tard,6,cluster_aware_stratified_twoaxis_adaptive_ixy_hybrid_taylor,results/learning_rules/resnet18_cifar100/resnet18_cifar100_bp_tard_xlayer_w0p5_lam0p3_e100_20260516_080924_13121679,42
0.024570088587806148,bp_tard,6,random,results/learning_rules/resnet18_cifar100/resnet18_cifar100_bp_tard_xlayer_w0p5_lam0p3_e100_20260516_080935_13121681,456
0.03960130718954249,bp_tard,6,magnitude,results/learning_rules/resnet18_cifar100/resnet18_cifar100_bp_tard_xlayer_w0p5_lam0p3_e100_20260516_080935_13121681,456
0.0463272921108742,bp_tard,6,taylor,results/learning_rules/resnet18_cifar100/resnet18_cifar100_bp_tard_xlayer_w0p5_lam0p3_e100_20260516_080935_13121681,456
0.04033585941790225,bp_tard,6,chip,results/learning_rules/resnet18_cifar100/resnet18_cifar100_bp_tard_xlayer_w0p5_lam0p3_e100_20260516_080935_13121681,456
0.04455696202531645,bp_tard,6,composite,results/learning_rules/resnet18_cifar100/resnet18_cifar100_bp_tard_xlayer_w0p5_lam0p3_e100_20260516_080935_13121681,456
0.08169376979936643,bp_tard,6,cluster_aware,results/learning_rules/resnet18_cifar100/resnet18_cifar100_bp_tard_xlayer_w0p5_lam0p3_e100_20260516_080935_13121681,456
0.13901471215351813,bp_tard,6,cap_ixy_hybrid_taylor,results/learning_rules/resnet18_cifar100/resnet18_cifar100_bp_tard_xlayer_w0p5_lam0p3_e100_20260516_080935_13121681,456
0.17558033049040508,bp_tard,6,composite_twoaxis_ixy_hybrid_taylor,results/learning_rules/resnet18_cifar100/resnet18_cifar100_bp_tard_xlayer_w0p5_lam0p3_e100_20260516_080935_13121681,456
0.15737558635394452,bp_tard,6,cluster_aware_stratified_twoaxis_adaptive_ixy_hybrid_taylor,results/learning_rules/resnet18_cifar100/resnet18_cifar100_bp_tard_xlayer_w0p5_lam0p3_e100_20260516_080935_13121681,456
0.0511732221932795,bp_tard,6,random,results/learning_rules/resnet18_cifar100/resnet18_cifar100_bp_tard_xlayer_w1_lam0p3_e100_20260516_080957_13121683,42
0.04094347885032537,bp_tard,6,magnitude,results/learning_rules/resnet18_cifar100/resnet18_cifar100_bp_tard_xlayer_w1_lam0p3_e100_20260516_080957_13121683,42
0.07571606004250796,bp_tard,6,taylor,results/learning_rules/resnet18_cifar100/resnet18_cifar100_bp_tard_xlayer_w1_lam0p3_e100_20260516_080957_13121683,42
0.07041914951989024,bp_tard,6,chip,results/learning_rules/resnet18_cifar100/resnet18_cifar100_bp_tard_xlayer_w1_lam0p3_e100_20260516_080957_13121683,42
0.06736215076436479,bp_tard,6,composite,results/learning_rules/resnet18_cifar100/resnet18_cifar100_bp_tard_xlayer_w1_lam0p3_e100_20260516_080957_13121683,42
0.10388202959830864,bp_tard,6,cluster_aware,results/learning_rules/resnet18_cifar100/resnet18_cifar100_bp_tard_xlayer_w1_lam0p3_e100_20260516_080957_13121683,42
0.148275,bp_tard,6,cap_ixy_hybrid_taylor,results/learning_rules/resnet18_cifar100/resnet18_cifar100_bp_tard_xlayer_w1_lam0p3_e100_20260516_080957_13121683,42
0.20840858129649312,bp_tard,6,composite_twoaxis_ixy_hybrid_taylor,results/learning_rules/resnet18_cifar100/resnet18_cifar100_bp_tard_xlayer_w1_lam0p3_e100_20260516_080957_13121683,42
0.20307060308182784,bp_tard,6,cluster_aware_stratified_twoaxis_adaptive_ixy_hybrid_taylor,results/learning_rules/resnet18_cifar100/resnet18_cifar100_bp_tard_xlayer_w1_lam0p3_e100_20260516_080957_13121683,42
0.0653894243292524,bp_tard,6,random,results/learning_rules/resnet18_cifar100/resnet18_cifar100_bp_tard_xlayer_w1_lam0p3_e100_20260516_081149_13121684,123
0.050446466431095405,bp_tard,6,magnitude,results/learning_rules/resnet18_cifar100/resnet18_cifar100_bp_tard_xlayer_w1_lam0p3_e100_20260516_081149_13121684,123
0.06960765957446809,bp_tard,6,taylor,results/learning_rules/resnet18_cifar100/resnet18_cifar100_bp_tard_xlayer_w1_lam0p3_e100_20260516_081149_13121684,123
0.06571400164563905,bp_tard,6,chip,results/learning_rules/resnet18_cifar100/resnet18_cifar100_bp_tard_xlayer_w1_lam0p3_e100_20260516_081149_13121684,123
0.05485979543666404,bp_tard,6,composite,results/learning_rules/resnet18_cifar100/resnet18_cifar100_bp_tard_xlayer_w1_lam0p3_e100_20260516_081149_13121684,123
0.08402691802417236,bp_tard,6,cluster_aware,results/learning_rules/resnet18_cifar100/resnet18_cifar100_bp_tard_xlayer_w1_lam0p3_e100_20260516_081149_13121684,123
0.1622883244680851,bp_tard,6,cap_ixy_hybrid_taylor,results/learning_rules/resnet18_cifar100/resnet18_cifar100_bp_tard_xlayer_w1_lam0p3_e100_20260516_081149_13121684,123
0.2292109840425532,bp_tard,6,composite_twoaxis_ixy_hybrid_taylor,results/learning_rules/resnet18_cifar100/resnet18_cifar100_bp_tard_xlayer_w1_lam0p3_e100_20260516_081149_13121684,123
0.2087703723404255,bp_tard,6,cluster_aware_stratified_twoaxis_adaptive_ixy_hybrid_taylor,results/learning_rules/resnet18_cifar100/resnet18_cifar100_bp_tard_xlayer_w1_lam0p3_e100_20260516_081149_13121684,123
0.05341010943199584,bp_tard,6,random,results/learning_rules/resnet18_cifar100/resnet18_cifar100_bp_tard_xlayer_w1_lam0p3_e100_20260516_081546_13121685,456
0.03968121442125237,bp_tard,6,magnitude,results/learning_rules/resnet18_cifar100/resnet18_cifar100_bp_tard_xlayer_w1_lam0p3_e100_20260516_081546_13121685,456
0.07284732641660015,bp_tard,6,taylor,results/learning_rules/resnet18_cifar100/resnet18_cifar100_bp_tard_xlayer_w1_lam0p3_e100_20260516_081546_13121685,456
0.06897053742802302,bp_tard,6,chip,results/learning_rules/resnet18_cifar100/resnet18_cifar100_bp_tard_xlayer_w1_lam0p3_e100_20260516_081546_13121685,456
0.06722930441682093,bp_tard,6,composite,results/learning_rules/resnet18_cifar100/resnet18_cifar100_bp_tard_xlayer_w1_lam0p3_e100_20260516_081546_13121685,456
0.12659208422174836,bp_tard,6,cluster_aware,results/learning_rules/resnet18_cifar100/resnet18_cifar100_bp_tard_xlayer_w1_lam0p3_e100_20260516_081546_13121685,456
0.07006887470071826,bp_tard,6,cap_ixy_hybrid_taylor,results/learning_rules/resnet18_cifar100/resnet18_cifar100_bp_tard_xlayer_w1_lam0p3_e100_20260516_081546_13121685,456
0.20855905826017557,bp_tard,6,composite_twoaxis_ixy_hybrid_taylor,results/learning_rules/resnet18_cifar100/resnet18_cifar100_bp_tard_xlayer_w1_lam0p3_e100_20260516_081546_13121685,456
0.18493180367118908,bp_tard,6,cluster_aware_stratified_twoaxis_adaptive_ixy_hybrid_taylor,results/learning_rules/resnet18_cifar100/resnet18_cifar100_bp_tard_xlayer_w1_lam0p3_e100_20260516_081546_13121685,456
